"Código SIEX";"Código asociación";"NIF";"Razón social";"Detalle";"CA";Fecha de alta;Fecha de modificación;Fecha de baja
"1";"10400144";"B04030292";"PARAFRUTS SL";"Agrupaciones de Producción Integrada (APIs)";"ANDALUCÍA";26/12/2023;;
"2";"11100090";"B72321466";"AGROMARA SERVIOS TECNICOS S.L.U";"Agrupaciones de Producción Integrada (APIs)";"ANDALUCÍA";26/12/2023;;
"3";"10400068";"F04001152";"CASI, S.COOP.AND.";"Agrupaciones de Producción Integrada (APIs)";"ANDALUCÍA";26/12/2023;;
"4";"10400145";"F04001780";"CABASC, S.C.A.";"Agrupaciones de Producción Integrada (APIs)";"ANDALUCÍA";26/12/2023;;
"5";"10400158";"F04002275";"CAMPOSOL SOC. COOP.ANDALUZA";"Agrupaciones de Producción Integrada (APIs)";"ANDALUCÍA";26/12/2023;;
"6";"10400030";"F04005344";"API SAN ISIDRO LABRADOR S.C.A.";"Agrupaciones de Producción Integrada (APIs)";"ANDALUCÍA";26/12/2023;;
"7";"10400142";"F04006110";"EJIDOMAR S.C.A.";"Agrupaciones de Producción Integrada (APIs)";"ANDALUCÍA";26/12/2023;;
"8";"10400149";"F04008470";"HORTAMAR S.C.A.";"Agrupaciones de Producción Integrada (APIs)";"ANDALUCÍA";26/12/2023;;
"9";"10400074";"F04011375";"VICASOL, S.C.A.";"Agrupaciones de Producción Integrada (APIs)";"ANDALUCÍA";26/12/2023;;
"10";"10400146";"F04013462";"COHORSAN, S.C.A.";"Agrupaciones de Producción Integrada (APIs)";"ANDALUCÍA";26/12/2023;;
"11";"10400153";"F04026043";"S.A.T. LAS HORTICHUELAS";"Agrupaciones de Producción Integrada (APIs)";"ANDALUCÍA";26/12/2023;;
"12";"10400157";"F04034831";"SAT INVER N 6015";"Agrupaciones de Producción Integrada (APIs)";"ANDALUCÍA";26/12/2023;;
"13";"10400148";"F04043444";"S.A.T. FERVA / AL-0204";"Agrupaciones de Producción Integrada (APIs)";"ANDALUCÍA";26/12/2023;;
"14";"10400019";"F04047783";"COPROHNIJAR S.C.A.";"Agrupaciones de Producción Integrada (APIs)";"ANDALUCÍA";26/12/2023;;
"15";"10400163";"F04210399";"AGROIRIS SAT 9662";"Agrupaciones de Producción Integrada (APIs)";"ANDALUCÍA";26/12/2023;;
"16";"10400060";"F04212403";"NATURSUR, S.COOP.AND.";"Agrupaciones de Producción Integrada (APIs)";"ANDALUCÍA";26/12/2023;;
"17";"10400147";"F04261210";"DUNAMAR SAT";"Agrupaciones de Producción Integrada (APIs)";"ANDALUCÍA";26/12/2023;;
"18";"10400156";"F04307104";"API S.A.T. COSTADULCE";"Agrupaciones de Producción Integrada (APIs)";"ANDALUCÍA";26/12/2023;;
"19";"10400015";"F04323960";"S.A.T.  COSTAEJIDO";"Agrupaciones de Producción Integrada (APIs)";"ANDALUCÍA";26/12/2023;;
"20";"10400159";"F04354981";"NATURE CHOICE S.A.T.";"Agrupaciones de Producción Integrada (APIs)";"ANDALUCÍA";26/12/2023;;
"21";"10400143";"F04532339";"MURGIVERDE SCA";"Agrupaciones de Producción Integrada (APIs)";"ANDALUCÍA";26/12/2023;;
"22";"10400161";"F04863759";"API A.F.E., S.C.A.";"Agrupaciones de Producción Integrada (APIs)";"ANDALUCÍA";26/12/2023;;
"23";"12100242";"F05328257";"JUCAMP S.C.A.";"Agrupaciones de Producción Integrada (APIs)";"ANDALUCÍA";26/12/2023;;
"24";"11100014";"F11004694";"AGRUP.DE PRODUCCION INTEG.EL AGRO";"Agrupaciones de Producción Integrada (APIs)";"ANDALUCÍA";26/12/2023;;
"25";"11100076";"F11017936";"COOPERATIVA DEL CAMPO GUADIARO SCA";"Agrupaciones de Producción Integrada (APIs)";"ANDALUCÍA";26/12/2023;;
"26";"11100018";"F11479391";"CAMPO DE ROTA, S.C.A.";"Agrupaciones de Producción Integrada (APIs)";"ANDALUCÍA";26/12/2023;;
"27";"11400057";"F14011548";"OLIV. NTRA. SRA. DE LOS DESAMPARADOS SCA";"Agrupaciones de Producción Integrada (APIs)";"ANDALUCÍA";26/12/2023;;
"28";"11400016";"F14012314";"S.C.A. OLIVARERA PONTANENSE";"Agrupaciones de Producción Integrada (APIs)";"ANDALUCÍA";26/12/2023;;
"29";"11400014";"F14015168";"S.C.A. OLIVARERA NTRA. SRA. DE LA SALUD";"Agrupaciones de Producción Integrada (APIs)";"ANDALUCÍA";26/12/2023;;
"30";"11400006";"F14015622";"AGROPECUARIA SAN FCO. DE BORJA, S.C.A.";"Agrupaciones de Producción Integrada (APIs)";"ANDALUCÍA";26/12/2023;;
"31";"11400010";"F14016547";"COOP. VITIVINÍCOLA LA PURÍSIMA, S.C.A.";"Agrupaciones de Producción Integrada (APIs)";"ANDALUCÍA";26/12/2023;;
"32";"11400087";"F14018022";"S.C.A. VIRGEN DE LA TORRE";"Agrupaciones de Producción Integrada (APIs)";"ANDALUCÍA";26/12/2023;;
"33";"11400005";"F14615983";"S.A.T. OLEOPALMA";"Agrupaciones de Producción Integrada (APIs)";"ANDALUCÍA";26/12/2023;;
"34";"11400032";"F14803241";"S.C.A. ALMAZARAS DE LA SUBBETICA";"Agrupaciones de Producción Integrada (APIs)";"ANDALUCÍA";26/12/2023;;
"35";"11400033";"F14825343";"FEDEPROL CORDOBA, S.C.A. 2º GRADO";"Agrupaciones de Producción Integrada (APIs)";"ANDALUCÍA";26/12/2023;;
"36";"11800025";"F18004705";"COOP. Nª Sª DEL PILAR S.C.A.";"Agrupaciones de Producción Integrada (APIs)";"ANDALUCÍA";26/12/2023;;
"37";"11800011";"F18004887";"COOP. AGRÍCOLA SAN ISIDRO DE LOJA S.C.A.";"Agrupaciones de Producción Integrada (APIs)";"ANDALUCÍA";26/12/2023;;
"38";"11800036";"F18004986";"COOP AGRÍCOLA SAN FRANCISCO SCA";"Agrupaciones de Producción Integrada (APIs)";"ANDALUCÍA";26/12/2023;;
"39";"11800014";"F18006528";"S.C.A. SAN SEBASTIAN";"Agrupaciones de Producción Integrada (APIs)";"ANDALUCÍA";26/12/2023;;
"40";"11800046";"F18008292";"NTRA SRA DE LOS REMEDIOS CAMPOTÉJAR";"Agrupaciones de Producción Integrada (APIs)";"ANDALUCÍA";26/12/2023;;
"41";"11800015";"F18008482";"SCA Nª Sª  DE LOS REMEDIOS";"Agrupaciones de Producción Integrada (APIs)";"ANDALUCÍA";26/12/2023;;
"42";"11800050";"F18009241";"SCA NTRA. SRA. DEL ROSARIO";"Agrupaciones de Producción Integrada (APIs)";"ANDALUCÍA";26/12/2023;;
"43";"11800053";"F18009258";"SAN ANTONIO DE COGOLLOS VEGA S.C.A.";"Agrupaciones de Producción Integrada (APIs)";"ANDALUCÍA";26/12/2023;;
"44";"11800037";"F18009753";"SAN LORENZO S.C.A.";"Agrupaciones de Producción Integrada (APIs)";"ANDALUCÍA";26/12/2023;;
"45";"11800019";"F18010520";"SAN FRANCISCO DE ASIS DE MONTEFRIO, SCA";"Agrupaciones de Producción Integrada (APIs)";"ANDALUCÍA";26/12/2023;;
"46";"11800029";"F18013664";"EL GRUPO SOCIEDAD COOPERATIVA ANDALUZA";"Agrupaciones de Producción Integrada (APIs)";"ANDALUCÍA";26/12/2023;;
"47";"11800044";"F18024067";"S.C.A. DEL CAMPO SANTA MONICA DE PIÑAR";"Agrupaciones de Producción Integrada (APIs)";"ANDALUCÍA";26/12/2023;;
"48";"11800024";"F18027391";"NTRA SRA DEL ROSARIO S.C.A.";"Agrupaciones de Producción Integrada (APIs)";"ANDALUCÍA";26/12/2023;;
"49";"11800017";"F18061523";"CERRO GORDO S.C.A.";"Agrupaciones de Producción Integrada (APIs)";"ANDALUCÍA";26/12/2023;;
"50";"11800022";"F18322198";"ALMAZARA DE MONTILLANA S.C.A.";"Agrupaciones de Producción Integrada (APIs)";"ANDALUCÍA";26/12/2023;;
"51";"11800013";"F18473561";"TEMPLEOLIVA SCA";"Agrupaciones de Producción Integrada (APIs)";"ANDALUCÍA";26/12/2023;;
"52";"11800051";"F18572354";"ACEITES ALGARINEJO S.C.A";"Agrupaciones de Producción Integrada (APIs)";"ANDALUCÍA";26/12/2023;;
"53";"11800061";"F19578673";"oleomontes S.Coop.And";"Agrupaciones de Producción Integrada (APIs)";"ANDALUCÍA";26/12/2023;;
"54";"12100077";"F21004858";"S.C.A. NTRA. SRA. DE LA BELLA";"Agrupaciones de Producción Integrada (APIs)";"ANDALUCÍA";26/12/2023;;
"55";"12100093";"F21021183";"FRUTOS DEL CONDADO, S.C.A.";"Agrupaciones de Producción Integrada (APIs)";"ANDALUCÍA";26/12/2023;;
"56";"12100065";"F21030473";"SAT CONDADO DE HUELVA";"Agrupaciones de Producción Integrada (APIs)";"ANDALUCÍA";26/12/2023;;
"57";"12100097";"F21047329";"COOP AGRARIA HORT. DE CARTAYA, S.C.A.";"Agrupaciones de Producción Integrada (APIs)";"ANDALUCÍA";26/12/2023;;
"58";"12100054";"F21053343";"ARROYO GRANDE, S.C.A.";"Agrupaciones de Producción Integrada (APIs)";"ANDALUCÍA";26/12/2023;;
"59";"12100022";"F21057039";"MOGUER CUNA DE PLATERO, S.C.A.";"Agrupaciones de Producción Integrada (APIs)";"ANDALUCÍA";26/12/2023;;
"60";"12100026";"F21100458";"FRESAFLOR, S.C.A.";"Agrupaciones de Producción Integrada (APIs)";"ANDALUCÍA";26/12/2023;;
"61";"12100100";"F21273008";"ALFRUT S.A.T.";"Agrupaciones de Producción Integrada (APIs)";"ANDALUCÍA";26/12/2023;;
"62";"12100211";"F21284997";"INTER TERRA, S.A.T.";"Agrupaciones de Producción Integrada (APIs)";"ANDALUCÍA";26/12/2023;;
"63";"12100109";"F21310743";"COMERCIAL AGRICOLA LA RABIDA";"Agrupaciones de Producción Integrada (APIs)";"ANDALUCÍA";26/12/2023;;
"64";"12100067";"F21398128";"FRESPALOS, S.A.T.";"Agrupaciones de Producción Integrada (APIs)";"ANDALUCÍA";26/12/2023;;
"65";"12100243";"F21543715";"FRUTA DE ANDALUCIA, S.C.A.";"Agrupaciones de Producción Integrada (APIs)";"ANDALUCÍA";26/12/2023;;
"66";"12100177";"F21577978";"SABOR DE HUELVA, S.C.A.";"Agrupaciones de Producción Integrada (APIs)";"ANDALUCÍA";26/12/2023;;
"67";"12300042";"F23005168";"S.C.A. SAN ISIDRO (CASTILLO DE LOCUBÍN)";"Agrupaciones de Producción Integrada (APIs)";"ANDALUCÍA";26/12/2023;;
"68";"12300006";"F23005176";"S.C.A. UNIÓN DE ÚBEDA";"Agrupaciones de Producción Integrada (APIs)";"ANDALUCÍA";26/12/2023;;
"69";"12300094";"F23005564";"S.C.A. DEL CAMPO ""EL ALCAZAR""";"Agrupaciones de Producción Integrada (APIs)";"ANDALUCÍA";26/12/2023;;
"70";"12300040";"F23005606";"S.C.A. BEDMARENSE";"Agrupaciones de Producción Integrada (APIs)";"ANDALUCÍA";26/12/2023;;
"71";"12300043";"F23006463";"SCA VIRGEN DEL PERPETUO SOCORRO";"Agrupaciones de Producción Integrada (APIs)";"ANDALUCÍA";26/12/2023;;
"72";"12300011";"F23009046";"S.C.A. SAN ISIDRO";"Agrupaciones de Producción Integrada (APIs)";"ANDALUCÍA";26/12/2023;;
"73";"12300029";"F23010143";"S.C.A DEL CAMPO LA CARRERA";"Agrupaciones de Producción Integrada (APIs)";"ANDALUCÍA";26/12/2023;;
"74";"12300014";"F23200819";"UNIÓN DE CANENEROS SCA";"Agrupaciones de Producción Integrada (APIs)";"ANDALUCÍA";26/12/2023;;
"75";"12300086";"F23338270";"OLEOCAMPO SCA";"Agrupaciones de Producción Integrada (APIs)";"ANDALUCÍA";26/12/2023;;
"76";"12300015";"F23502800";"LA VEGA DE VILLANUEVA, S.C.A.";"Agrupaciones de Producción Integrada (APIs)";"ANDALUCÍA";26/12/2023;;
"77";"12300106";"F23791635";"S. COOP. AND. CIUDAD DE JAEN";"Agrupaciones de Producción Integrada (APIs)";"ANDALUCÍA";26/12/2023;;
"78";"12900037";"F29038908";"S. COOP. AND. VIRGEN DE LA OLIVA";"Agrupaciones de Producción Integrada (APIs)";"ANDALUCÍA";26/12/2023;;
"79";"12900017";"F29040623";"ALMENDRERA DEL SUR S.COOP.AND";"Agrupaciones de Producción Integrada (APIs)";"ANDALUCÍA";26/12/2023;;
"80";"11800068";"F29249018";"DCOOP S.COOP.AND";"Agrupaciones de Producción Integrada (APIs)";"ANDALUCÍA";26/12/2023;;
"81";"12900004";"F29634805";"LA PURISIMA CONCEPCION DE ALAMEDA S.C.A";"Agrupaciones de Producción Integrada (APIs)";"ANDALUCÍA";26/12/2023;;
"82";"14100013";"F41006115";"S.C.A. AGROPECUARIA INDUSTRIAL";"Agrupaciones de Producción Integrada (APIs)";"ANDALUCÍA";26/12/2023;;
"83";"14100167";"F41020611";"S.C.A. NTRA SRA DE LA FUENSANTA";"Agrupaciones de Producción Integrada (APIs)";"ANDALUCÍA";26/12/2023;;
"84";"14100047";"F41021320";"S.C.A. AGRARIA SAN LUIS";"Agrupaciones de Producción Integrada (APIs)";"ANDALUCÍA";26/12/2023;;
"85";"14100062";"F41021338";"S.C.A. DEL CAMPO SAN ROQUE";"Agrupaciones de Producción Integrada (APIs)";"ANDALUCÍA";26/12/2023;;
"86";"14100067";"F41021437";"S.C.A. NTRA SRA DEL ROSARIO";"Agrupaciones de Producción Integrada (APIs)";"ANDALUCÍA";26/12/2023;;
"87";"14100071";"F41021486";"S.C.A.SAN SEBASTIAN";"Agrupaciones de Producción Integrada (APIs)";"ANDALUCÍA";26/12/2023;;
"88";"14100009";"F41021544";"SCA PRODUCTORES DEL CAMPO";"Agrupaciones de Producción Integrada (APIs)";"ANDALUCÍA";26/12/2023;;
"89";"14100074";"F41027418";"OLIVARERA SOR ANGELA DE LA CRUZ S.C.A.";"Agrupaciones de Producción Integrada (APIs)";"ANDALUCÍA";26/12/2023;;
"90";"14100079";"F41027780";"OLIV. SAN JOSE DE LORA DE ESTEPA,S.C.A.";"Agrupaciones de Producción Integrada (APIs)";"ANDALUCÍA";26/12/2023;;
"91";"14100173";"F41028242";"OLIVARRERA SAN ISIDRO DE GILENA, S.C.A";"Agrupaciones de Producción Integrada (APIs)";"ANDALUCÍA";26/12/2023;;
"92";"14100022";"F41028580";"LAS PALMERAS, S. COOP. AND.";"Agrupaciones de Producción Integrada (APIs)";"ANDALUCÍA";26/12/2023;;
"93";"14100068";"F41028648";"SAT 1941 SANTA TERESA";"Agrupaciones de Producción Integrada (APIs)";"ANDALUCÍA";26/12/2023;;
"94";"14100129";"F41030099";"OLIVARERA SAN PLACIDO, S.C.A.";"Agrupaciones de Producción Integrada (APIs)";"ANDALUCÍA";26/12/2023;;
"95";"14100066";"F41047960";"S.C.A. NTRA SRA DE LA PAZ";"Agrupaciones de Producción Integrada (APIs)";"ANDALUCÍA";26/12/2023;;
"96";"14100050";"F41057464";"COESAGRO, S.C.A.";"Agrupaciones de Producción Integrada (APIs)";"ANDALUCÍA";26/12/2023;;
"97";"14100020";"F41074220";"LAS MARISMAS DE LEBRIJA S.C.A.";"Agrupaciones de Producción Integrada (APIs)";"ANDALUCÍA";26/12/2023;;
"98";"14100011";"F41107541";"TRAJANO, S.C.A.";"Agrupaciones de Producción Integrada (APIs)";"ANDALUCÍA";26/12/2023;;
"99";"14100159";"F41111659";"COOPERATIVA AGRICOLA DE PARADAS,S.C.A.";"Agrupaciones de Producción Integrada (APIs)";"ANDALUCÍA";26/12/2023;;
"100";"14100021";"F41211327";"LA CAMPIÑA DE LEBRIJA S.C.A.";"Agrupaciones de Producción Integrada (APIs)";"ANDALUCÍA";26/12/2023;;
"101";"14100023";"F41246877";"MARIBAÑEZ-ADRIANO  S.C.A";"Agrupaciones de Producción Integrada (APIs)";"ANDALUCÍA";26/12/2023;;
"102";"14100085";"F41538919";"MANCERA, S.C.A.";"Agrupaciones de Producción Integrada (APIs)";"ANDALUCÍA";26/12/2023;;
"103";"14100075";"F41567991";"COOPERATIVA OLIVARERA DE PEDRERA, SCA";"Agrupaciones de Producción Integrada (APIs)";"ANDALUCÍA";26/12/2023;;
"104";"14100194";"F41683962";"COOPERATIVA OLIVARERA DE CASARICHE SCA";"Agrupaciones de Producción Integrada (APIs)";"ANDALUCÍA";26/12/2023;;
"105";"14100065";"F41925439";"AGRICULTORES REUNIDOS CABECENSES S.C.A.";"Agrupaciones de Producción Integrada (APIs)";"ANDALUCÍA";26/12/2023;;
"106";"11100021";"F72197692";"NTRA. SRA. DE LOS REMEDIOS-PICASAT S.C.A";"Agrupaciones de Producción Integrada (APIs)";"ANDALUCÍA";26/12/2023;;
"107";"14100276";"F90463100";"OLEAND MANZANILLA OLIVE S.COOP.AND.";"Agrupaciones de Producción Integrada (APIs)";"ANDALUCÍA";26/12/2023;;
"108";"14100063";"F91051128";"ARBEQUISUR S.C.A.";"Agrupaciones de Producción Integrada (APIs)";"ANDALUCÍA";26/12/2023;;
"109";"14100175";"F91953976";"AGROJARA S.C.A.";"Agrupaciones de Producción Integrada (APIs)";"ANDALUCÍA";26/12/2023;;
"110";"12300120";"G02795540";"A.P.I. OLIVAR NTRA SRA DE LAS MERCEDES";"Agrupaciones de Producción Integrada (APIs)";"ANDALUCÍA";26/12/2023;;
"111";"11100008";"G11618071";"ASAJA CÁDIZ";"Agrupaciones de Producción Integrada (APIs)";"ANDALUCÍA";26/12/2023;;
"112";"11100009";"G11836145";"API COAG 1";"Agrupaciones de Producción Integrada (APIs)";"ANDALUCÍA";26/12/2023;;
"113";"11100073";"G11873494";"API TRIFERSA";"Agrupaciones de Producción Integrada (APIs)";"ANDALUCÍA";26/12/2023;;
"114";"11100080";"G11896198";"API DE JEREZ Y SU ENTORNO";"Agrupaciones de Producción Integrada (APIs)";"ANDALUCÍA";26/12/2023;;
"115";"11100079";"G11896206";"API DE LA CAMPIÑA GADITANA";"Agrupaciones de Producción Integrada (APIs)";"ANDALUCÍA";26/12/2023;;
"116";"11400009";"G14112940";"OPRACOL CORDOBA";"Agrupaciones de Producción Integrada (APIs)";"ANDALUCÍA";26/12/2023;;
"117";"11400003";"G14715601";"ASOC.AGR. DE PROD. DE ACEITUNA RIO GENIL";"Agrupaciones de Producción Integrada (APIs)";"ANDALUCÍA";26/12/2023;;
"118";"11400017";"G14745772";"API AGROCOTTON";"Agrupaciones de Producción Integrada (APIs)";"ANDALUCÍA";26/12/2023;;
"119";"11400021";"G14748438";"API DE ALGODON UPA-CÓRDOBA";"Agrupaciones de Producción Integrada (APIs)";"ANDALUCÍA";26/12/2023;;
"120";"11400047";"G14929145";"ASOC. FOMENTO OLIVAR SOSTENIBLE-ZAYTUM";"Agrupaciones de Producción Integrada (APIs)";"ANDALUCÍA";26/12/2023;;
"121";"11400043";"G14932016";"A.PRO.INTEGRADA TÉCNICA ANDALUCÍA CENTRO";"Agrupaciones de Producción Integrada (APIs)";"ANDALUCÍA";26/12/2023;;
"122";"11400039";"G14932529";"ASOCIACIÓN BALAM API";"Agrupaciones de Producción Integrada (APIs)";"ANDALUCÍA";26/12/2023;;
"123";"11400045";"G14939045";"ASOC. PRODUCCIÓN INTEGRADA EUROCÓRDOBA";"Agrupaciones de Producción Integrada (APIs)";"ANDALUCÍA";26/12/2023;;
"124";"11400049";"G14982649";"API EN OLIVAR DE LA SUBBETICA";"Agrupaciones de Producción Integrada (APIs)";"ANDALUCÍA";26/12/2023;;
"125";"14100200";"G14992655";"API DEL GUADALQUIVIR";"Agrupaciones de Producción Integrada (APIs)";"ANDALUCÍA";26/12/2023;;
"126";"11800052";"G18488189";"ASOC. ACEITES DE OLIVA DEL PONIENTE DE G";"Agrupaciones de Producción Integrada (APIs)";"ANDALUCÍA";26/12/2023;;
"127";"11800010";"G18728204";"OLEOSALAR GESTIÓN INTEGRADA";"Agrupaciones de Producción Integrada (APIs)";"ANDALUCÍA";26/12/2023;;
"128";"11800035";"G18861070";"API INNOVAOLIVA";"Agrupaciones de Producción Integrada (APIs)";"ANDALUCÍA";26/12/2023;;
"129";"11800047";"G18914432";"API INTER OLIVO";"Agrupaciones de Producción Integrada (APIs)";"ANDALUCÍA";26/12/2023;;
"130";"11800048";"G18919555";"APIOLIVA";"Agrupaciones de Producción Integrada (APIs)";"ANDALUCÍA";26/12/2023;;
"131";"12100121";"G21509310";"ASOCIACION DE AGRICULTORES LA SACA";"Agrupaciones de Producción Integrada (APIs)";"ANDALUCÍA";26/12/2023;;
"132";"12300035";"G23391139";"OPR ALCALA SIERRA FRAILES";"Agrupaciones de Producción Integrada (APIs)";"ANDALUCÍA";26/12/2023;;
"133";"12300010";"G23544141";"API ALTO GUADALQUIVIR";"Agrupaciones de Producción Integrada (APIs)";"ANDALUCÍA";26/12/2023;;
"134";"12300017";"G23564347";"ASOC PRODUCTORES DE ALGODON DE JAÉN";"Agrupaciones de Producción Integrada (APIs)";"ANDALUCÍA";26/12/2023;;
"135";"12300018";"G23565146";"AGRUPACION DE P.I. DE ANDALUCIA. ANDUJAR";"Agrupaciones de Producción Integrada (APIs)";"ANDALUCÍA";26/12/2023;;
"136";"12300033";"G23619505";"ASOCIACIÓN DE P.I ILITURGITANA";"Agrupaciones de Producción Integrada (APIs)";"ANDALUCÍA";26/12/2023;;
"137";"12300034";"G23621568";"ASOC. AGRARIA DE P.I. SIERRA MORENA";"Agrupaciones de Producción Integrada (APIs)";"ANDALUCÍA";26/12/2023;;
"138";"12300036";"G23630437";"ASOC API CONDADO II";"Agrupaciones de Producción Integrada (APIs)";"ANDALUCÍA";26/12/2023;;
"139";"12300037";"G23655236";"API CON DO SIERRA DE SEGURA";"Agrupaciones de Producción Integrada (APIs)";"ANDALUCÍA";26/12/2023;;
"140";"12300038";"G23668304";"A.PR.A.S.O.A.";"Agrupaciones de Producción Integrada (APIs)";"ANDALUCÍA";26/12/2023;;
"141";"12300041";"G23683766";"API PICUAL DE JAÉN";"Agrupaciones de Producción Integrada (APIs)";"ANDALUCÍA";26/12/2023;;
"142";"12300045";"G23688740";"API TORRECAMPILLO";"Agrupaciones de Producción Integrada (APIs)";"ANDALUCÍA";26/12/2023;;
"143";"12300052";"G23698954";"API ENTRE OLIVARES";"Agrupaciones de Producción Integrada (APIs)";"ANDALUCÍA";26/12/2023;;
"144";"12300053";"G23702939";"API-NUTESCA";"Agrupaciones de Producción Integrada (APIs)";"ANDALUCÍA";26/12/2023;;
"145";"11400050";"G23704604";"API CALIDAD Y NATURALEZA";"Agrupaciones de Producción Integrada (APIs)";"ANDALUCÍA";26/12/2023;;
"146";"12300064";"G23734759";"API OLIVARES DE CANENA";"Agrupaciones de Producción Integrada (APIs)";"ANDALUCÍA";26/12/2023;;
"147";"12300063";"G23736242";"API SIERRA DE LAS VILLAS";"Agrupaciones de Producción Integrada (APIs)";"ANDALUCÍA";26/12/2023;;
"148";"12300074";"G23753122";"API SIERRA SUR";"Agrupaciones de Producción Integrada (APIs)";"ANDALUCÍA";26/12/2023;;
"149";"12300075";"G23753833";"API PICUALIA";"Agrupaciones de Producción Integrada (APIs)";"ANDALUCÍA";26/12/2023;;
"150";"12300088";"G23769615";"ASOC. AGRARIA PROD. INTEGRADA PROJAEN";"Agrupaciones de Producción Integrada (APIs)";"ANDALUCÍA";26/12/2023;;
"151";"12300095";"G23781198";"API OLIVARES DE ARQUILLOS";"Agrupaciones de Producción Integrada (APIs)";"ANDALUCÍA";26/12/2023;;
"152";"12300107";"G23808249";"API ORO BAILEN";"Agrupaciones de Producción Integrada (APIs)";"ANDALUCÍA";26/12/2023;;
"153";"14100070";"G41262379";"FEDERACION DE ARROCEROS DE SEVILLA";"Agrupaciones de Producción Integrada (APIs)";"ANDALUCÍA";26/12/2023;;
"154";"12300127";"G67819938";"API OLIVAR TRADICIONAL";"Agrupaciones de Producción Integrada (APIs)";"ANDALUCÍA";26/12/2023;;
"155";"11100013";"G72021983";"ASOC. AGRICULTORES BAHIA DE CÁDIZ";"Agrupaciones de Producción Integrada (APIs)";"ANDALUCÍA";26/12/2023;;
"156";"14100186";"G90032319";"AGAMA BAJO GUADALQUIVIR";"Agrupaciones de Producción Integrada (APIs)";"ANDALUCÍA";26/12/2023;;
"157";"14100190";"G90036286";"API AGRO HERRERA MARINALEDA";"Agrupaciones de Producción Integrada (APIs)";"ANDALUCÍA";26/12/2023;;
"158";"14100204";"G90160151";"PRODUCCIÓN INTEGRADA OLEORIGEN";"Agrupaciones de Producción Integrada (APIs)";"ANDALUCÍA";26/12/2023;;
"159";"14100213";"G90189085";"API ECIJANA";"Agrupaciones de Producción Integrada (APIs)";"ANDALUCÍA";26/12/2023;;
"160";"14100214";"G90250127";"ATAGRI";"Agrupaciones de Producción Integrada (APIs)";"ANDALUCÍA";26/12/2023;;
"161";"14100265";"G90345513";"API AGROISLAGENIL";"Agrupaciones de Producción Integrada (APIs)";"ANDALUCÍA";26/12/2023;;
"162";"14100269";"G90409434";"ASOC. DE PRODUCCIÓN INTEGRADA LEBRISUR";"Agrupaciones de Producción Integrada (APIs)";"ANDALUCÍA";26/12/2023;;
"163";"14100282";"G90477712";"ARROCES SOSTENIBLES DE DOÑANA";"Agrupaciones de Producción Integrada (APIs)";"ANDALUCÍA";26/12/2023;;
"164";"14100281";"G90478355";"ASOCIACION AGROITALICA-PINZON";"Agrupaciones de Producción Integrada (APIs)";"ANDALUCÍA";26/12/2023;;
"165";"14100008";"G91434779";"ASOC. PRODUCCIÓN INTEGRADA EUROROSALES";"Agrupaciones de Producción Integrada (APIs)";"ANDALUCÍA";26/12/2023;;
"166";"11100007";"G91435388";"ASOC. DE PROD INTEGRADA EUROLASCABEZAS";"Agrupaciones de Producción Integrada (APIs)";"ANDALUCÍA";26/12/2023;;
"167";"14100007";"G91435701";"ASOC. DE PRODUCCIÓN INTEGRADA EUROECIJA";"Agrupaciones de Producción Integrada (APIs)";"ANDALUCÍA";26/12/2023;;
"168";"14100015";"G91439356";"PRODUCCIONES INTEGRADAS DE ANDALUCIA";"Agrupaciones de Producción Integrada (APIs)";"ANDALUCÍA";26/12/2023;;
"169";"14100014";"G91442012";"ASOCIACIÓN DE P.I. ""BAJO GUADALQUIVIR""";"Agrupaciones de Producción Integrada (APIs)";"ANDALUCÍA";26/12/2023;;
"170";"14100122";"G91508911";"ASOCIACION BETICA DE PRODUCCION INTEGRAD";"Agrupaciones de Producción Integrada (APIs)";"ANDALUCÍA";26/12/2023;;
"171";"14100087";"G91511147";"AGRO-ALGODON";"Agrupaciones de Producción Integrada (APIs)";"ANDALUCÍA";26/12/2023;;
"172";"14100121";"G91511568";"AGRUPACION  EL  RECLAMO";"Agrupaciones de Producción Integrada (APIs)";"ANDALUCÍA";26/12/2023;;
"173";"14100124";"G91511816";"APAGU";"Agrupaciones de Producción Integrada (APIs)";"ANDALUCÍA";26/12/2023;;
"174";"14100123";"G91513044";"ASOCIACION DE AGRICULTORES DE LEBRIJA";"Agrupaciones de Producción Integrada (APIs)";"ANDALUCÍA";26/12/2023;;
"175";"14100111";"G91514901";"API SAN ANTONIO DE ÉCIJA";"Agrupaciones de Producción Integrada (APIs)";"ANDALUCÍA";26/12/2023;;
"176";"14100125";"G91607507";"ASOCIACION DE P.I. VETA HERRADO";"Agrupaciones de Producción Integrada (APIs)";"ANDALUCÍA";26/12/2023;;
"177";"14100131";"G91609396";"A.P.I. LA RIBERA";"Agrupaciones de Producción Integrada (APIs)";"ANDALUCÍA";26/12/2023;;
"178";"14100146";"G91732388";"UNION PROFESIONAL DE ARROCEROS";"Agrupaciones de Producción Integrada (APIs)";"ANDALUCÍA";26/12/2023;;
"179";"14100156";"G91847491";"ASOCIACION AGRICOLA CHARENAS";"Agrupaciones de Producción Integrada (APIs)";"ANDALUCÍA";26/12/2023;;
"180";"14100193";"G91924779";"AGROAPI";"Agrupaciones de Producción Integrada (APIs)";"ANDALUCÍA";26/12/2023;;
"181";"14100182";"G91984187";"APICOLIVAR";"Agrupaciones de Producción Integrada (APIs)";"ANDALUCÍA";26/12/2023;;
"182";"14100179";"G91984682";"ASECOL";"Agrupaciones de Producción Integrada (APIs)";"ANDALUCÍA";26/12/2023;;
"183";"14100180";"G91985911";"ASOCIACION APIDA";"Agrupaciones de Producción Integrada (APIs)";"ANDALUCÍA";26/12/2023;;
"184";"14100181";"G91988089";"AGRUP. DE PRODUCCIÓN INTEGRADA GESAGON";"Agrupaciones de Producción Integrada (APIs)";"ANDALUCÍA";26/12/2023;;
"185";"14100177";"G91990168";"ASOCIACIÓN DE PROFESIONALES AGROPECUARIO";"Agrupaciones de Producción Integrada (APIs)";"ANDALUCÍA";26/12/2023;;
"186";"12900001";"G92592336";"ASOC. PRODUCCIÓN INTEGRADA DE ANTEQUERA";"Agrupaciones de Producción Integrada (APIs)";"ANDALUCÍA";26/12/2023;;
"187";"12900006";"G92821883";"ASOCIACION API LA CAMORRA";"Agrupaciones de Producción Integrada (APIs)";"ANDALUCÍA";26/12/2023;;
"188";"12900008";"G93103208";"ASOCIACCIÓN LOS OLIVILLOS";"Agrupaciones de Producción Integrada (APIs)";"ANDALUCÍA";26/12/2023;;
"189";"12900014";"G93204584";"ASOCIACIÓN DE AGRICULTORES EL ESQUIMO";"Agrupaciones de Producción Integrada (APIs)";"ANDALUCÍA";26/12/2023;;
"190";"12900012";"G93232981";"API VIÑA DE MALAGA";"Agrupaciones de Producción Integrada (APIs)";"ANDALUCÍA";26/12/2023;;
"191";"12900016";"G93368850";"ASOC. AGRICULT. OLIVICULTURA TECNIFICADA";"Agrupaciones de Producción Integrada (APIs)";"ANDALUCÍA";26/12/2023;;
"192";"12300009";"J23554991";"API CORTIJO GUADIANA S.C.";"Agrupaciones de Producción Integrada (APIs)";"ANDALUCÍA";26/12/2023;;
"193";"11400088";"Q1471007C";"CONSEJO REGULADOR D.O.P.MONTILLA-MORILES";"Agrupaciones de Producción Integrada (APIs)";"ANDALUCÍA";26/12/2023;;
"194";"10400150";"V04020533";"ACRENA SAT Nº 251";"Agrupaciones de Producción Integrada (APIs)";"ANDALUCÍA";26/12/2023;;
"195";"10400151";"V04188488";"INDASOL, S.A.T.";"Agrupaciones de Producción Integrada (APIs)";"ANDALUCÍA";26/12/2023;;
"196";"10400014";"V04258901";"GREENCOBI S.A.T.";"Agrupaciones de Producción Integrada (APIs)";"ANDALUCÍA";26/12/2023;;
"197";"10400155";"V04278586";"SAT HORTOFRUTICOLA MABE";"Agrupaciones de Producción Integrada (APIs)";"ANDALUCÍA";26/12/2023;;
"198";"10400154";"V04283032";"SAT COSTA DE NIJAR";"Agrupaciones de Producción Integrada (APIs)";"ANDALUCÍA";26/12/2023;;
"199";"10400152";"V04307666";"SAT AGROLEVANTE";"Agrupaciones de Producción Integrada (APIs)";"ANDALUCÍA";26/12/2023;;
"200";"10400022";"V04324323";"SAT EUROSOL";"Agrupaciones de Producción Integrada (APIs)";"ANDALUCÍA";26/12/2023;;
"201";"11400019";"V14061725";"AGRUP. CORDOBESA DE AGRICULT. S.A.T.5185";"Agrupaciones de Producción Integrada (APIs)";"ANDALUCÍA";26/12/2023;;
"202";"11400007";"V14511190";"OROBAENA, S.A.T.";"Agrupaciones de Producción Integrada (APIs)";"ANDALUCÍA";26/12/2023;;
"203";"11800055";"V18978064";"SAT CAMPOS DE GRANADA";"Agrupaciones de Producción Integrada (APIs)";"ANDALUCÍA";26/12/2023;;
"204";"12100154";"V21340302";"SAT H0023 BERRYNEST";"Agrupaciones de Producción Integrada (APIs)";"ANDALUCÍA";26/12/2023;;
"205";"11100016";"V72024540";"AGRUP. DE PRODUCCION INTEG.DEL ROSARIO";"Agrupaciones de Producción Integrada (APIs)";"ANDALUCÍA";26/12/2023;;
"206";"14100208";"V90188145";"AGRUPACIÓN DE ALGODONEROS R Y D";"Agrupaciones de Producción Integrada (APIs)";"ANDALUCÍA";26/12/2023;;
"207";"221102";"G22253728";"ATRIA VEGA CINCA";"ATRIA";"ARAGÓN";26/12/2023;;
"208";"221107";"G22320303";"CINCA-MONEGROS";"ATRIA";"ARAGÓN";26/12/2023;;
"209";"221110";"F22157424";"SAIDIFRUT S.C.L";"ATRIA";"ARAGÓN";26/12/2023;;
"210";"221115";"F22202295";"SAT ARYCA Nº9894 OP595";"ATRIA";"ARAGÓN";26/12/2023;;
"211";"221120";"G42880427";"CISTUS";"ATRIA";"ARAGÓN";26/12/2023;;
"212";"221121";"G67772301";"ATRIA LETCA";"ATRIA";"ARAGÓN";26/12/2023;;
"213";"221122";"F22199186";"VEGA FRUITS";"ATRIA";"ARAGÓN";26/12/2023;;
"214";"221189";"F22002851";"SOCIEDAD COOPERATIVA DEL CAMPO SAN MARCOS BINACETENSE";"ATRIA";"ARAGÓN";26/12/2023;;
"215";"221216";"V22400535";"S.A.T. EXCELSIOR";"ATRIA";"ARAGÓN";26/12/2023;;
"216";"221293";"F22007983";"AGROPECUARIA DEL CINCA, S.C.L.";"ATRIA";"ARAGÓN";26/12/2023;;
"217";"221303";"F22102859";"SAT Nº 8553 ALMENDRAS ALTO ARAGÓN";"ATRIA";"ARAGÓN";26/12/2023;;
"218";"221315";"G22394647";"CRISOLAR ASOCIACIÓN PARA TRATAMIENTOS INTEGRADOS EN AGRICULTURA ATRIA";"ATRIA";"ARAGÓN";26/12/2023;;
"219";"221415";"F22157580";"FITOAGRO S.CAL.";"ATRIA";"ARAGÓN";26/12/2023;;
"220";"224103";"G22105290";"ORGANIZACIÓN REGIONAL DE PRODUCTORES OLIVAREROS DE ARAGÓN (ORPO)";"ATRIA";"ARAGÓN";26/12/2023;;
"221";"225102";"F22007827";"SAT Nº 580 SECADERO DE CEREALES SANTIAGO";"ATRIA";"ARAGÓN";26/12/2023;;
"222";"225115";"G22109243";"ASOCIACIÓN GENERAL DE PRODUCTORES DE MAÍZ EN ESPAÑA INSTITUTO AGRÍCOLA Y GANADEROS ( AGPME-ITAGA)";"ATRIA";"ARAGÓN";26/12/2023;;
"223";"225205";"F22003875";"COOPERATIVA LOS MONEGROS DE SARIÑENA, S.C.L.";"ATRIA";"ARAGÓN";26/12/2023;;
"224";"225218";"F22002331";"VIRGEN DE LA CORONA";"ATRIA";"ARAGÓN";26/12/2023;;
"225";"225590";"F22004022";"SOCIEDAD COOPERATIVA INTERPROVINCIAL AGRÍCOLA Y GANADERA SANTA OROSIA";"ATRIA";"ARAGÓN";26/12/2023;;
"226";"225591";"F22002463";"SOCIEDAD COOPERATIVA LIMITADA AGRÍCOLA DE BARBASTRO";"ATRIA";"ARAGÓN";26/12/2023;;
"227";"225694";"F22030605";"USATA, S.C.L.";"ATRIA";"ARAGÓN";26/12/2023;;
"228";"226190";"G22110290";"ARROCEROS DE HUESCA";"ATRIA";"ARAGÓN";26/12/2023;;
"229";"226198";"F22184196";"ARROCERA DEL PIRINEO, S.C.L.";"ATRIA";"ARAGÓN";26/12/2023;;
"230";"228122";"F22002000";"SANTA LETICIA";"ATRIA";"ARAGÓN";26/12/2023;;
"231";"228218";"F22374052";"SUMMER FRUIT";"ATRIA";"ARAGÓN";26/12/2023;;
"232";"441204";"F44003101";"COOPERATIVA DEL CAMPO SAN MIGUEL";"ATRIA";"ARAGÓN";26/12/2023;;
"233";"441399";"F44004869";"LA CALANDINA, S.C.";"ATRIA";"ARAGÓN";26/12/2023;;
"234";"441404";"F44006450";"FRUTOS SECOS ALCAÑIZ S.COOP.LTDA";"ATRIA";"ARAGÓN";26/12/2023;;
"235";"441484";"F44003127";"COOPERATIVA DEL CAMPO Y CAJA RURAL SAN MIGUEL";"ATRIA";"ARAGÓN";26/12/2023;;
"236";"444106";"F44028793";"COOPERATIVA DE ACEITES DEL MATARRAÑA S.C.L";"ATRIA";"ARAGÓN";26/12/2023;;
"237";"445305";"F44002004";"SOCIEDAD COOPERATIVA DEL CAMPO NUESTRA SEÑORA DE LOS PUEYOS";"ATRIA";"ARAGÓN";26/12/2023;;
"238";"445790";"F44031896";"CEREALES TERUEL, S.C.";"ATRIA";"ARAGÓN";26/12/2023;;
"239";"501108";"G99209009";"ASOCIACION ATRIA NERTOBRIGA";"ATRIA";"ARAGÓN";26/12/2023;;
"240";"501109";"B50915776";"INTERLÁZARO, S.L.";"ATRIA";"ARAGÓN";26/12/2023;;
"241";"501116";"G99481277";"ATRIA MAR DE ARAGON";"ATRIA";"ARAGÓN";26/12/2023;;
"242";"501185";"G50136464";"ATRIA DE ÉPILA";"ATRIA";"ARAGÓN";26/12/2023;;
"243";"501186";"G50161876";"ATRIA DE FRUTICULTORES LA ALMUNIA-ALFAMÉN";"ATRIA";"ARAGÓN";26/12/2023;;
"244";"501191";"V50469675";"ATRIA AGRÍCOLA RÍO JALÓN";"ATRIA";"ARAGÓN";26/12/2023;;
"245";"501194";"F50464163";"FRUTÍCOLA BAJO ARAGONESA, S.C.";"ATRIA";"ARAGÓN";26/12/2023;;
"246";"501196";"F50158708";"LA CHIPRANESCA, S.C.L.";"ATRIA";"ARAGÓN";26/12/2023;;
"247";"501198";"B50561091";"FRUTARIA AGRICULTURA S.L.";"ATRIA";"ARAGÓN";26/12/2023;;
"248";"501201";"F50007780";"SOCIEDAD COOPERATIVA AGRÍCOLA SAN LORENZO";"ATRIA";"ARAGÓN";26/12/2023;;
"249";"501221";"V99438293";"ATRIA ALBICE";"ATRIA";"ARAGÓN";26/12/2023;;
"250";"501290";"F50019405";"SOCIEDAD COOPERATIVA AGRARIA SAN SEBASTIAN";"ATRIA";"ARAGÓN";26/12/2023;;
"251";"501291";"G50477959";"ATRIA DE RICLA";"ATRIA";"ARAGÓN";26/12/2023;;
"252";"501304";"G50993310";"ASOCIACIÓN EL COMPROMISO";"ATRIA";"ARAGÓN";26/12/2023;;
"253";"501499";"V50157510";"SAT 6793 AGRÍCOLA RÍO JALÓN";"ATRIA";"ARAGÓN";26/12/2023;;
"254";"501599";"F50801083";"ATRIA DE FRUTALES DE PARACUELLOS";"ATRIA";"ARAGÓN";26/12/2023;;
"255";"503101";"A50723089";"GRANDES VINOS Y VIÑEDOS, S.A.";"ATRIA";"ARAGÓN";26/12/2023;;
"256";"503103";"F50011345";"ATRIA DE VID SANTA ANA-NIÑO PERDIDO";"ATRIA";"ARAGÓN";26/12/2023;;
"257";"503104";"F50011048";"BODEGAS SAN VALERO SOCIEDAD COOPERATIVA";"ATRIA";"ARAGÓN";26/12/2023;;
"258";"503105";"F50011261";"SOCIEDAD COOPERATIVA DEL CAMPO SAN ALEJANDRO DE MIEDES";"ATRIA";"ARAGÓN";26/12/2023;;
"259";"503106";"F50011139";"COOPERATIVA DEL CAMPO SAN JUAN BAUTISTA";"ATRIA";"ARAGÓN";26/12/2023;;
"260";"503115";"F50019611";"SOCIEDAD COOPERATIVA VITIVINICOLA DE LONGARES";"ATRIA";"ARAGÓN";26/12/2023;;
"261";"503116";"F50011311";"BODEGAS PANIZA S.COOP.";"ATRIA";"ARAGÓN";26/12/2023;;
"262";"503118";"G99357998";"ATRIA CARIÑENA BELCHITE";"ATRIA";"ARAGÓN";26/12/2023;;
"263";"503119";"F50019116";"SOCIEDAD COOPERATIVA SAN GREGORIO";"ATRIA";"ARAGÓN";26/12/2023;;
"264";"503199";"F50019397";"CRIANZAS Y VIÑEDOS SANTO CRISTO SOCIEDAD COOPERATIVA";"ATRIA";"ARAGÓN";26/12/2023;;
"265";"503299";"F50010990";"SOCIEDAD COOPERATIVA LIMITADA AGRÍCOLA DE BORJA";"ATRIA";"ARAGÓN";26/12/2023;;
"266";"503399";"F50011253";"SANTO CRISTO DE MAGALLÓN, SOCIEDAD COOPERATIVA COMARCAL";"ATRIA";"ARAGÓN";26/12/2023;;
"267";"505106";"F50011469";"SOCIEDAD COOPERATIVA AGRARIA SAN LAMBERTO";"ATRIA";"ARAGÓN";26/12/2023;;
"268";"505107";"F50019637";"COOPERATIVA SANTÍSIMO CRISTO DE LA COLUMNA";"ATRIA";"ARAGÓN";26/12/2023;;
"269";"505118";"G99536807";"ATRIA BAJO GALLEGO";"ATRIA";"ARAGÓN";26/12/2023;;
"270";"505198";"F50019579";"SOCIEDAD COOPERATIVA AGRARIA SAN PEDRO";"ATRIA";"ARAGÓN";26/12/2023;;
"271";"505199";"F50019140";"SOCIEDAD COOPERATIVA AGRARIA  SAN MIGUEL DE FUENTES DE EBRO";"ATRIA";"ARAGÓN";26/12/2023;;
"272";"505207";"F50785914";"SERVICAMPO DEL EBRO, S.C.L.";"ATRIA";"ARAGÓN";26/12/2023;;
"273";"505396";"F50011352";"COOP. SAN JOSÉ";"ATRIA";"ARAGÓN";26/12/2023;;
"274";"505588";"F50011097";"COOPERATIVA DEL CAMPO VIRGEN DE LA OLIVA, S.C.L.";"ATRIA";"ARAGÓN";26/12/2023;;
"275";"505690";"F50011410";"COOPERATIVA DEL CAMPO SAN MIGUEL DE TAUSTE";"ATRIA";"ARAGÓN";26/12/2023;;
"276";"508115";"G99430936";"ATRIA LA VEGA";"ATRIA";"ARAGÓN";26/12/2023;;
"277";"508118";"G99532855";"BAJO ARAGÓN";"ATRIA";"ARAGÓN";26/12/2023;;
"278";"508215";"G99430928";"ATRIA EL BANCAL";"ATRIA";"ARAGÓN";26/12/2023;;
"279";;"F74337593";"CAMPOASTUR PRODUCTOS Y SERVICIOS SOC. COOP.-FABA";"ATRIA";"ASTURIAS";26/12/2023;;
"280";;"F74337593";"CAMPOASTUR PRODUCTOS Y SERVICIOS SOC. COOP.-MANZANO";"ATRIA";"ASTURIAS";26/12/2023;;
"281";;"G74068438";"ASOCIACIÓN VINO DE CALIDAD DE CANGAS";"ATRIA";"ASTURIAS";26/12/2023;;
"282";;"G74447079";"ASOCIACIÓN TRATAMIENTOS INTEGRADOS EN AGRICULTURA NATURBIA";"ATRIA";"ASTURIAS";26/12/2023;;
"283";;"G74323478";"ASOCIACIÓN ASTURIANA DE PRODUCTORES DE PEQUEÑOS FRUTOS";"ATRIA";"ASTURIAS";26/12/2023;;
"284";;"F46027322";"Soc. Coop. Mareny de Barraquetes, C.V. de Mareny de Barraquetes (Sueca)";"ATRIA";"COMUNIDAD VALENCIANA";26/12/2023;;
"285";;"F46051066";"Coop.  Agrícola ""Copuzol"" de Puçol";"ATRIA";"COMUNIDAD VALENCIANA";26/12/2023;;
"286";;"F46027314";"Coop. ""Unión Protectora"" de El Perelló (Sueca)";"ATRIA";"COMUNIDAD VALENCIANA";26/12/2023;;
"287";;"F46046397";"Coop. Agrícola  ""Nª Sª del Rebollet"" de Oliva";"ATRIA";"COMUNIDAD VALENCIANA";26/12/2023;;
"288";;"F46024014";"Coop.Agrícola ""San José Obrero"" de Albalat de la Ribera";"ATRIA";"COMUNIDAD VALENCIANA";26/12/2023;;
"289";;"F46024436";"Coop. Agrícola de Alginet";"ATRIA";"COMUNIDAD VALENCIANA";26/12/2023;;
"290";;"F46024469";"Coop. Agrícola y Ganadera de Almussafes";"ATRIA";"COMUNIDAD VALENCIANA";26/12/2023;;
"291";;"F96443817";"Coop. ""Fruitvall"" de Llutxent";"ATRIA";"COMUNIDAD VALENCIANA";26/12/2023;;
"292";;"F46026605";"Coop. ""Pedralva Vinícola"" de Pedralba";"ATRIA";"COMUNIDAD VALENCIANA";26/12/2023;;
"293";;"F46025037";"Coop. Agrícola ""San Bernardo"" de Carlet";"ATRIA";"COMUNIDAD VALENCIANA";26/12/2023;;
"294";;"F46025508";"Coop. V. Bodega ""Unión de Cosecheros"" de Chiva";"ATRIA";"COMUNIDAD VALENCIANA";26/12/2023;;
"295";;"F46024139";"Coop. Agrícola ""San José"" de Alcàcer";"ATRIA";"COMUNIDAD VALENCIANA";26/12/2023;;
"296";;"F46230827";"Coop. ""La Turisana"" de Turís";"ATRIA";"COMUNIDAD VALENCIANA";26/12/2023;;
"297";;"F46026241";"Coop. ""Stmo. Cristo de la Salud"" de Millares";"ATRIA";"COMUNIDAD VALENCIANA";26/12/2023;;
"298";;"F46026837";"Coop. Agrícola ""La Realense"" de Real de Montroi";"ATRIA";"COMUNIDAD VALENCIANA";26/12/2023;;
"299";;"F46051025";"Coop. Hortofrutícola ""Cohoca"" de Benifaió";"ATRIA";"COMUNIDAD VALENCIANA";26/12/2023;;
"300";;"F46034989";"Coop. Agrícola de Gandía";"ATRIA";"COMUNIDAD VALENCIANA";26/12/2023;;
"301";;"F96554019";"S.A.T. Nº 65 ""Citrusalge"" de Algemesí";"ATRIA";"COMUNIDAD VALENCIANA";26/12/2023;;
"302";;"F46024618";"Coop. Agrícola ""San Juan Bta."" de Benicolet";"ATRIA";"COMUNIDAD VALENCIANA";26/12/2023;;
"303";;"F96671318";"S.A.T. Nº 108 ""Versol"" de Benifairó de Valldigna";"ATRIA";"COMUNIDAD VALENCIANA";26/12/2023;;
"304";;"F46042248";"Coop.  Agrícola V. de Canals";"ATRIA";"COMUNIDAD VALENCIANA";26/12/2023;;
"305";;"F46027652";"Coop. V. "" Vega Horta Nord"" de Poble Nou";"ATRIA";"COMUNIDAD VALENCIANA";26/12/2023;;
"306";;"F46230967";"Coop. ""Valsur"" de Bolbaite";"ATRIA";"COMUNIDAD VALENCIANA";26/12/2023;;
"307";;"F46155511";"Coop. V.  del Bajo Turia de Bugarra";"ATRIA";"COMUNIDAD VALENCIANA";26/12/2023;;
"308";;"F46029039";"Coop. Agrícola Nª Sª de la Fuente de Villalonga";"ATRIA";"COMUNIDAD VALENCIANA";26/12/2023;;
"309";;"F46024196";"Coop. ""Alzicoop"" Scdad. Coop. V. de Alzira";"ATRIA";"COMUNIDAD VALENCIANA";26/12/2023;;
"310";;"F12096905";"Coop. ""Narvill"" de Chelva";"ATRIA";"COMUNIDAD VALENCIANA";26/12/2023;;
"311";;"F12011524";"Coop. Citrícola ""San Alfonso"" de Betxí";"ATRIA";"COMUNIDAD VALENCIANA";26/12/2023;;
"312";;"F12095402";"Coop. Hortofrutícola ""Betxi-Export"" de Betxí";"ATRIA";"COMUNIDAD VALENCIANA";26/12/2023;;
"313";;"F12032736";"Coop. ""Nulexport"" de Nules";"ATRIA";"COMUNIDAD VALENCIANA";26/12/2023;;
"314";;"F12099453";"Coop. ""Cítricos-Onda"" de Onda";"ATRIA";"COMUNIDAD VALENCIANA";26/12/2023;;
"315";;"F12084570";"Coop. Hortofrutícola Borrianense ""Cohobo"" de Burriana";"ATRIA";"COMUNIDAD VALENCIANA";26/12/2023;;
"316";;"F12013892";"Coop. Agrícola ""San Vicente Ferrer"" de Vall d'Uixó";"ATRIA";"COMUNIDAD VALENCIANA";26/12/2023;;
"317";;"F12413779";"S.A.T. Nº 29 ""Productos Agrarios del Mediterráneo"" de Alquerias del Niño Perdido";"ATRIA";"COMUNIDAD VALENCIANA";26/12/2023;;
"318";;"F12009379";"Coop. Agrícola ""San Isidro"" de Castelló de La Plana";"ATRIA";"COMUNIDAD VALENCIANA";26/12/2023;;
"319";;"G12381752";"A.G.E. de la Plana Alta de Torreblanca";"ATRIA";"COMUNIDAD VALENCIANA";26/12/2023;;
"320";;"F12016051";"Coop. ""Vallfrut"" de Vall d'Uixó";"ATRIA";"COMUNIDAD VALENCIANA";26/12/2023;;
"321";;"F12511135";"Coop. ""Real-Export"" de Vila-Real";"ATRIA";"COMUNIDAD VALENCIANA";26/12/2023;;
"322";;"F12438578";"Coop. ""Agroal"" de Alquerias del Niño Perdido";"ATRIA";"COMUNIDAD VALENCIANA";26/12/2023;;
"323";;"F12240149";"Coop. Oleícola del Alto Palancia de Altura";"ATRIA";"COMUNIDAD VALENCIANA";26/12/2023;;
"324";;"F12010500";"Coop. Agrícola ""San Marcos"" de Chert";"ATRIA";"COMUNIDAD VALENCIANA";26/12/2023;;
"325";;"F12099388";"Coop. Hotofrutícola ""Citrivall"" Coop. V. de Vall d'Uixó";"ATRIA";"COMUNIDAD VALENCIANA";26/12/2023;;
"326";;"F12085999";"Coop. V. ""Buropa"" de Burriana";"ATRIA";"COMUNIDAD VALENCIANA";26/12/2023;;
"327";;"F12009346";"Coop. Agrícola ""San Isidro"" de Alcalá de Xivert";"ATRIA";"COMUNIDAD VALENCIANA";26/12/2023;;
"328";;"B12327573";"Empresa Rambla Dolz S.L. de Castelló de La Plana";"ATRIA";"COMUNIDAD VALENCIANA";26/12/2023;;
"329";;"F12010252";"Coop. Agrícola ""El Salvador"""" de Vinaròs";"ATRIA";"COMUNIDAD VALENCIANA";26/12/2023;;
"330";;"F12591814";"Vallexport Coop. V. de Vall d'Uixó";"ATRIA";"COMUNIDAD VALENCIANA";26/12/2023;;
"331";;"F12010625";"Coop. V. ""Codexuno"" de Almassora";"ATRIA";"COMUNIDAD VALENCIANA";26/12/2023;;
"332";;"F12010195";"Intercoop Comercial Agropecuaria, Coop. V. de Almassora";"ATRIA";"COMUNIDAD VALENCIANA";26/12/2023;;
"333";;"F12009288";"Coop. Agrícola V. ""San Bartolomé"" de Vilanova d'Alcolea";"ATRIA";"COMUNIDAD VALENCIANA";26/12/2023;;
"334";;"F03164969";"Coop. ""Cerezas Montaña Alicante"" de Patró (Vall de Gallinera)";"ATRIA";"COMUNIDAD VALENCIANA";26/12/2023;;
"335";;"F03013604";"Coop.  Agrícola y Ganadera de Alacant";"ATRIA";"COMUNIDAD VALENCIANA";26/12/2023;;
"336";;"F03014008";"Coop. del Campo de Elx";"ATRIA";"COMUNIDAD VALENCIANA";26/12/2023;;
"337";;"F03014156";"Bodega-Coop. de Monóvar";"ATRIA";"COMUNIDAD VALENCIANA";26/12/2023;;
"338";;"B03014545";"Agricola de Villena SL de Villena";"ATRIA";"COMUNIDAD VALENCIANA";26/12/2023;;
"339";;"F03290871";"Coop. V. ""Bocopa"" de Petrer";"ATRIA";"COMUNIDAD VALENCIANA";26/12/2023;;
"340";;"F03013828";"Coop. Agrícola de Callosa d'en Sarrià";"ATRIA";"COMUNIDAD VALENCIANA";26/12/2023;;
"341";;"F53086443";"Coop. ""Vega Baja de Alicante"" S.C.V. 2º Gº de San Miguel de Salinas";"ATRIA";"COMUNIDAD VALENCIANA";26/12/2023;;
"342";;"F03014735";"Coop. Agrícola de Altea";"ATRIA";"COMUNIDAD VALENCIANA";26/12/2023;;
"343";;"F03014313";"La Bodega de Pinoso Coop. V. de Pinoso";"ATRIA";"COMUNIDAD VALENCIANA";26/12/2023;;
"344";;"F03035672";"Bodega-Coop. V. de Algueña";"ATRIA";"COMUNIDAD VALENCIANA";26/12/2023;;
"345";;"F03065604";"Sociedad Coop. Agrícola ""Montaña Vinalopó"" de Castalla";"ATRIA";"COMUNIDAD VALENCIANA";26/12/2023;;
"346";;"F03020633";"Coop. Agrícola de Labradores y Ganaderos ""San Isidro"" de Castell de Castells";"ATRIA";"COMUNIDAD VALENCIANA";26/12/2023;;
"347";;"G03472982";"Asociación de Cultivadores de Palmeras Datileras de Elx";"ATRIA";"COMUNIDAD VALENCIANA";26/12/2023;;
"348";;"F53193918";"Sociedad Coop. de 2º Gº ""Agroespaña"" de Elx";"ATRIA";"COMUNIDAD VALENCIANA";26/12/2023;;
"349";;"F03070794";"Cambayas, Coop. V, de Elx";"ATRIA";"COMUNIDAD VALENCIANA";26/12/2023;;
"350";;"F03014271";"Coop. Agrícola V. ""San Blai"" de Pedreguer";"ATRIA";"COMUNIDAD VALENCIANA";26/12/2023;;
"351";;"F03919768";"Sociedad Coop. Ltda. ""Agromañán"" de Pinoso";"ATRIA";"COMUNIDAD VALENCIANA";26/12/2023;;
"352";;"G53245718";"Agrupación de Productores de Granadas ""Saladares"" de San Isidro";"ATRIA";"COMUNIDAD VALENCIANA";26/12/2023;;
"353";;"B03195450";"Empresa ""Horfres S.L."" de Villena";"ATRIA";"COMUNIDAD VALENCIANA";26/12/2023;;
"354";;"F12008934";"Coop. Católico Agraria de Vila-Real";"ATRIA";"COMUNIDAD VALENCIANA";26/12/2023;;
"355";;"F12484291";"S.A.T. Nº 9932 ""Fast Fruit"" de Nules";"ATRIA";"COMUNIDAD VALENCIANA";26/12/2023;;
"356";;"F12201299";"Coop. Torreblanca S.C.V. de Torreblanca";"ATRIA";"COMUNIDAD VALENCIANA";26/12/2023;;
"357";;"F12009411";"Coop. Agraria ""San Isidro"" de Coves de Vinromà";"ATRIA";"COMUNIDAD VALENCIANA";26/12/2023;;
"358";;"F46027488";"Coop. ""La Baronía"" de Turís";"ATRIA";"COMUNIDAD VALENCIANA";26/12/2023;;
"359";;"F46051041";"Coop. Agrícola de Villar del Arzobispo";"ATRIA";"COMUNIDAD VALENCIANA";26/12/2023;;
"360";;"F12328050";"Coop. Agriexport S.C.V. de Alquerias del Niño Perdido";"ATRIA";"COMUNIDAD VALENCIANA";26/12/2023;;
"361";;"F03018058";"Bodega  Nª Sª de la Virtudes Coop.V. de Villena";"ATRIA";"COMUNIDAD VALENCIANA";26/12/2023;;
"362";;"F03352549";"Coop. de Frutas Caminito S.Coop.V. de Orihuela";"ATRIA";"COMUNIDAD VALENCIANA";26/12/2023;;
"363";;"F53228136";"S.A.T. nº 146 Horyfrut, C.V. de Villena";"ATRIA";"COMUNIDAD VALENCIANA";26/12/2023;;
"364";;"F46993150";"Almazara Molino del Motrotón Coop.V. de Turís";"ATRIA";"COMUNIDAD VALENCIANA";26/12/2023;;
"365";;"F12093209";"Uxorange Scdad. Coop. V. de Vall d'Uixó";"ATRIA";"COMUNIDAD VALENCIANA";26/12/2023;;
"366";;"F46027249";"Coop. Agrícola ""La Unión"" de Silla";"ATRIA";"COMUNIDAD VALENCIANA";26/12/2023;;
"367";;"F46026621";"Coop. Agro-Cítrica Coop. V.1431 de Picassent";"ATRIA";"COMUNIDAD VALENCIANA";26/12/2023;;
"368";;"F46050449";"Coop. San Isidro Labrador Coop. V de Guadasuar";"ATRIA";"COMUNIDAD VALENCIANA";26/12/2023;;
"369";;"F46027082";"Coop. V. Agrícola San Antonio de Riba-roja del Turia";"ATRIA";"COMUNIDAD VALENCIANA";26/12/2023;;
"370";;"F96706114";"S.A.T. nº 167 CV ""Citrivercher"" de Benifairó de Valldigna";"ATRIA";"COMUNIDAD VALENCIANA";26/12/2023;;
"371";;"F96706874";"S.A.T. nº 125 ""Almaterra"" de Alqueria de la Comtessa (L')";"ATRIA";"COMUNIDAD VALENCIANA";26/12/2023;;
"372";;"F46026068";"Coop. Vinícola de Lliria";"ATRIA";"COMUNIDAD VALENCIANA";26/12/2023;;
"373";;"F96759410";"S.A.T. nº 171  C.V. Filósofo de Piles";"ATRIA";"COMUNIDAD VALENCIANA";26/12/2023;;
"374";;"F96561865";"S.A.T. nº 58 ""Casa Blava"" de Tavernes de la Valldigna";"ATRIA";"COMUNIDAD VALENCIANA";26/12/2023;;
"375";;"F12402442";"S.A.T. ""Citrical"" O.P.  590 de Carcaixent";"ATRIA";"COMUNIDAD VALENCIANA";26/12/2023;;
"376";;"F46025797";"Coop. Vinícola ""San Pedro Apóstol"" de Godelleta";"ATRIA";"COMUNIDAD VALENCIANA";26/12/2023;;
"377";;"F12376620";"Vallsol S.Coop. de Vall d'Uixó";"ATRIA";"COMUNIDAD VALENCIANA";26/12/2023;;
"378";;"F12403291";"Almazara Olivarera Cervol  S.Coop.V. de Traiguera";"ATRIA";"COMUNIDAD VALENCIANA";26/12/2023;;
"379";;"F46024527";"Coop. San Engracio de Aielo de Malferit";"ATRIA";"COMUNIDAD VALENCIANA";26/12/2023;;
"380";;"G12472569";"Naturvill, S. C. de Vilavella (La)";"ATRIA";"COMUNIDAD VALENCIANA";26/12/2023;;
"381";;"F12009114";"Coop. V. Rural, Coop. V. Rural, Coop. V. Rural de Moncófar";"ATRIA";"COMUNIDAD VALENCIANA";26/12/2023;;
"382";;"F12481693";"S.A.T. nº 9929 Valenciana de Exportación de Llosa (La)";"ATRIA";"COMUNIDAD VALENCIANA";26/12/2023;;
"383";;"F12009353";"Coop. Agrícola ""S. Isidro"" de Benicarló";"ATRIA";"COMUNIDAD VALENCIANA";26/12/2023;;
"384";;"F97005342";"S.A.T. ""La Comarcal"" CV nº 286 de Torrent";"ATRIA";"COMUNIDAD VALENCIANA";26/12/2023;;
"385";;"F46135091";"Cooperativa de Beniatjar Oli del Benicadell de Beniatjar";"ATRIA";"COMUNIDAD VALENCIANA";26/12/2023;;
"386";;"F53019071";"Cooperativa Mas de Roc Coop. V. de Ibi";"ATRIA";"COMUNIDAD VALENCIANA";26/12/2023;;
"387";;"F03014263";"Coop. Agrícola de Pego Coop. V. de Pego";"ATRIA";"COMUNIDAD VALENCIANA";26/12/2023;;
"388";;"F03014198";"Cooperativa del Campo Sta. Mª Magdalena de Novelda";"ATRIA";"COMUNIDAD VALENCIANA";26/12/2023;;
"389";;"F46026209";"Coop. V. ""San Pedro"" de Massanassa";"ATRIA";"COMUNIDAD VALENCIANA";26/12/2023;;
"390";;"F46076543";"Coop. Citrícola de la Safor Coop. V de Palma de Gandía";"ATRIA";"COMUNIDAD VALENCIANA";26/12/2023;;
"391";;"F46026126";"Coop. Agrícola ""Cristo del Milagro"" de Llosa de Ranes";"ATRIA";"COMUNIDAD VALENCIANA";26/12/2023;;
"392";;"F46026282";"Coop. V. San Pedro Apóstol de Moixent";"ATRIA";"COMUNIDAD VALENCIANA";26/12/2023;;
"393";;"F46025813";"Coop. Agrícola ""Stmo. Cristo de la Peña"" de Guadasuar";"ATRIA";"COMUNIDAD VALENCIANA";26/12/2023;;
"394";;"F96953484";"Coop. Aceites Ecológicos de la Serranía de Chelva";"ATRIA";"COMUNIDAD VALENCIANA";26/12/2023;;
"395";;"G12535266";"Coop. Les Alboredes de Jana (La)";"ATRIA";"COMUNIDAD VALENCIANA";26/12/2023;;
"396";;"F53125829";"Cooperativa Camp Vert Coop. V. de Elx";"ATRIA";"COMUNIDAD VALENCIANA";26/12/2023;;
"397";;"F46027264";"Coop. Valenciana Vitivinícola ""La Protectora"" de Sinarcas";"ATRIA";"COMUNIDAD VALENCIANA";26/12/2023;;
"398";;"F46027272";"Cooperativa de Sollana Coop. V. de Sollana";"ATRIA";"COMUNIDAD VALENCIANA";26/12/2023;;
"399";;"F96572342";"S.A.T. Nº 71 CV ""Laypove"" de Potries";"ATRIA";"COMUNIDAD VALENCIANA";26/12/2023;;
"400";;"F96138367";"Cooperativa V.  de Agricultores de El Palmar (Valencia)";"ATRIA";"COMUNIDAD VALENCIANA";26/12/2023;;
"401";;"F46439758";"Cooperativa Agrícola del Valle del Palancia Coop. V. de Sagunt";"ATRIA";"COMUNIDAD VALENCIANA";26/12/2023;;
"402";;"F46066445";"Cooperativa ""La Valldigna"" S. Coop. V. de Simat de Valldigna";"ATRIA";"COMUNIDAD VALENCIANA";26/12/2023;;
"403";;"F46024378";"Cooperativa Agrícola ""San Salvador"", Coop. V. de Alfarp";"ATRIA";"COMUNIDAD VALENCIANA";26/12/2023;;
"404";;"F46027330";"Cooperativa Valenciana del Camp ""Unió Cristiana"" de Sueca";"ATRIA";"COMUNIDAD VALENCIANA";26/12/2023;;
"405";;"F46026910";"Coop. Agrícola Ruicense ""Nª Sª del Milagro"" Coop.V. de Los Ruices (Requena)";"ATRIA";"COMUNIDAD VALENCIANA";26/12/2023;;
"406";;"F96127949";"Cheste Agraria Coop. V. de Cheste";"ATRIA";"COMUNIDAD VALENCIANA";26/12/2023;;
"407";;"F46024063";"Coop. V. La Protección Agrícola de Alberique";"ATRIA";"COMUNIDAD VALENCIANA";26/12/2023;;
"408";;"F12009635";"Coop. Agrícola San José Coop. V. de Burriana";"ATRIA";"COMUNIDAD VALENCIANA";26/12/2023;;
"409";;"F03014479";"Coop. Agrícola San Vicente Ferrer Coop. V. de Teulada";"ATRIA";"COMUNIDAD VALENCIANA";26/12/2023;;
"410";;"G53616942";"Asociación de Agricultores Vall de Travadell de Millena";"ATRIA";"COMUNIDAD VALENCIANA";26/12/2023;;
"411";;"F03014792";"Cooperativa San Cristóbal Coop. V de Cañada";"ATRIA";"COMUNIDAD VALENCIANA";26/12/2023;;
"412";;"F03014289";"Cooperativa Agrícola de Petrer";"ATRIA";"COMUNIDAD VALENCIANA";26/12/2023;;
"413";;"F46026928";"Coop. V. Agrícola ""La  Unión"" de La Portera (Requena)";"ATRIA";"COMUNIDAD VALENCIANA";26/12/2023;;
"414";;"F96476817";"S.A.T. Nº 9914 Madremía de Canals";"ATRIA";"COMUNIDAD VALENCIANA";26/12/2023;;
"415";;"F46219317";"Coop. Cofrudeca Coop. V. de Bèlgida";"ATRIA";"COMUNIDAD VALENCIANA";26/12/2023;;
"416";;"F46024006";"Agrícola S.C.J. De Albal, Coop. V. de Albal";"ATRIA";"COMUNIDAD VALENCIANA";26/12/2023;;
"417";;"F46073888";"Cooperativa Agrícola de Barxeta, Coop. V. de Barxeta";"ATRIA";"COMUNIDAD VALENCIANA";26/12/2023;;
"418";;"F96209556";"COVIBEX, Coop. V. de Chiva";"ATRIA";"COMUNIDAD VALENCIANA";26/12/2023;;
"419";;"F46025649";"Cooperativa Vinícola ""La Viña"", Coop. V. de Font de la Figuera (La)";"ATRIA";"COMUNIDAD VALENCIANA";26/12/2023;;
"420";;"F46101192";"Cooperativa ""La Constancia"" de Pobla de Vallbona (La)";"ATRIA";"COMUNIDAD VALENCIANA";26/12/2023;;
"421";;"F46031662";"Cooperativa Virgen del Carmen, Coop. V. de Las Monjas (Venta del Moro)";"ATRIA";"COMUNIDAD VALENCIANA";26/12/2023;;
"422";;"F46026084";"Cooperativa del Camp de Llutxent-Otos, C.V. de Llutxent";"ATRIA";"COMUNIDAD VALENCIANA";26/12/2023;;
"423";;"G97283956";"Asociación Viñedo Integrado de Fontanars dels Alforins";"ATRIA";"COMUNIDAD VALENCIANA";26/12/2023;;
"424";;"F12351193";"Artanfrut, Coop. V. de Artana";"ATRIA";"COMUNIDAD VALENCIANA";26/12/2023;;
"425";;"F12009403";"Cooperativa Agraria San Isidro, Coop. V. de Cervera del Maestre";"ATRIA";"COMUNIDAD VALENCIANA";26/12/2023;;
"426";;"F12009494";"Cooperativa Agrícola San Isidro, Coop. V. de Segorbe";"ATRIA";"COMUNIDAD VALENCIANA";26/12/2023;;
"427";;"F46026647";"Coop. Agr. San Isidro Labrador, Coop. V, de Picassent";"ATRIA";"COMUNIDAD VALENCIANA";26/12/2023;;
"428";;"F96680160";"Consorcio Cooperativo L'Horta, Coop. V. de Torrent";"ATRIA";"COMUNIDAD VALENCIANA";26/12/2023;;
"429";;"F46024493";"Coanna, Coop. V. de Anna";"ATRIA";"COMUNIDAD VALENCIANA";26/12/2023;;
"430";;"F12009106";"Coop. Agr. La Junquera de Chilches";"ATRIA";"COMUNIDAD VALENCIANA";26/12/2023;;
"431";;"F12008892";"Cooperativa Valenciana Agrícola de Betxí de Betxí";"ATRIA";"COMUNIDAD VALENCIANA";26/12/2023;;
"432";;"F03145398";"S. Coop. A. Prov. Montaña de Alicante de Muro de Alcoy";"ATRIA";"COMUNIDAD VALENCIANA";26/12/2023;;
"433";;"F46025003";"Agrícola San José - Carcaixent C.V. ""AGRICAR"" de Carcaixent";"ATRIA";"COMUNIDAD VALENCIANA";26/12/2023;;
"434";;"F12009544";"Coop. Ag. San Isidro, Coop. V. de Vall d'Uixó";"ATRIA";"COMUNIDAD VALENCIANA";26/12/2023;;
"435";;"F03014107";"Coop. V. Virgen Pobre de Jalón de Jalón";"ATRIA";"COMUNIDAD VALENCIANA";26/12/2023;;
"436";;"F54341565";"Surinver Hortofrutícola SC de Pilar de la Horadada";"ATRIA";"COMUNIDAD VALENCIANA";26/12/2023;;
"437";;"F46038881";"Agrícola de Catadau S. Coop. V. Ltda. de Catadau";"ATRIA";"COMUNIDAD VALENCIANA";26/12/2023;;
"438";;"F03015138";"Bodega Sta. Catalina Mañan de Monóvar";"ATRIA";"COMUNIDAD VALENCIANA";26/12/2023;;
"439";;"V98111743";"Las Salinas de Riba-roja del Turia";"ATRIA";"COMUNIDAD VALENCIANA";26/12/2023;;
"440";;"F46024303";"Coop. Agr. Ntra. Sra. de Loreto de Alcudia (L')";"ATRIA";"COMUNIDAD VALENCIANA";26/12/2023;;
"441";;"F46026696";"Vitivinícola Coop. V. de Pobla del Duc (La)";"ATRIA";"COMUNIDAD VALENCIANA";26/12/2023;;
"442";;"F97222079";"SAT 364 CV Novacitrus de Oliva";"ATRIA";"COMUNIDAD VALENCIANA";26/12/2023;;
"443";;"F46025482";"La Unión Chivana Coop. V. de Chiva";"ATRIA";"COMUNIDAD VALENCIANA";26/12/2023;;
"444";;"F12236634";"Oleolícola Serrana del Palancia, Coop. V. de Viver";"ATRIA";"COMUNIDAD VALENCIANA";26/12/2023;;
"445";;"F03013950";"Del campo ilicitana Coop. V. de Elx";"ATRIA";"COMUNIDAD VALENCIANA";26/12/2023;;
"446";;"F12009734";"San Juan Bautista Coop. Ag. V. de San Juan de Moro";"ATRIA";"COMUNIDAD VALENCIANA";26/12/2023;;
"447";;"F46108882";"Agrícola Coop. V. de Bétera";"ATRIA";"COMUNIDAD VALENCIANA";26/12/2023;;
"448";;"F03013919";"Agrícola Católica Coop. V. de Cocentaina";"ATRIA";"COMUNIDAD VALENCIANA";26/12/2023;;
"449";;"F46027454";"Citruscoop San Luis Beltrán SCV de Torrent";"ATRIA";"COMUNIDAD VALENCIANA";26/12/2023;;
"450";;"B97090781";"Natural de Montaña SL de Anna";"ATRIA";"COMUNIDAD VALENCIANA";26/12/2023;;
"451";;"F46025532";"CampoEnguera Coop. V. de Enguera";"ATRIA";"COMUNIDAD VALENCIANA";26/12/2023;;
"452";;"F46029062";"Coop. del Camp de Villanueva de Castellón";"ATRIA";"COMUNIDAD VALENCIANA";26/12/2023;;
"453";;"F46031050";"Cooperativa Coviñas Coop. V. de Requena";"ATRIA";"COMUNIDAD VALENCIANA";26/12/2023;;
"454";;"F03014321";"Cooperativa Agrícola  Coop. V. de Planes";"ATRIA";"COMUNIDAD VALENCIANA";26/12/2023;;
"455";;"F12009056";"Cooperativa Agrícola el Progreso de Traiguera";"ATRIA";"COMUNIDAD VALENCIANA";26/12/2023;;
"456";;"F12009668";"Cooperativa Agrícola Sant Josep de Nules";"ATRIA";"COMUNIDAD VALENCIANA";26/12/2023;;
"457";;"F12009197";"Cooperativa Ntra. Sra.de la Esperanza de Onda";"ATRIA";"COMUNIDAD VALENCIANA";26/12/2023;;
"458";;"F46074746";"Cooperativa La Inmaculada de Casas de Eufemia (Requena)";"ATRIA";"COMUNIDAD VALENCIANA";26/12/2023;;
"459";;"F46025334";"Cullercoop Coop. V de Cullera";"ATRIA";"COMUNIDAD VALENCIANA";26/12/2023;;
"460";;"F12654596";"San Alfonso Coop. V. de Betxí";"ATRIA";"COMUNIDAD VALENCIANA";26/12/2023;;
"461";;"F12009262";"Cooperativa Agrícola San Bartolomé de Adzaneta del Maestrat";"ATRIA";"COMUNIDAD VALENCIANA";26/12/2023;;
"462";;"F12009213";"Sdo. Corazón de Jesús, Coop. V de Altura";"ATRIA";"COMUNIDAD VALENCIANA";26/12/2023;;
"463";;"F46027587";"Cooperativa V. Del Campo San José Obrero de Casas de Utiel";"ATRIA";"COMUNIDAD VALENCIANA";26/12/2023;;
"464";;"F46030052";"Agrícola San Miguel Coop. V. de Bellreguard";"ATRIA";"COMUNIDAD VALENCIANA";26/12/2023;;
"465";;"F12010658";"Sociedad de Exportación de Agrios nº 2 Coop. V. de Moncófar";"ATRIA";"COMUNIDAD VALENCIANA";26/12/2023;;
"466";;"F03061066";"Cooperativa Valenciana Agrícola de Monforte del Cid";"ATRIA";"COMUNIDAD VALENCIANA";26/12/2023;;
"467";"1001";"F06012199";"SDAD. COOP. TORREMEGIANA SAN ISIDRO LABRADOR PELICHE";"Sociedad cooperativa torremejiana ""san isidro labrador"" peliche (Viñedo y Olivar)";"EXTREMADURA";26/12/2023;;
"468";"1002";"F06012355";"COOP. NTRA. SRA. DE PERALES";"COOPERATIVA  NUESTRA SEÑORA DE PERALES (Viñedo y Olivar)";"EXTREMADURA";26/12/2023;;
"469";"1003";"F06003362";"SDAD. COOP. VIRGEN DE LA ESTRELLA";"SDAD. COOP. VIRGEN DE LA ESTRELLA (Viñedo y Olivar)";"EXTREMADURA";26/12/2023;;
"470";"1004";"F06010490";"COOP. NTRA. SRA. DE LA CABEZA";"ATESVE SOCIEDAD COOPERATIVA NUESTRA SEÑORA DE LA CABEZA (Viñedo y Olivar)";"EXTREMADURA";26/12/2023;;
"471";"1005";"F06003305";"SDAD. COOP. NTRA. SRA. DE MONTEVIRGEN";"Sociedad cooperativa montevirgen (Viñedo y Olivar)";"EXTREMADURA";26/12/2023;;
"472";"1006";"F06009740";"NTRA. SRA. DE LA SOLEDAD SOC. COOP.";"Sdad. coop. ntra. sra. de la soledad (Viñedo y Olivar)";"EXTREMADURA";26/12/2023;;
"473";"1007";"F06011035";"SANTA MARÍA MAGDALENA DE SOLANA DE LOS BARROS S.C.L.";"AGROSOLA ( COOPERATIVA SANTA MARIA MAGDALENA) (Viñedo y Olivar)";"EXTREMADURA";26/12/2023;;
"474";"1008";"F06294169";"VIÑAOLIVA SDAD. COOP.";"Viñaoliva soc coop (Viñedo y Olivar)";"EXTREMADURA";26/12/2023;;
"475";"1009";"F06011076";"SDAD. COOP. SANTA MARÍA EGIPCIACA";"Sdad coop santa maria egipciaca (Viñedo y Olivar)";"EXTREMADURA";26/12/2023;;
"476";"1010";"F06004949";"SDAD. COOP. SAN ISIDRO DE ENTRÍN";"S. coop. san isidro de entrín (Viñedo y Olivar)";"EXTREMADURA";26/12/2023;;
"477";"1011";"F06003404";"SDAD. COOP. AGRÍCOLA SANTA MARTA VIRGEN";"Cooperativa santa marta virgen (Viñedo y Olivar)";"EXTREMADURA";26/12/2023;;
"478";"1012";"F06380224";"TIERRAS LLANAS DE LA ALBUERA S.C.L.";"Tierras llanas de la albuera s.c.l. (Viñedo)";"EXTREMADURA";26/12/2023;;
"479";"1013";"F06003206";"SDAD. COOP. SAN ISIDRO DE VILLAFRANCA";"Sdad. coop. san isidro de villafranca (Viñedo y Olivar)";"EXTREMADURA";26/12/2023;;
"480";"1014";"F06003446";"SDAD. COOP. AGRÍCOLA-VINÍCOLA EXTREMEÑA SAN JOSÉ";"Soc. Coop. AGRÍCOLA VINÍCOLA EXTREMEÑA ""SAN JOSÉ"" (Viñedo)";"EXTREMADURA";26/12/2023;;
"481";"2001";"G10382612";"UNION AGRICULTORES Y GANADEROS LA UNION ";"La union de agricultores y ganaderos de extremadura (Olivar)";"EXTREMADURA";26/12/2023;;
"482";"2002";"F06015556";"SDAD. COOP. LTDA. DE HORNACHOS";"ACEITES CASTILLO DE HORNACHOS (Olivar)";"EXTREMADURA";26/12/2023;;
"483";"2003";"F10229599";"APROCEX S.C.L.";"APROCEX (Olivar y Frutal secano y castaño)";"EXTREMADURA";26/12/2023;;
"484";"2004";"F06133672";"LA MILAGROSA DE MONTERRUBIO S.C.L.";"LA MILAGROSA DE MONTERRUBIO, SCL (Olivar)";"EXTREMADURA";26/12/2023;;
"485";"2005";"G06274146";"UNIÓN EXTREMEÑA DEL OLIVAR";"UNIÓN extremeña del olivar (Viñedo y Olivar)";"EXTREMADURA";26/12/2023;;
"486";"2006";"F06003065";"COOP. DEL CAMPO SAN ISIDRO DE VALENCIA DEL VENTOSO";"SDAD. COOP. DEL CAMPO SAN ISIDRO DE VALENCIA DEL VENTOSO (Viñedo y Olivar)";"EXTREMADURA";26/12/2023;;
"487";"2007";"F06003958";"SAN AGUSTIN DE OBANDO S.C.L.";"Aan agustin de obando scdad coop ltda (Olivar)";"EXTREMADURA";26/12/2023;;
"488";"2008";"V06034235";"CASAT COMERCIAL AGROPECUARIA S.A.T. 5851";"COMERCIAL AGROPECUARIA SAT CASAT - OLIVAR (Olivar)";"EXTREMADURA";26/12/2023;;
"489";"2009";"G06291520";"U.P.A. - UCE. EXTREMADURA";"SALVALEÓN-BARCARROTA II (Olivar y Frutal secano y castaño)";"EXTREMADURA";26/12/2023;;
"490";"2010";"F06011795";"SDAD. COOP. CORAZÓN DE JESÚS";"SOCIEDAD COOPERATIVA CORAZON DE JESUS (Viñedo y Olivar)";"EXTREMADURA";26/12/2023;;
"491";"2011";"F06003016";"SDAD. COOP. DE OLIVAREROS DE RIBERA DEL FRESNO";"COOPERATIVA DE OLIVAREROS Y VITICULTORES (Viñedo y Olivar)";"EXTREMADURA";26/12/2023;;
"492";"2012";"G06124309";"UNEXCA-UNION EXTREMEÑA DE COOP. AGRARIAS ";"COOPERATIVAS AGRO-ALIMENTARIAS DE EXTREMADURA, UNIÓN DE COOP. (Olivar)";"EXTREMADURA";26/12/2023;;
"493";"2013";"F06132757";"COOP. OLIVARERA CABEZA DEL BUEY";"Atesve cooperativa Olivarera Cabeza del buey (Olivar)";"EXTREMADURA";26/12/2023;;
"494";"2014";"F06004576";"S.C.L. SAN PEDRO DE GUAREÑA";"El castuo (Viñedo y Olivar)";"EXTREMADURA";26/12/2023;;
"495";"2015";"F10020154";"ACEITUNERA DEL NORTE DE CÁCERES S.C.L. ACENORCA.";"Acenorca (Olivar)";"EXTREMADURA";26/12/2023;;
"496";"2016";"F06015283";"SDAD. COOP. LTDA. DEL CAMPO ""SAN ISICRO DE MONESTERIO""";"OLIVAR DE TENTUDIA (Olivar)";"EXTREMADURA";26/12/2023;;
"497";"2017";"G06291520";"U.P.A. - UCE. EXTREMADURA";"ATESVE OLIVAR UPA-UCE ZALAMEA DE LA SERENA (Olivar)";"EXTREMADURA";26/12/2023;;
"498";"2018";"F06002828";"SDAD. COOP. DEL CAMPO LA UNIDAD";"LA UNIDAD II (Olivar)";"EXTREMADURA";26/12/2023;;
"499";"2019";"F06029466";"EL LÁCARA S.C.L.";"Atesve ""el lacara"" (Olivar)";"EXTREMADURA";26/12/2023;;
"500";"2020";"F10015063";"COOP. DEL CAMPO SAN FRANCISCO JAVIER";"COOPERATIVA SAN FRANCISCO JAVIER (SAN KIKO) (Olivar)";"EXTREMADURA";26/12/2023;;
"501";"2021";"G06361711";"APAG EXTREMADURA ASAJA";"APAG EXTREMADURA ASAJA TALARRUBIA";"EXTREMADURA";26/12/2023;;
"502";"2022";"G06361711";"APAG EXTREMADURA ASAJA";"APAG EXTREMADURA ASAJA CAMPIÑA SUR";"EXTREMADURA";26/12/2023;;
"503";"2023";"F06002828";"SDAD. COOP. DEL CAMPO LA UNIDAD";"ATESVE LA UNIDAD III";"EXTREMADURA";26/12/2023;;
"504";"2024";"G06274146";"UNIÓN EXTREMEÑA DEL OLIVAR";"UNOLIVAR ALMENDRAL";"EXTREMADURA";26/12/2023;;
"505";"3001";"G10431039";"ASOC MUJERES RURALES LA ENCINA ";"ASOCIACIÓN de mujeres rurales la encina (Hortícola )";"EXTREMADURA";26/12/2023;;
"506";"3002";"F06013775";"SDAD. COOP. SAN JOSE DE CALAMONTE ";"SDAD. COOPERATIVA LIMITADA DEL CAMPO SAN JOSE DE CALAMONTE (Olivar y Hortícola )";"EXTREMADURA";26/12/2023;;
"507";"3003";"F10021343";"SAN ISIDRO DE MIAJADAS S.C.L.";"TOMATE SAN ISIDRO DE MIAJADAS (Hortícola )";"EXTREMADURA";26/12/2023;;
"508";"3004";"F06028773";"COOP. DEL CAMPO SAN MIGUEL DE VIVARES";"ATESVE MIJUAN (Hortícola )";"EXTREMADURA";26/12/2023;;
"509";"3005";"F06036180";"SDAD. COOP. DE LA SANTA CRUZ";"Sociedad cooperativa limitada del campo de la santa cruz II (Olivar y Hortícola )";"EXTREMADURA";26/12/2023;;
"510";"3006";"V06034235";"CASAT COMERCIAL AGROPECUARIA S.A.T. 5851";"COMERCIAL AGROPECUARIA SAT CASAT - HORTICOLAS (Hortícola )";"EXTREMADURA";26/12/2023;;
"511";"3007";"F06009898";"SDAD. COOP. AMALIA DE SAJONIA";"Amalia de sajonia (Hortícola )";"EXTREMADURA";26/12/2023;;
"512";"3008";"G06291520";"U.P.A. - UCE. EXTREMADURA";"UPA-UCE EXTREMADURA (Hortícola )";"EXTREMADURA";26/12/2023;;
"513";"3009";"G06124309";"UNEXCA-UNION EXTREMEÑA DE COOP. AGRARIAS ";"COOPERATIVAS AGRO-ALIMENTARIAS DE EXTREMADURA, UNIÓN DE COOP. (Hortícola )";"EXTREMADURA";26/12/2023;;
"514";"3010";"F06302160";"ALGORCHA SDAD. COOP.";"Algorcha, s.c.l. segundo grado (Hortícola )";"EXTREMADURA";26/12/2023;;
"515";"3011";"F06019608";"COLONOS DE GÉVORA SDAD. COOP.";"COLONOS DE GEVORA (Hortícola  y Maíz y leguminosas de regadío)";"EXTREMADURA";26/12/2023;;
"516";"3012";"F06021976";"SDAD. COOP. SAN VALERIANO EXTREMEÑO";"San valeriano extremeño (Hortícola  y Pimiento para industria)";"EXTREMADURA";26/12/2023;;
"517";"3013";"F06037386";"ALDEA DEL CONDE SDAD. COOP. LTDA.";"ALDEA DEL CONDE S.C.L. (Hortícola )";"EXTREMADURA";26/12/2023;;
"518";"3014";"F10149441";"SDAD. COOP. TABAQUERA UNEXTA";"SOCIEDAD COOPERATIVA UNEXTA (Hortícola y Tabaco)";"EXTREMADURA";26/12/2023;;
"519";"3015";"F10189751";"UCONOR SDAD. COOP. LTDA.";"UCONOR, SCL (Hortícola  y Maíz y leguminosas de regadío)";"EXTREMADURA";26/12/2023;;
"520";"3016";"F06139109";"ACOPAEX SDAD. COOP.";"ACOPAEX HORTICOLAS VEGAS ALTAS II";"EXTREMADURA";26/12/2023;;
"521";"3017";"F06139109";"ACOPAEX SDAD. COOP.";"ACOPAEX HORTICOLAS VEGAS BAJAS";"EXTREMADURA";26/12/2023;;
"522";"3018";"F06139109";"ACOPAEX SDAD. COOP.";"ACOPAEX HORTICOLAS VEGAS ALTAS I";"EXTREMADURA";26/12/2023;;
"523";"3019";"F06139109";"ACOPAEX SDAD. COOP.";"ACOPAEX HORTICOLAS VILLANUEVA I";"EXTREMADURA";26/12/2023;;
"524";"3020";"F06139109";"ACOPAEX SDAD. COOP.";"ACOPAEX HORTICOLAS VILLANUEVA II";"EXTREMADURA";26/12/2023;;
"525";"3022";"F06010912";"RIO BÚRDALO SDAD. COOP. DEL CAMPO";"ATESVE RIO BURDALO";"EXTREMADURA";26/12/2023;;
"526";"3023";"F06139109";"ACOPAEX SOC. COOP. ";"ACOPAEX HORTICOLAS VILLANUEVA III";"EXTREMADURA";26/12/2023;;
"527";"3024";"F06139109";"ACOPAEX SOC. COOP.";"ACOPAEX HORTICOLAS VEGAS BAJAS II";"EXTREMADURA";26/12/2023;;
"528";"4001";"F06614945";"EXPLUM SDAD. COOP.";"EXPLUM SDAD. COOP. (Frutal regadío)";"EXTREMADURA";26/12/2023;;
"529";"4002";"F25350604";"LEMA, S.C.L. ";"LEMA SCL (Hortícola  y Frutal regadío)";"EXTREMADURA";26/12/2023;;
"530";"4003";"G06124309";"UNEXCA-UNION EXTREMEÑA DE COOP. AGRARIAS ";"COOPERATIVAS AGRO-ALIMENTARIAS DE EXTREMADURA, UNION DE COOP. (Frutal regadío)";"EXTREMADURA";26/12/2023;;
"531";"4004";"F06031801";"VEGAS DE PUEBLONUEVO S.C.L.";"Vegas de pueblonuevo (Hortícola  y Frutal regadío)";"EXTREMADURA";26/12/2023;;
"532";"4005";"V10197861";"S.A.T. CAMPOS DE ALAGÓN";"SAT CAMPOS DEL ALAGON (Hortícola  y Frutal regadío)";"EXTREMADURA";26/12/2023;;
"533";"4006";"F06139109";"ACOPAEX SDAD. COOP.";"ACOPAEX FRUTALES VEGAS BAJAS";"EXTREMADURA";26/12/2023;;
"534";"4007";"F06139109";"ACOPAEX SDAD. COOP.";"ACOPAEX FRUTALES VEGAS ALTAS";"EXTREMADURA";26/12/2023;;
"535";"4008";"G06724538";"ADEVEFRU";"ADEVEFRU";"EXTREMADURA";26/12/2023;;
"536";"4010";"G06725790";"ASONCIACION ATESVE ENTRERRIOS (Nº AGRUPACION 322) ";"ATESVE ENTRERRIOS";"EXTREMADURA";26/12/2023;;
"537";"4011";"F06183628";"COOFRUITS S.C.L.";"COOFRUITS Canal Montijo";"EXTREMADURA";26/12/2023;;
"538";"4012";"F06183628";"COOFRUITS S.C.L.";"COOFRUITS Canal Zujar";"EXTREMADURA";26/12/2023;;
"539";"4013";"F06039598";"NTRA. SRA. DE LA CARIDAD SDAD. COOP. LTDA.";"ATESVE LA CARIDAD";"EXTREMADURA";26/12/2023;;
"540";"4014";"F06003990";"CREX";"CREX Machal";"EXTREMADURA";26/12/2023;;
"541";"4015";"F06003990";"CREX";"CREX Zurbarán";"EXTREMADURA";26/12/2023;;
"542";"4016";"F06003990";"CREX";"CREX Valdivia";"EXTREMADURA";26/12/2023;;
"543";"4017";"F06003990";"CREX";"CREX Encomienda";"EXTREMADURA";26/12/2023;;
"544";"4018";"G10486264";"AGRUPACION DE AGRICULTORES VEGAS ALTAS ";"AGRUPACION DE AGRICULTORES VEGAS ALTAS";"EXTREMADURA";26/12/2023;;
"545";"4019";"F06451165";"FRUTAS SALUD SOCIEDAD COOPERATIVA";"FRUTAS SOL DE BADAJOZ";"EXTREMADURA";26/12/2023;;
"546";"4020";"V06125181";"PRODUCTORES DE ALMENDRAS, SAT";"ATESVE ALMENDROS DE EXTREMADURA";"EXTREMADURA";26/12/2023;;
"547";"4021";"G06361711";"APAG EXTREMADURA ASAJA";"ASAJA ALMENDROS TIERRA DE BARROS";"EXTREMADURA";26/12/2023;;
"548";"5001";"G10469997";"ASOC. DE PRODUCTORES DE CASTAÑA DE LAS VILLUERCAS ";"ATESVE DEL CASTAÑO DE VILLUERCAS-IBORES  (Frutal secano y castaño)";"EXTREMADURA";26/12/2023;;
"549";"5002";"F10023539";"COOP. DEL CAMPO SAN MIGUEL Y SANTA LUCÍA";"Coop. san miguel de cabrero y sta lucia de valdastillas (Cerezo)";"EXTREMADURA";26/12/2023;;
"550";"5003";"F10023208";"SDAD. COOP. LTDA. SAN JOSÉ";"S.C.L. san jose (Cerezo)";"EXTREMADURA";26/12/2023;;
"551";"5004";"F10021939";"COOP. NTRA. SRA PEÑAS ALBAS";"Asesoramiento tecnico cerezo el valle cabezuela-coadena (Cerezo)";"EXTREMADURA";26/12/2023;;
"552";"5005";"F10023513";"SDAD. COOP. LTDA. SAN ROQUE";"ATESVE CASAS-JERTE-TORNAVACAS (Cerezo)";"EXTREMADURA";26/12/2023;;
"553";"5006";"F10026128";"AGRUPACIÓN COOP. VALLE DEL JERTE S.C.L.";"BERRIES (Frambuesa y pequeños frutos )";"EXTREMADURA";26/12/2023;;
"554";"5007";"F10026128";"AGRUPACIÓN COOP. VALLE DEL JERTE S.C.L.";"Atesve higuera-castaño (Frutal secano y castaño)";"EXTREMADURA";26/12/2023;;
"555";"5008";"F10019925";"SAN LORENZO DE GARGANTA LA OLLA S.C.L.";"SAN LORENZO GARGANTA LA OLLA scl (Cerezo)";"EXTREMADURA";26/12/2023;;
"556";"5009";"F10017861";"SDAD. COOP. LTADA. SAN LUCAS DE EL TORNO";"S.C.L. SAN LUCAS DE EL TORNO (Cerezo)";"EXTREMADURA";26/12/2023;;
"557";"5010";"F10006625";"COOPERATIVA NTRA SRA DE LA BLANCA ";"Atesve pasaron de la vera-arroyomolinos de la vea (Cerezo)";"EXTREMADURA";26/12/2023;;
"558";"5011";"F10003242";"COOP. DEL CAMPO S.C.L.";"SOCIEDAD COOPERATIVA DEL CAMPO (Cerezo)";"EXTREMADURA";26/12/2023;;
"559";"5012";"F10023505";"S.C.L. NTRA. SRA. DEL VISO BARRADO";"Cooperativa nuestra señora del viso de barrado (Cerezo)";"EXTREMADURA";26/12/2023;;
"560";"5013";"V06125181";"S.A.T. PRODUCTORES DE ALMENDRAS N 8838";"ATESVE PRODUCTORES DE ALMENDRA S.A.T.";"EXTREMADURA";26/12/2023;;
"561";"5014";"G06291520";"UPA-UCE EXTREMADURA";"UPA-UCE EXTREMADURA CEREZO";"EXTREMADURA";26/12/2023;;
"562";"5015";"V10501294";"S.A.T. CAMPO Y TIERRA EX 100169 ";"ATESVE CAMPO Y TIERRA";"EXTREMADURA";26/12/2023;;
"563";"6001";"F06122428";"LA ENCINA DE PALAZUELO SDAD. COOP. LTDA.";"LA ENCINA DE PALAZUELO (Arroz)";"EXTREMADURA";26/12/2023;;
"564";"6002";"F06004030";"COOPERATIVA DEL CAMPO LA SAGRADA FAMILIA ";"COOPERATIVA DEL CAMPO LA SAGRADA FAMILIA (Arroz)";"EXTREMADURA";26/12/2023;;
"565";"6003";"F10021558";"SOCIEDAD COOPERATIVA DEL CAMPO SAN JUAN DE MADRIGALEJO ";"COVAMM (Arroz)";"EXTREMADURA";26/12/2023;;
"566";"6004";"F06226989";"AGROCAM. SOC. COOP.";"AGROCAM SOC. COOP. (Hortícola  y Arroz)";"EXTREMADURA";26/12/2023;;
"567";"6005";"F06003958";"SANAVAL SDAD. COOP.";"Sanaval sdad. coop. (Arroz)";"EXTREMADURA";26/12/2023;;
"568";"6006";"F06005086";"COOPERATIVA DEL CAMPO INDUSTRIAL LOS GUADALPERALES";"Coop. del campo industrial guadalperales. (Frutal regadío y Arroz)";"EXTREMADURA";26/12/2023;;
"569";"6007";"F10007151";"SAN RAFAEL COOP. AGRÍCOLA";"COOPERATIVA AGRICOLA SAN RAFAEL (Hortícola  y Arroz)";"EXTREMADURA";26/12/2023;;
"570";"6008";"F06042089";"DIDAYMAZ, SOC. COOP.";"DIDAYMAZ S. COOP. (Olivar y Arroz)";"EXTREMADURA";26/12/2023;;
"571";"6009";"V06034235";"CASAT COMERCIAL AGROPECUARIA S.A.T. 5851";"COMERCIAL AGROPECUARIA SAT CASAT - ARROZ (Arroz)";"EXTREMADURA";26/12/2023;;
"572";"6011";"F06005201";"SAN JUAN SDAD. COOP. AGRÍCOLA";"Sociedad cooperativa agraria san juan (Hortícola  y Arroz)";"EXTREMADURA";26/12/2023;;
"573";"6012";"G06124309";"COOP. AGROLIMETARIAS DE EXTREMADURA";"COOPERATIVAS AGRO-ALIMENTARIAS DE EXTREMADURA, UNION DE COOP. (Arroz)";"EXTREMADURA";26/12/2023;;
"574";"6013";"G06291520";"U.P.A. - UCE. EXTREMADURA";"Arroz - maiz badajoz- caceres (Arroz y Maíz y leguminosas de regadío)";"EXTREMADURA";26/12/2023;;
"575";"6014";"G06736326";"ASOCIACIÓN EMILIO CAMACHO ASEPI";"EMILIO CAMACHO ASEPI";"EXTREMADURA";26/12/2023;;
"576";"6015";"F10021343";"SAN ISIDRO DE MIAJADAS S.C.L.";"ARROZ Y HORTICOLAS SAN ISIDRO DE MIAJADAS, SCL";"EXTREMADURA";26/12/2023;;
"577";"7001";"F10171098";"UNIÓN DE AGRICULTORES DE RIOLOBOS SDAD. COOP.";"UNION DE AGRICULTORES DE RIOLOBOS (Hortícola y Tabaco)";"EXTREMADURA";26/12/2023;;
"578";"7002";"F10109361";"TABACOEX, SDAD COOP DE 2 GRADO";"Tabacoex (Tabaco)";"EXTREMADURA";26/12/2023;;
"579";"7004";"F10023620";"SDAD. COOP. AGRARIA DE LOSAR DE LA VERA";"Coolosar (Tabaco)";"EXTREMADURA";26/12/2023;;
"580";"7005";"F10020485";"COOP. LTDA. NUESTRA SRA. VIRGEN DE ARGAMASA";"NUESTRA SEÑORA VIRGEN DE ARGAMASA TABACO Y HORTICOLA";"EXTREMADURA";26/12/2023;;
"581";"7006";"F10065183";"SDAD. COOP. TABAQUERA LA UNION";"ATESVE SDAD. COOP. TABAQUERA LA UNION";"EXTREMADURA";26/12/2023;;
"582";"8001";"G10038073";"APAG EXTREMADURA ASAJA";"ASADEHESA (Dehesa )";"EXTREMADURA";26/12/2023;;
"583";"8002";"G06291520";"U.P.A. - UCE. EXTREMADURA";"Dehesa jerez II (Dehesa )";"EXTREMADURA";26/12/2023;;
"584";"8003";"G06522221";"ASOCIACIÓN ""DEHESA AL DÍA""";"Asociacion dehesa al dia (Dehesa )";"EXTREMADURA";26/12/2023;;
"585";"8004";"F06015283";"SDAD. COOP. LTDA. DEL CAMPO ""SAN ISIDRO DE MONESTERIO""";"Sociedad coop. ltda.del campo san isidro de monesterio (Dehesa )";"EXTREMADURA";26/12/2023;;
"586";"8005";"G06291520";"U.P.A. - UCE. EXTREMADURA";"DEHESA ALBURQUERQUE UPA-UCE";"EXTREMADURA";26/12/2023;;
"587";"9001";"G06611099";"ASOC PROFESIONAL DEL TRABAJO AUTONOMO EX ";"Uatae (Maíz y leguminosas de regadío)";"EXTREMADURA";26/12/2023;;
"588";"9002";"F06013775";"SDAD. COOP. LTDA. DEL CAMPO ""SAN JOSÉ DE CALAMONTE""";"Sdad. coop. ltda. del campo san jose de calamonte (Viñedo y Cereales de invierno)";"EXTREMADURA";26/12/2023;;
"589";"9003";"F10003549";"COOP. DEL ALAGÓN COPAL";"""Copal"" maíz - leguminosas regadío - cereal (Maíz y leguminosas de regadío y Cereales de invierno)";"EXTREMADURA";26/12/2023;;
"590";"9004";"F06139109";"ACOPAEX SDAD. COOP.";"ACOPAEX ARROZ/MAIZ";"EXTREMADURA";26/12/2023;;
"591";"9005";"G06361711";"APAG EXTREMADURA-ASAJA";"APAG EXTREMADURA ASAJA LLERENA";"EXTREMADURA";26/12/2023;;
"592";"9006";"G06361711";"APAG EXTREMADURA-ASAJA";"APAG EXTREMADURA ASAJA AZUAGA";"EXTREMADURA";26/12/2023;;
"593";;"G26426387";"Asoc. Ciruela de Nalda y Quel";"ATRIA de Almendro de la Asociación de la Ciruela de Nalda y Quel";"LA RIOJA";26/12/2023;;
"594";"2608005";"V26253138";"SAT Valle de Rincón";"ATRIA de Peral de la SAT Valle de Rincón";"LA RIOJA";26/12/2023;;
"595";"2608006";"F26069070";"S. Coop. de Albelda de Iregua";"ATRIA de Peral Valle del Iregua";"LA RIOJA";26/12/2023;;
"596";"2606007";"V26253138";"SAT Valle de Rincón";"ATRIA de Coliflor de la SAT Valle de Rincón";"LA RIOJA";26/12/2023;;
"597";"2609008";"F26014472";"S. Coop. San Esteban Protomártir";"ATRIA de viña de la Bodega Coop. San Esteban";"LA RIOJA";26/12/2023;;
"598";"2603002";"F26015701";"S. Coop. Rioja Alta";"ATRIA de Patata de la Cooperativa Interlocal Agrícola Rioja Alta";"LA RIOJA";26/12/2023;;
"599";"2606003";"F26015701";"S. Coop. Rioja Alta";"ATRIA de Zanahoria de la Cooperativa Interlocal Agrícola Rioja Alta";"LA RIOJA";26/12/2023;;
"600";"2608004";"G26348672";"Asoc. de Productores de nuez el Nogueral";"ATRIA de Nogal de la Asociación de Productores de Nuez el Nogueral";"LA RIOJA";26/12/2023;;
"601";"2608001";"G26509067";"Asoc. de Cultivadores de Alubia de Anguiano";"ATRIA de Alubia de la Asoiación de Cultivadores de Alubia de Anguiano";"LA RIOJA";26/12/2023;;
"602";;"G02386480";"ALCEVINCE ";"ASV";"CASTILLA-LA MANCHA";26/12/2023;;
"603";;"G02328102";"ALMENDRAS DE VILLAMALEA";"ASV";"CASTILLA-LA MANCHA";26/12/2023;;
"604";;"F02009629";"CHAMPINTER";"ASV";"CASTILLA-LA MANCHA";26/12/2023;;
"605";;"F02004455";"S. COOP. DE C-LM LA REMEDIADORA";"ASV";"CASTILLA-LA MANCHA";26/12/2023;;
"606";;"F02004414";"SANTA CRUZ DE ALPERA";"ASV";"CASTILLA-LA MANCHA";26/12/2023;;
"607";;"F02004257";"SAN ANTONIO ABAD DE FUENTEALBILLA, S. COOP. DE C-LM";"ASV";"CASTILLA-LA MANCHA";26/12/2023;;
"608";;"F02003267";"SANTA QUITERIA";"ASV";"CASTILLA-LA MANCHA";26/12/2023;;
"609";;"F02004281";"ASV VIÑA COOP S. ANTONIO ABAD-BODEGAS SAAC DE VILLAMALEA ";"ASV";"CASTILLA-LA MANCHA";26/12/2023;;
"610";;"G02382463";"ASV ZENIZATE";"ASV";"CASTILLA-LA MANCHA";26/12/2023;;
"611";;"G13495015";"ASV BAÑOS DE FUENSANTA";"ASV";"CASTILLA-LA MANCHA";26/12/2023;;
"612";;"F13002746";"BODEGAS SÍMBOLO";"ASV";"CASTILLA-LA MANCHA";26/12/2023;;
"613";;"G13378955";"ASV PARA EL CULTIVO DE LA VID JESÚS DEL PERDÓN";"ASV";"CASTILLA-LA MANCHA";26/12/2023;;
"614";;"G13485156";"COOP DE VITICULTORES DE SOCUÉLLAMOS";"ASV";"CASTILLA-LA MANCHA";26/12/2023;;
"615";;"G13343272";"CAMPO DE MONTIEL ZONA I";"ASV";"CASTILLA-LA MANCHA";26/12/2023;;
"616";;"G13343264";"CAMPO DE MONTIEL ZONA II (2 técnicos)";"ASV";"CASTILLA-LA MANCHA";26/12/2023;;
"617";;"F13006408";"SAT COLOMAN";"ASV";"CASTILLA-LA MANCHA";26/12/2023;;
"618";;"G13420559";"ASV LOS POZOS";"ASV";"CASTILLA-LA MANCHA";26/12/2023;;
"619";;"G13324827";"EL RUBIAL";"ASV";"CASTILLA-LA MANCHA";26/12/2023;;
"620";;"G13339759";"MELÓN SANTIAGO APÓSTOL";"ASV";"CASTILLA-LA MANCHA";26/12/2023;;
"621";;"F13189667";"MONTES NORTE S. COOP CLM";"ASV";"CASTILLA-LA MANCHA";26/12/2023;;
"622";;"G13360136";"OLIVAR VIRGEN DEL MONTE";"ASV";"CASTILLA-LA MANCHA";26/12/2023;;
"623";;"F13003249";"VIRGEN DE LAS VIÑAS BODEGA Y ALMAZARA, S. C. DE C-LM";"ASV";"CASTILLA-LA MANCHA";26/12/2023;;
"624";;"F13005293";"SANTA CATALINA, S. COOP. DE C-LM";"ASV";"CASTILLA-LA MANCHA";26/12/2023;;
"625";;"G13379110";"SANTO TOMÁS DE VILLANUEVA";"ASV";"CASTILLA-LA MANCHA";26/12/2023;;
"626";;"G13376751";"SERTYMAN BYMA II (2 técnicos)";"ASV";"CASTILLA-LA MANCHA";26/12/2023;;
"627";;"G13326194";"VIRGEN DEL MONTE HORTÍCOLAS";"ASV";"CASTILLA-LA MANCHA";26/12/2023;;
"628";;"F16002545";"BODEGAS VILLAVID DULCE NOMBRE DE JESÚS, S. C. DE C-LM";"ASV";"CASTILLA-LA MANCHA";26/12/2023;;
"629";;"F16138588";"ALCAMANCHA CEREALES, S. COOP. DE C-LM";"ASV";"CASTILLA-LA MANCHA";26/12/2023;;
"630";;"G16237539";"ASV APAO-CUENCA";"ASV";"CASTILLA-LA MANCHA";26/12/2023;;
"631";;"G16201832";"SANTA MARÍA MAGDALENA";"ASV";"CASTILLA-LA MANCHA";26/12/2023;;
"632";;"F16003022";"S. COOP. DEL CAMPO NTRA. SRA. DEL ROSARIO";"ASV";"CASTILLA-LA MANCHA";26/12/2023;;
"633";;"F16002990";"IMPERIO, S. COOP. DE C-LM";"ASV";"CASTILLA-LA MANCHA";26/12/2023;;
"634";;"F16003071";"ASV INMACULADA CONCEPCIÓN";"ASV";"CASTILLA-LA MANCHA";26/12/2023;;
"635";;"F16003048";"NTRA. SRA. DE MANJAVACAS, S. COOP. DE C-LM";"ASV";"CASTILLA-LA MANCHA";26/12/2023;;
"636";;"F16002826";"NUESTRA SEÑORA DE LA ESTRELLA";"ASV";"CASTILLA-LA MANCHA";26/12/2023;;
"637";;"F16003568";"S. COOPERATIVA NUESTRA SEÑORA DE RUS";"ASV";"CASTILLA-LA MANCHA";26/12/2023;;
"638";;"F16002750";"SAN ANTONIO DE PADUA";"ASV";"CASTILLA-LA MANCHA";26/12/2023;;
"639";;"F16003345";"COOP. NTRA. SRA. DEL ESPINO";"ASV";"CASTILLA-LA MANCHA";26/12/2023;;
"640";;"F16003030";"SAN ISIDRO DE LEDAÑA, S.C. DE C-LM";"ASV";"CASTILLA-LA MANCHA";26/12/2023;;
"641";;"F16002842";"COOP SANTÍSIMO CRISTO DE LA SALUD";"ASV";"CASTILLA-LA MANCHA";26/12/2023;;
"642";;"F16003469";"PURÍSIMA CONCEPCIÓN, S. COOP DE C-LM";"ASV";"CASTILLA-LA MANCHA";26/12/2023;;
"643";;"G16201568";"NUESTRA SRA DE LA SOLEDAD";"ASV";"CASTILLA-LA MANCHA";26/12/2023;;
"644";;"F16003147";"UNIÓN CAMPESINA INIESTENSE, S. COOP. DE C-LM";"ASV";"CASTILLA-LA MANCHA";26/12/2023;;
"645";;"F16002974";"LA VID Y LA ESPIGA SC CLM";"ASV";"CASTILLA-LA MANCHA";26/12/2023;;
"646";;"G45598315";"CENTRO DE ESPAÑA";"ASV";"CASTILLA-LA MANCHA";26/12/2023;;
"647";;"G45487949";"NUESTRA SEÑORA DEL EGIDO";"ASV";"CASTILLA-LA MANCHA";26/12/2023;;
"648";;"G45066248";"OLIVAREROS DE MORA";"ASV";"CASTILLA-LA MANCHA";26/12/2023;;
"649";;"F29249018";"DCOOP, SOCIEDAD COOPERATIVA ANDALUZA";"ASV";"CASTILLA-LA MANCHA";26/12/2023;;
"650";;"G45485372";"SAN SEBASTIÁN DE BELVÍS";"ASV";"CASTILLA-LA MANCHA";26/12/2023;;
"651";;"G45486164";"SAN ISIDRO DE VILLANUEVA DE ALCARDETE";"ASV";"CASTILLA-LA MANCHA";26/12/2023;;
"652";;"G45575552";"VITICULTORES Y OLIVICULTORES DE CONSUEGRA";"ASV";"CASTILLA-LA MANCHA";26/12/2023;;
"653";;"G45639028";"VITICULTORES Y PROD. CEREAL VILLATOBAS";"ASV";"CASTILLA-LA MANCHA";26/12/2023;;
"654";;"G45778388";"ALCARDET";"ASV";"CASTILLA-LA MANCHA";26/12/2023;;
"655";;"F45003761";"SAN MIGUEL";"ASV";"CASTILLA-LA MANCHA";26/12/2023;;
"656";;"G45610300";"ASV ENTREMONTES";"ASV";"CASTILLA-LA MANCHA";26/12/2023;;
"657";;"F13003140";"ASV Santo Cristo de la Antigua Soc. Coop. de CLM";"ASV";"CASTILLA-LA MANCHA";26/12/2023;;
"658";"ADV 0701001";"F07013303";"Cooperativa Agrícola San Bartolomé de Sóller";"Agrupació de Defensa Vegetal (ADV)";"BALEARES";26/12/2023;;
"659";"ADV 0701004";"V07445844";"SAT 8570 Productors Mallorquins de Fruits Secs";"Agrupació de Defensa Vegetal (ADV)";"BALEARES";26/12/2023;;
"660";"ADV 0701006";"G57080293";"Asoc. Agrupación de Defensa Vegetal Cítricos Santa Magdalena";"Agrupació de Defensa Vegetal (ADV)";"BALEARES";26/12/2023;;
"661";"ADV 0701007";"F07095896";"SCL del Camp Mallorquí";"Agrupació de Defensa Vegetal (ADV)";"BALEARES";26/12/2023;;
"662";"ADV 0701008";"G57216806";"Associació de Defensa Vegetal Es Pla";"Agrupació de Defensa Vegetal (ADV)";"BALEARES";26/12/2023;;
"663";"ADV 0701009";"G57398539";"Associació en Defensa Vegetal d'Ametllers i Garrofers des Migjorn";"Agrupació de Defensa Vegetal (ADV)";"BALEARES";26/12/2023;;
"664";"ADV 0701010";"V57373540";"Mallorcan New Potatoes SAT BA-76";"Agrupació de Defensa Vegetal (ADV)";"BALEARES";26/12/2023;;
"665";"ADV 0701011";"G07937543";"Agromallorca Agrupació de Defensa Vegetal";"Agrupació de Defensa Vegetal (ADV)";"BALEARES";26/12/2023;;
"666";"ADV 0701012";"V07803919";"Agronatura -SAT BA-01";"Agrupació de Defensa Vegetal (ADV)";"BALEARES";26/12/2023;;
"667";"ADV 0701013";"G57554107";"Agrupació de Defensa Vegetal Conradors";"Agrupació de Defensa Vegetal (ADV)";"BALEARES";26/12/2023;;
"668";"ADV 0701016";"F57658643";"Camp Mallorquí Fruits S. Coop.";"Agrupació de Defensa Vegetal (ADV)";"BALEARES";26/12/2023;;
"669";"ADV 0701017";"G57510737";"Associació de la Producció Agrària Ecològica de Mallorca";"Agrupació de Defensa Vegetal (ADV)";"BALEARES";26/12/2023;;
"670";"ADV 0701018";"V16555955";"Terracor Multicultivos";"Agrupació de Defensa Vegetal (ADV)";"BALEARES";26/12/2023;;
"671";"ADV 070201";"G07609183";"Agrupació de Defensa Vegetal Fruta Menorca";"Agrupació de Defensa Vegetal (ADV)";"BALEARES";26/12/2023;;
"672";"ADV 070202";"G07522188";"Agrupació de Defensa Vegetal Hortigrup";"Agrupació de Defensa Vegetal (ADV)";"BALEARES";26/12/2023;;
"673";"ADV 070301";"F07013444";"Agrupació de Defensa Vegetal de la SCL Agrícola Sant Antoni";"Agrupació de Defensa Vegetal (ADV)";"BALEARES";26/12/2023;;
"674";"ADV 070302";"G57594640";"Agrupació de Defensa Vegetal i Sanitària de l'Olivar d'Eivissa";"Agrupació de Defensa Vegetal (ADV)";"BALEARES";26/12/2023;;
"675";"ADV 070303";"F07013477";"Agrupació de Defensa Vegetal multi cultiu Cooperativa Agrícola Santa Eulàlia";"Agrupació de Defensa Vegetal (ADV)";"BALEARES";26/12/2023;;
"676";"ADV 070401";"F07013485";"Cooperativa del Camp de Formentera";"Agrupació de Defensa Vegetal (ADV)";"BALEARES";26/12/2023;;
"677";"20015";"G82258203";"ASOCIACIÓN DE HORTICULTORES DE VILLA DEL PRADO, HUERTA DE MADRID";"ATRIA";"MADRID";26/12/2023;;
"678";"28/CM-6 AC";"G79274635";"SECTOR OLIVARERO DE LA UNIÓN DE COOPERATIVAS AGRARIAS MADRILEÑAS";"ATRIA";"MADRID";26/12/2023;;
"679";"1582";"G79128518";"ASAJA MADRID";"ATRIA";"MADRID";26/12/2023;;
"680";"DOP Vinos de Madrid";"Q7850001D";"VITICULTORES DE MADRID";"ATRIA";"MADRID";26/12/2023;;
"681";"SV080001";"F08174963";"ADV COVIDES (COOPERATIVA VINÍCOLA DEL PENEDÈS)";"Agrupación de Defensa Vegetal";"CATALUÑA";26/12/2023;;
"682";"SV080003";"G58386871";"ADV BAIX MARESME";"Agrupación de Defensa Vegetal";"CATALUÑA";26/12/2023;;
"683";"SV080004";"G58353848";"ADV ALT MARESME";"Agrupación de Defensa Vegetal";"CATALUÑA";26/12/2023;;
"684";"SV080006";"G58884537";"ADV FLORAGRUP";"Agrupación de Defensa Vegetal";"CATALUÑA";26/12/2023;;
"685";"SV080007";"F08668824";"ADV CORMA, SCCL";"Agrupación de Defensa Vegetal";"CATALUÑA";26/12/2023;;
"686";"SV080008";"F08792269";"ADV DE LA COOP. AGRÀRIA COMARCAL DEL VALLÈS SCCL";"Agrupación de Defensa Vegetal";"CATALUÑA";26/12/2023;;
"687";"SV080009";"G58543604";"ADV HORTA DEL BAIX LLOBREGAT";"Agrupación de Defensa Vegetal";"CATALUÑA";26/12/2023;;
"688";"SV080010";"F59889782";"ADV HORTEC, SCCL";"Agrupación de Defensa Vegetal";"CATALUÑA";26/12/2023;;
"689";"SV080011";"G60612504";"ADV ASSOCIACIÓ AGRICULTORS VIVERISTES DE BARCELONA";"Agrupación de Defensa Vegetal";"CATALUÑA";26/12/2023;;21/11/2025
"690";"SV080015";"F60211786";"ADV AGRICOLA PROGRÉS-GARBÍ";"Agrupación de Defensa Vegetal";"CATALUÑA";26/12/2023;;
"691";"SV080016";"F61378659";"ADV VITALPE, SAT";"Agrupación de Defensa Vegetal";"CATALUÑA";26/12/2023;;
"692";"SV080017";"G61842126";"ADV SANTA SUSANNA";"Agrupación de Defensa Vegetal";"CATALUÑA";26/12/2023;;
"693";"SV080018";"G62239090";"ADV FRUITA DEL BAIX LLOBREGAT";"Agrupación de Defensa Vegetal";"CATALUÑA";26/12/2023;;
"694";"SV080020";"G62761887";"ADV DE LA FRUITA DOLÇA DE L'ALT PENEDES";"Agrupación de Defensa Vegetal";"CATALUÑA";26/12/2023;;
"695";"SV080023";"G63381180";"ADV MADUIXAIRES DE L'ALT MARESME";"Agrupación de Defensa Vegetal";"CATALUÑA";26/12/2023;;17/01/2025
"696";"SV080024";"F63068571";"ADV CONCA DE LA TORDERA SCCL (ANTIGA PALAFOLLS)";"Agrupación de Defensa Vegetal";"CATALUÑA";26/12/2023;;
"697";"SV080027";"G65072050";"ADV SANT LLORENÇ-PENEDÈS SUPERIOR";"Agrupación de Defensa Vegetal";"CATALUÑA";26/12/2023;;
"698";"SV080028";"G65213274";"ADV SANT MARTÍ-PENEDÈS SUPERIOR";"Agrupación de Defensa Vegetal";"CATALUÑA";26/12/2023;;
"699";"SV080030";"G58539446";"ADV ASSOCIACIÓ DE VITICULTORS DEL PENEDÈS";"Agrupación de Defensa Vegetal";"CATALUÑA";26/12/2023;;
"700";"SV080031";"F08175457";"ADV DE LA GRANADA";"Agrupación de Defensa Vegetal";"CATALUÑA";26/12/2023;;
"701";"SV080032";"G25787532";"ADV PIRINEU";"Agrupación de Defensa Vegetal";"CATALUÑA";26/12/2023;;
"702";"SV080033";"G66442070";"ADV FONT-RUBÍ ";"Agrupación de Defensa Vegetal";"CATALUÑA";26/12/2023;;
"703";"SV080035";"G67147256";"ADV HORTA LLEVANT";"Agrupación de Defensa Vegetal";"CATALUÑA";26/12/2023;;
"704";"SV080036";"G67331504";"ADV DE CONREUS HERBACIS SOSTENIBLES";"Agrupación de Defensa Vegetal";"CATALUÑA";26/12/2023;;
"705";"SV080037";"G67492926";"ADV DEL BAGES I CATALUNYA CENTRAL";"Agrupación de Defensa Vegetal";"CATALUÑA";26/12/2023;;
"706";"SV170003";"G17120379";"ADV PRODUCTORS D'AVELLANA DE GIRONA";"Agrupación de Defensa Vegetal";"CATALUÑA";26/12/2023;;
"707";"SV170005";"G17130311";"ADV VIVERISTES DE GIRONA";"Agrupación de Defensa Vegetal";"CATALUÑA";26/12/2023;;
"708";"SV170007";"G17144817";"ADV VINYATERS DE PAU";"Agrupación de Defensa Vegetal";"CATALUÑA";26/12/2023;;
"709";"SV170008";"B17015769";"ADV FRUCTÍCOLA EMPORDÀ";"Agrupación de Defensa Vegetal";"CATALUÑA";26/12/2023;;
"710";"SV170009";"B17011511";"ADV DE COSTA BRAVA FRUCTICULTORS (GIROPOMA COSTA BRAVA)";"Agrupación de Defensa Vegetal";"CATALUÑA";26/12/2023;;
"711";"SV170010";"F17021676";"ADV COOPERATIVA GIRONA FRUITS";"Agrupación de Defensa Vegetal";"CATALUÑA";26/12/2023;;
"712";"SV170012";"G17275892";"ADV DE FLUVIÀ";"Agrupación de Defensa Vegetal";"CATALUÑA";26/12/2023;;
"713";"SV170014";"G17402959";"ADV ARRÒS DE PALS";"Agrupación de Defensa Vegetal";"CATALUÑA";26/12/2023;;
"714";"SV170015";"F17008848";"ADV COOPERATIVA AGRÍCOLA DE CASTELLÓ D'EMPÚRIES";"Agrupación de Defensa Vegetal";"CATALUÑA";26/12/2023;;
"715";"SV170016";"G17623232";"ADV LA SELVA";"Agrupación de Defensa Vegetal";"CATALUÑA";26/12/2023;;
"716";"SV170017";"F17674037";"ADV PRODUCTORS DE CONREUS EXTENSIUS DE GIRONA";"Agrupación de Defensa Vegetal";"CATALUÑA";26/12/2023;17/01/2025;
"717";"SV170018";"G17749227";"ADV PRODUCTORS INDEPENDENTS DE FRUITA DOLÇA DE L'EMPORDÀ";"Agrupación de Defensa Vegetal";"CATALUÑA";26/12/2023;;
"718";"SV170020";"F17008368";"ADV COOPERATIVA AGRÍCOLA DE BANYOLES";"Agrupación de Defensa Vegetal";"CATALUÑA";26/12/2023;;
"719";"SV170022";"F17015033";"ADV AGRICOLA DE GARRIGUELLA SCCL";"Agrupación de Defensa Vegetal";"CATALUÑA";26/12/2023;;
"720";"SV170023";"G17122029";"ADV D.O. EMPORDÀ";"Agrupación de Defensa Vegetal";"CATALUÑA";26/12/2023;;
"721";"SV170025";"G55332852";"ADV ASSOCIACIÓ FLORENCI ";"Agrupación de Defensa Vegetal";"CATALUÑA";26/12/2023;;
"722";"SV250002";"F25003765";"ADV DE MIRALCAMP (COOP. AGRÀRIA DE MIRALCAMP SCCL)";"Agrupación de Defensa Vegetal";"CATALUÑA";26/12/2023;;
"723";"SV250006";"F25004409";"ADV IVARS D'URGELL (COOP. DEL CAMP D'IVARS D'URGELL)";"Agrupación de Defensa Vegetal";"CATALUÑA";26/12/2023;;
"724";"SV250008";"F25007741";"ADV AGRÀRIA PROGRESSIVA (BENAVENT)";"Agrupación de Defensa Vegetal";"CATALUÑA";26/12/2023;;17/01/2025
"725";"SV250009";"F25003559";"ADV SANT ISIDRE DE LES BORGES BLANQUES I SECCIÓ DE CREDIT SCCL";"Agrupación de Defensa Vegetal";"CATALUÑA";26/12/2023;;
"726";"SV250012";"F25008285";"ADV COOPERATIVA AGROPECUÀRIA DE SOSES";"Agrupación de Defensa Vegetal";"CATALUÑA";26/12/2023;;
"727";"SV250018";"F25032103";"ADV VIVERS DE LLEIDA (SAT PLAVISE)";"Agrupación de Defensa Vegetal";"CATALUÑA";26/12/2023;;16/09/2025
"728";"SV250019";"F25004052";"ADV L'ÍNTIMA D'ALPICAT (COOP. L'INTIMA)";"Agrupación de Defensa Vegetal";"CATALUÑA";26/12/2023;;
"729";"SV250022";"F25005596";"ADV TORREFARRERA";"Agrupación de Defensa Vegetal";"CATALUÑA";26/12/2023;;
"730";"SV250025";"F25004045";"ADV D'ALCARRÀS-CAMP D'ALCARRÀS I SECCIÓ DE CRÈDIT, SCCL";"Agrupación de Defensa Vegetal";"CATALUÑA";26/12/2023;;
"731";"SV250031";"F25004086";"ADV AGRARIA I SECCIÓ DE CREDIT LA BORGENCA SCCL";"Agrupación de Defensa Vegetal";"CATALUÑA";26/12/2023;;
"732";"SV250036";"G25073990";"ADV VALLS DEL CORB ASSOC.  (ADV DE VERDÚ)";"Agrupación de Defensa Vegetal";"CATALUÑA";26/12/2023;;
"733";"SV250040";"F25686478";"ADV ARBEQUINA I SECCIÓ DE CRÈDIT SCCL";"Agrupación de Defensa Vegetal";"CATALUÑA";26/12/2023;;
"734";"SV250042";"F25003260";"ADV DE LINYOLA (COOPERATIVA DEL CAMP)";"Agrupación de Defensa Vegetal";"CATALUÑA";26/12/2023;;
"735";"SV250048";"F25009770";"ADV BELLVÍS (VERGE DE LES SOGUES SCCL)";"Agrupación de Defensa Vegetal";"CATALUÑA";26/12/2023;;
"736";"SV250050";"F25015769";"ADV AGROPECUÀRIA DE JUNEDA, SCCL";"Agrupación de Defensa Vegetal";"CATALUÑA";26/12/2023;;
"737";"SV250051";"G25226523";"ADV GOLMÉS";"Agrupación de Defensa Vegetal";"CATALUÑA";26/12/2023;;
"738";"SV250056";"F25003989";"ADV FOMENT AGRÍCOLA LES PLANES (TORREGROSSA)";"Agrupación de Defensa Vegetal";"CATALUÑA";26/12/2023;;
"739";"SV250060";"F25003518";"ADV DEL CAMP SANT ISIDRE BELLCAIRE D'URGELL, SCCL";"Agrupación de Defensa Vegetal";"CATALUÑA";26/12/2023;;
"740";"SV250065";"F25003401";"ADV COOPERATIVA AGRÍCOLA ALBATÀRREC";"Agrupación de Defensa Vegetal";"CATALUÑA";26/12/2023;;
"741";"SV250069";"F25003815";"ADV PALAU D'ANGLESOLA (STAT. COOP. CAT. LTDA. AGRARIA SANT ROC)";"Agrupación de Defensa Vegetal";"CATALUÑA";26/12/2023;;
"742";"SV250070";"F25275470";"ADV FRUITS D'ALFARRÀS";"Agrupación de Defensa Vegetal";"CATALUÑA";26/12/2023;;
"743";"SV250071";"V25309394";"ADV VALLMANYA (SAT FRUITA D'ALCARRÀS-FRUITS CABEROL)";"Agrupación de Defensa Vegetal";"CATALUÑA";26/12/2023;;
"744";"SV250073";"F25220104";"ADV FRUITS SECS GARRIGUES";"Agrupación de Defensa Vegetal";"CATALUÑA";26/12/2023;;
"745";"SV250078";"F25009762";"ADV COOP. DEL CAMP SANT GAIETÀ D'ALMENAR SCCL";"Agrupación de Defensa Vegetal";"CATALUÑA";26/12/2023;;
"746";"SV250080";"F25003898";"ADV COOPERATIVA PIRENAICA";"Agrupación de Defensa Vegetal";"CATALUÑA";26/12/2023;;
"747";"SV250081";"F25008277";"ADV FRUILAR SAT 197";"Agrupación de Defensa Vegetal";"CATALUÑA";26/12/2023;;
"748";"SV250084";"F25023938";"ADV ACTEL-1";"Agrupación de Defensa Vegetal";"CATALUÑA";26/12/2023;;
"749";"SV250086";"F25007469";"ADV COFRUSE (FRUTERA SEGRIÀ SCCL)";"Agrupación de Defensa Vegetal";"CATALUÑA";26/12/2023;;
"750";"SV250087";"F25011461";"ADV NUFRI SAT1596";"Agrupación de Defensa Vegetal";"CATALUÑA";26/12/2023;;
"751";"SV250091";"G25544347";"ADV DE PRODUCCIÓ ECOLÒGICA DE PONENT";"Agrupación de Defensa Vegetal";"CATALUÑA";26/12/2023;;
"752";"SV250092";"F25012311";"ADV DE LA COOPERATIVA DEL CAMP SANT MIQUEL SCCL DE BELL-LLOC";"Agrupación de Defensa Vegetal";"CATALUÑA";26/12/2023;;
"753";"SV250094";"G25682816";"ADV FRUITERS D'URGELL ASSOCIACIÓ";"Agrupación de Defensa Vegetal";"CATALUÑA";26/12/2023;;17/01/2025
"754";"SV250096";"F25306614";"ADV SAT SEGRIÀ GARRIGUES";"Agrupación de Defensa Vegetal";"CATALUÑA";26/12/2023;;
"755";"SV250097";"G25739632";"ADV PLA DE LLEIDA";"Agrupación de Defensa Vegetal";"CATALUÑA";26/12/2023;;
"756";"SV250098";"G25739798";"ADV CULTIUS DE LLEIDA";"Agrupación de Defensa Vegetal";"CATALUÑA";26/12/2023;;
"757";"SV250100";"G25756768";"ADV FRUITERS DEL SEGRE";"Agrupación de Defensa Vegetal";"CATALUÑA";26/12/2023;;
"758";"SV250101";"G25777038";"ADV PRODUCTORS D'OLIVA I FRUITA SECA";"Agrupación de Defensa Vegetal";"CATALUÑA";26/12/2023;;
"759";"SV250102";"V25803032";"ADV FRUITS ECOLÒGICS I CONVENCIONALS SAT CAT";"Agrupación de Defensa Vegetal";"CATALUÑA";26/12/2023;;
"760";"SV250103";"F25392143";"ADV FRUTAITO SAT Nº 9904";"Agrupación de Defensa Vegetal";"CATALUÑA";26/12/2023;;
"761";"SV250104";"F25380155";"ADV SANT DOMENEC";"Agrupación de Defensa Vegetal";"CATALUÑA";26/12/2023;;
"762";"SV250105";"G25833625";"ADV ARO-PONENT";"Agrupación de Defensa Vegetal";"CATALUÑA";26/12/2023;;
"763";"SV250107";"G25832148";"ADV DE RAIMAT";"Agrupación de Defensa Vegetal";"CATALUÑA";26/12/2023;;
"764";"SV250108";"G25846221";"ADV AGROTÈCNICA DE LLEIDA, ASSOC.";"Agrupación de Defensa Vegetal";"CATALUÑA";26/12/2023;;
"765";"SV250109";"G25848177";"ADV SEMPRE VERDA ES LA MEVA VALL";"Agrupación de Defensa Vegetal";"CATALUÑA";26/12/2023;;
"766";"SV250110";"F25009739";"ADV CAMP SANT FAUST I SECCIÓ DE CRÈDIT D'ALGUAIRE, SCCL";"Agrupación de Defensa Vegetal";"CATALUÑA";26/12/2023;;
"767";"SV250111";"F25015900";"ADV COOP. DEL CAMP SANT GAIETÀ D'AITONA ";"Agrupación de Defensa Vegetal";"CATALUÑA";26/12/2023;;
"768";"SV250112";"G25860982";"ADV ASSESSORAMENT I QUALITAT";"Agrupación de Defensa Vegetal";"CATALUÑA";26/12/2023;;
"769";"SV250113";"G06765416";"ADV CULTIUS DE PONENT";"Agrupación de Defensa Vegetal";"CATALUÑA";26/12/2023;;
"770";"SV250114";"G67756833";"ADV AGROASSESSORS";"Agrupación de Defensa Vegetal";"CATALUÑA";26/12/2023;;
"771";"SV250115";"G67890434";"ADV PREPIRINEU-PONENT";"Agrupación de Defensa Vegetal";"CATALUÑA";26/12/2023;13/02/2026;
"772";"SV250116";"G09871781";"ADV FEM AGRICULTURA";"Agrupación de Defensa Vegetal";"CATALUÑA";26/12/2023;;
"773";"SV250117";"G72904428";"ADV ASSESSORAMENT INTEGRAL ARARI";"Agrupación de Defensa Vegetal";"CATALUÑA";26/12/2023;;
"774";"SV250118";"G72880057";"ADV AGROBORGES";"Agrupación de Defensa Vegetal";"CATALUÑA";26/12/2023;;
"775";"SV430014";"G43244540";"ADV VITICULTORS DE LA CONCA";"Agrupación de Defensa Vegetal";"CATALUÑA";26/12/2023;;
"776";"SV430015";"G43306083";"ADV COSELVA";"Agrupación de Defensa Vegetal";"CATALUÑA";26/12/2023;;
"777";"SV430019";"G43311646";"ADV BAIX CAMP SUD";"Agrupación de Defensa Vegetal";"CATALUÑA";26/12/2023;;
"778";"SV430027";"G43402627";"ADV HORTA PROTEGIDA DEL CAMP DE TARRAGONA";"Agrupación de Defensa Vegetal";"CATALUÑA";26/12/2023;;
"779";"SV430034";"G43483825";"ADV VITIOLEICULTORS BAIX PENEDÈS-GARRAF";"Agrupación de Defensa Vegetal";"CATALUÑA";26/12/2023;;
"780";"SV430040";"F43074855";"ADV AVELLANES DEL CAMP (L'AVELLANERA I SECCIÓ DE CRÈDIT SCCL.)";"Agrupación de Defensa Vegetal";"CATALUÑA";26/12/2023;;
"781";"SV430043";"G43609858";"ADV VITICULTORS DE L'ALT CAMP";"Agrupación de Defensa Vegetal";"CATALUÑA";26/12/2023;;
"782";"SV430045";"G43682988";"ADV AVELLANES DE CATALUNYA NOVA";"Agrupación de Defensa Vegetal";"CATALUÑA";26/12/2023;;
"783";"SV430047";"G43637180";"ADV DE L'AVELLANA I CULTIUS MEDITERRANIS ";"Agrupación de Defensa Vegetal";"CATALUÑA";26/12/2023;;
"784";"SV430049";"Q4300153F";"ADV D.O. MONTSANT";"Agrupación de Defensa Vegetal";"CATALUÑA";26/12/2023;;
"785";"SV430050";"G43378520";"ADV ASSOCIACIÓ D'HORTÍCULTURA ORNAMENTAL DE LA PROVÍNCIA DE TARRAGONA";"Agrupación de Defensa Vegetal";"CATALUÑA";26/12/2023;;
"786";"SV430051";"G43804822";"ADV INTERCOOPERATIVA DE CAMBRILS";"Agrupación de Defensa Vegetal";"CATALUÑA";26/12/2023;;
"787";"SV430054";"G43946003";"ADV AGRICULTORS DEL PLA DE MANLLEU";"Agrupación de Defensa Vegetal";"CATALUÑA";26/12/2023;;
"788";"SV430055";"G55645204";"ADV CELLERS DOMENYS ASSOC.";"Agrupación de Defensa Vegetal";"CATALUÑA";26/12/2023;;
"789";"SV430056";"F43013457";"ADV VINÍCOLA DE SARRAL I SECCIÓ DE CRÈDIT, COVISAL, SCCL";"Agrupación de Defensa Vegetal";"CATALUÑA";26/12/2023;;
"790";"SV430057";"V43095819";"ADV D.O.Q PRIORAT";"Agrupación de Defensa Vegetal";"CATALUÑA";26/12/2023;;
"791";"SV430058";"G72910565";"ADV MARGES DEL GAIÀ";"Agrupación de Defensa Vegetal";"CATALUÑA";26/12/2023;;
"792";"SV600002";"F12011052";"ADV EXP. AGRIS ALCANAR (COPALCA)";"Agrupación de Defensa Vegetal";"CATALUÑA";26/12/2023;;
"793";"SV600004";"F43046580";"ADV VIVEROS ALCANAR";"Agrupación de Defensa Vegetal";"CATALUÑA";26/12/2023;;
"794";"SV600005";"V43261247";"ADV D.O. TERRA ALTA";"Agrupación de Defensa Vegetal";"CATALUÑA";26/12/2023;;
"795";"SV600007";"G43085364";"ADV PEL CONTROL DE LA MOSCA DE L'OLIVA";"Agrupación de Defensa Vegetal";"CATALUÑA";26/12/2023;;
"796";"SV600009";"G43657493";"ADV DE L'ARRÒS I ALTRES CULTIUS DEL DELTA DE L'EBRE";"Agrupación de Defensa Vegetal";"CATALUÑA";26/12/2023;;
"797";"SV600013";"F43440759";"ADV SOLDEBRE CÍTRICS";"Agrupación de Defensa Vegetal";"CATALUÑA";26/12/2023;;
"798";"SV600014";"F43517051";"ADV BAIX MON SAT Nº 1379 CAT";"Agrupación de Defensa Vegetal";"CATALUÑA";26/12/2023;;17/01/2025
"799";"SV600018";"F43012491";"ADV DE LA TORRE DE L'ESPANYOL";"Agrupación de Defensa Vegetal";"CATALUÑA";26/12/2023;;
"800";"SV600019";"V43923614";"ADV CÍTRICS TERRES DE L'EBRE";"Agrupación de Defensa Vegetal";"CATALUÑA";26/12/2023;;
"801";"SV600030";"F43022086";"ADV GRUP FRUITER SCCL DE BENISSANET ";"Agrupación de Defensa Vegetal";"CATALUÑA";26/12/2023;;
"802";"SV600031";"Q4300148F";"ADV DOP OLI TERRA ALTA";"Agrupación de Defensa Vegetal";"CATALUÑA";26/12/2023;;16/09/2025
"803";"SV250121";"F25284209";"ADV GRUP COOPERATIU FRUITS DE PONENT, SCCL";"Agrupación de Defensa Vegetal";"CATALUÑA";29/02/2024;17/01/2025;16/09/2025
"804";"SV430059";"F43010727";"ADV AGROPECUARIA COPERAL SCCL";"Agrupación de Defensa Vegetal";"CATALUÑA";14/03/2024;17/01/2025;
"805";"SV250119";"G44670123";"ADV CULTIUS DE LA TERRAFERMA";"Agrupación de Defensa Vegetal";"CATALUÑA";14/03/2024;17/01/2025;
"806";"SV250120";"F25003435";"ADV AGROSERVEIS D'ALMACELLES, SCCL";"Agrupación de Defensa Vegetal";"CATALUÑA";14/03/2024;17/01/2025;
"807";"SV430060";"F43012608";"ADV CELLER COOPERATIU I SECCIO DE CREDIT DE VILA-RODONA, SCCL";"Agrupación de Defensa Vegetal";"CATALUÑA";19/03/2024;17/01/2025;
"808";"SV170026";"G75670661";"ADV AGROECOLÒGIA ORIENTAL";"Agrupación de Defensa Vegetal";"CATALUÑA";17/01/2025;17/01/2025;
"809";"SV250122";"V13814744";"ADV DEL PALLARS";"Agrupación de Defensa Vegetal";"CATALUÑA";22/08/2025;;
"810";"SV600031";"F43721380";"ADV VITICULTORS BATEANS S.C.C.L.";"Agrupación de Defensa Vegetal";"CATALUÑA";22/08/2025;;
"811";"SV080038";"G58149790";"ADV ASSOCIACIÓ D'AGRICULTORS VIVERISTES DE LA PROVÍNCIA DE BARCELONA";;"CATALUÑA";21/11/2025;;
"812";"SV250123";"F01664200";"ADV NUFRESCO  SCCL";"Agrupación de Defensa Vegetal";"CATALUÑA";17/12/2025;;
