"Código CPE";"Categoría del CPE";"CEE";"Unidades de medida"
"SOC_CLND004";"Trigo blando y escanda";"CLND004";"€/ha"
"SOC_CLND005";"Trigo duro";"CLND005";"€/ha"
"SOC_CLND006";"Centeno y mezclas de cereales de invierno (tranquillón)";"CLND006";"€/ha"
"SOC_CLND007";"Cebada";"CLND007";"€/ha"
"SOC_CLND008";"Avena y mezclas de cereales de primavera (mezcla de cereales distintos del tranquillón)";"CLND008";"€/ha"
"SOC_CLND009";"Maíz en grano y mezcla de mazorca de maíz";"CLND009";"€/ha"
"SOC_CLND010_011_012";"Triticale, sorgo y otros cereales n.c.o.p. (alforfón, mijo, alpiste, etc.)";"CLND010_011_012";"€/ha"
"SOC_CLND013";"Arroz";"CLND013";"€/ha"
"SOC_CLND014";"Leguminosas y proteaginosas secas para la producción de grano (incluidas las semillas y las mezclas de cereales con leguminosas)";"CLND014";"€/ha"
"SOC_CLND015";"Guisantes, habas y altramuces dulces";"CLND015";"€/ha"
"SOC_CLND017";"Patatas (incluidas las patatas de siembra)";"CLND017";"€/ha"
"SOC_CLND018";"Remolacha azucarera (excepto semillas)";"CLND018";"€/ha"
"SOC_CLND019";"Otros cultivos de raíces n.c.o.p.";"CLND019";"€/ha"
"SOC_CLND022";"Semillas de colza y nabina";"CLND022";"€/ha"
"SOC_CLND023";"Semillas de girasol";"CLND023";"€/ha"
"SOC_CLND024";"Soja";"CLND024";"€/ha"
"SOC_CLND025";"Lino oleaginoso (linaza)";"CLND025";"€/ha"
"SOC_CLND026";"Otros cultivos de semillas oleaginosas n.c.o.p.";"CLND026";"€/ha"
"SOC_CLND028";"Lino textil";"CLND028";"€/ha"
"SOC_CLND029";"Cáñamo";"CLND029";"€/ha"
"SOC_CLND030";"Algodón";"CLND030";"€/ha"
"SOC_CLND031";"Otros cultivos fibrosos n.c.o.p.";"CLND031";"€/ha"
"SOC_CLND032";"Tabaco";"CLND032";"€/ha"
"SOC_CLND033";"Lúpulo";"CLND033";"€/ha"
"SOC_CLND034";"Plantas aromáticas, medicinales y culinarias";"CLND034";"€/ha"
"SOC_CLND035_036";"Cultivos energéticos y otros cultivos industriales n.c.o.p.";"CLND035_036";"€/ha"
"SOC_CLND037";"Cultivos cosechados en verde en tierras arables";"CLND037";"€/ha"
"SOC_CLND038";"Pastos y prados temporales";"CLND038";"€/ha"
"SOC_CLND039";"Leguminosas cosechadas en verde";"CLND039";"€/ha"
"SOC_CLND040";"Maíz forrajero";"CLND040";"€/ha"
"SOC_CLND041_042";"Otros cultivos y cereales (excepto maíz) cosechados en verde n.c.o.p.";"CLND041_042";"€/ha"
"SOC_CLND043";"Hortalizas frescas (incluidos melones) y fresas - Producidas al aire libre";"CLND043";"€/ha"
"SOC_CLND044";"Hortalizas frescas (incluidos melones) y fresas - Horticultura comercial";"CLND044";"€/ha"
"SOC_CLND045";"Hortalizas frescas (incluidos melones) y fresas - Producidas al aire libre";"CLND045";"€/ha"
"SOC_CLND046";"Flores y plantas ornamentales (excepto viveros) - Producidas al aire libre";"CLND046";"€/ha"
"SOC_CLND047";"Semillas y plántulas";"CLND047";"€/ha"
"SOC_CLND048_083";"Otros cultivos de tierras arables n.c.o.p., inclusive en invernadero o bajo cubierta alta accesible";"CLND048_083";"€/ha"
"SOC_CLND049";"Barbecho";"CLND049";"€/ha"
"SOC_CLND050";"Praderas permanentes";"CLND050";"€/ha"
"SOC_CLND051";"Prados permanentes y pastos, excepto los pastos pobres";"CLND051";"€/ha"
"SOC_CLND052";"Pastos pobres";"CLND052";"€/ha"
"SOC_CLND053";"Pastos permanentes que ya no se destinan a la producción y que pueden recibir subvenciones";"CLND053";"€/ha"
"SOC_CLND055";"Frutas, bayas y frutos de cáscara (excepto cítricos, uvas y fresas)";"CLND055";"€/ha"
"SOC_CLND056";"Frutas de pepita";"CLND056";"€/ha"
"SOC_CLND056_057";"Frutales de zonas templadas";"CLND056_057";"€/ha"
"SOC_CLND057";"Frutas de hueso";"CLND057";"€/ha"
"SOC_CLND058";"Frutas de zonas de clima subtropical y tropical";"CLND058";"€/ha"
"SOC_CLND059";"Bayas (excepto fresas)";"CLND059";"€/ha"
"SOC_CLND060";"Frutos de cáscara";"CLND060";"€/ha"
"SOC_CLND061";"Cítricos";"CLND061";"€/ha"
"SOC_CLND062";"Uvas";"CLND062";"€/ha"
"SOC_CLND063";"Uvas de vinificación";"CLND063";"€/ha"
"SOC_CLND064";"Uvas de vinificación para vinos con denominación de origen protegida (DOP)";"CLND064";"€/ha"
"SOC_CLND065";"Uvas de vinificación para vinos con indicación geográfica protegida (IGP)";"CLND065";"€/ha"
"SOC_CLND066";"Uvas de vinificación para otros vinos n.c.o.p. (sin DOP/IGP)";"CLND066";"€/ha"
"SOC_CLND067";"Uvas de mesa";"CLND067";"€/ha"
"SOC_CLND068";"Uvas para pasas";"CLND068";"€/ha"
"SOC_CLND069";"Aceitunas";"CLND069";"€/ha"
"SOC_CLND069A";"Que producen normalmente aceitunas de mesa";"CLND069A";"€/ha"
"SOC_CLND069B";"Que producen normalmente aceitunas de almazara";"CLND069B";"€/ha"
"SOC_CLND070";"Viveros";"CLND070";"€/ha"
"SOC_CLND071";"Otros cultivos permanentes";"CLND071";"€/ha"
"SOC_CLND072";"Árboles de Navidad";"CLND072";"€/ha"
"SOC_CLND073_085";"Huertos familiares y otras SAU en invernadero o bajo cubierta alta accesible n.c.o.p";"CLND073_085";"€/ha"
"SOC_CLND079";"Setas cultivadas";"CLND079";"€/ha"
"SOC_CLND081";"Hortalizas frescas (incluidos melones) y fresas cultivadas en invernadero o en abrigo alto accesible";"CLND081";"€/ha"
"SOC_CLND082";"Flores y plantas ornamentales (excepto viveros) cultivadas en invernadero o en abrigo alto accesible";"CLND082";"€/ha"
"SOC_CLND084";"Cultivos permanentes cultivados en invernadero o en abrigo alto accesible";"CLND084";"€/ha"
"SOC_CLVS001";"Bovinos de menos de un año";"CLVS001";"€/cabeza"
"SOC_CLVS003";"Bovinos machos de entre un año y menos de dos años";"CLVS003";"€/cabeza"
"SOC_CLVS004";"Terneras de entre un año y menos de dos años";"CLVS004";"€/cabeza"
"SOC_CLVS005";"Bovinos machos de dos años o más";"CLVS005";"€/cabeza"
"SOC_CLVS007";"Terneras de dos años o más";"CLVS007";"€/cabeza"
"SOC_CLVS008";"Vacas";"CLVS008";"€/cabeza"
"SOC_CLVS009";"Vacas lecheras";"CLVS009";"€/cabeza"
"SOC_CLVS010";"Vacas no lecheras";"CLVS010";"€/cabeza"
"SOC_CLVS011";"Búfalas";"CLVS011";"€/cabeza"
"SOC_CLVS012";"Ovinos (todas las edades)";"CLVS012";"€/cabeza"
"SOC_CLVS013";"Ovejas reproductoras";"CLVS013";"€/cabeza"
"SOC_CLVS014";"Otros ovinos";"CLVS014";"€/cabeza"
"SOC_CLVS015";"Caprinos (todas las edades)";"CLVS015";"€/cabeza"
"SOC_CLVS016";"Cabras reproductoras";"CLVS016";"€/cabeza"
"SOC_CLVS017";"Otros caprinos";"CLVS017";"€/cabeza"
"SOC_CLVS018";"Lechones con un peso vivo de menos de 20 kg";"CLVS018";"€/cabeza"
"SOC_CLVS019";"Cerdas reproductoras con un peso vivo de 50 kg o más";"CLVS019";"€/cabeza"
"SOC_CLVS020";"Otros porcinos";"CLVS020";"€/cabeza"
"SOC_CLVS021";"Pollos de engorde";"CLVS021";"€/cabeza"
"SOC_CLVS022";"Gallinas ponedoras";"CLVS022";"€/cabeza"
"SOC_CLVS023";"Otras aves de corral";"CLVS023";"€/cabeza"
"SOC_CLVS029";"Conejas reproductoras";"CLVS029";"€/cabeza"
"SOC_CLVS030";"Abejas";"CLVS030";"€/colmena"
