"Código SIEX";"Nombre CUE-Comercial";"NIF";"Razón social";"Andalucía";"Aragón";"Principado de Asturias";"Islas Baleares";"Islas Canarias";"Cantabria";"Castilla La Mancha";"Castilla y León";"Cataluña";"Extremadura";"Galicia";"Comunidad de Madrid";"Región de Murcia";"Comunidad Foral de Navara";"País Vasco";"La Rioja";"Comunidad Valenciana";Fecha de alta;Fecha de modificación;Fecha de baja
"1";"Agricolum";"****09215";"Agricolum SL";"SI";"NO";"NO";"NO";"NO";"SI";"NO";"NO";"SI";"NO";"NO";"SI";"SI";"SI";"SI";"SI";"SI";19/06/2024;26/05/2025;
"2";"Agrogestia";"****96283";"Innovaciones Tecnologicas Idea Sl";"SI";"NO";"NO";"NO";"NO";"NO";"NO";"NO";"NO";"NO";"NO";"NO";"NO";"NO";"SI";"NO";"NO";19/06/2024;30/03/2026;
"3";"AGROPTIMA";"****97288";"ISAGRI, S.L.";"SI";"SI";"SI";"SI";"NO";"SI";"SI";"SI";"SI";"SI";"SI";"SI";"SI";"SI";"SI";"SI";"SI";19/06/2024;30/10/2025;02/07/2026
"4";"Agrosales";"****06459";"HISPATEC MANTENIMIENTO SL";"NO";"NO";"NO";"NO";"NO";"SI";"NO";"NO";"NO";"NO";"NO";"NO";"NO";"NO";"NO";"NO";"NO";19/06/2024;;02/07/2026
"5";"aGROSlab";"****89019";"7EDATA BUSINESS SL";"SI";"SI";"NO";"SI";"NO";"SI";"SI";"SI";"SI";"SI";"SI";"SI";"SI";"SI";"SI";"SI";"SI";19/06/2024;18/03/2026;
"6";"AGROVORTIC";"****95070";"NOVADIGY SOLUCIONES, S.L.";"SI";"NO";"NO";"NO";"NO";"SI";"SI";"SI";"SI";"NO";"SI";"SI";"SI";"SI";"SI";"SI";"SI";19/06/2024;02/12/2025;
"7";"ANAWIN";"****97759";"TERRA ALTA CONSULTORIA TIC SL";"NO";"NO";"NO";"NO";"NO";"NO";"NO";"NO";"SI";"NO";"SI";"NO";"NO";"NO";"NO";"NO";"NO";19/06/2024;15/01/2026;
"8";"BIOQUADERNCAMP";"****32778";"BIO-ONE";"NO";"NO";"NO";"NO";"NO";"NO";"NO";"NO";"SI";"NO";"NO";"NO";"NO";"NO";"NO";"NO";"NO";19/06/2024;;02/07/2026
"9";"BrioAgro";"****86867";"BrioAgro Tech SL";"SI";"SI";"SI";"SI";"SI";"SI";"SI";"SI";"SI";"SI";"SI";"SI";"SI";"SI";"SI";"SI";"SI";19/06/2024;26/05/2026;
"10";"C3";"****13600";"HISPATEC ANALYTICS, SL";"SI";"SI";"SI";"SI";"NO";"NO";"SI";"SI";"SI";"SI";"SI";"NO";"SI";"SI";"NO";"SI";"SI";19/06/2024;23/09/2025;
"11";"Cropwise";"****42928";"SYNGENTA ESPAÑA S.A.";"SI";"SI";"NO";"NO";"NO";"SI";"SI";"SI";"SI";"SI";"SI";"SI";"SI";"SI";"NO";"SI";"SI";19/06/2024;27/05/2025;
"12";"CUADERNO AGER-AGRO";"****86670";"AGER TECHNOLOGY, S.L.";"NO";"NO";"NO";"NO";"NO";"NO";"NO";"NO";"NO";"NO";"NO";"NO";"NO";"NO";"SI";"SI";"NO";19/06/2024;07/10/2025;
"13";"CUE-SIGMURCIA";"****67254";"SIGMURCIA SL";"NO";"NO";"NO";"NO";"NO";"NO";"NO";"NO";"NO";"NO";"NO";"NO";"SI";"NO";"NO";"NO";"NO";19/06/2024;27/05/2025;
"14";"CULTILOGIC";"****43420";"ECOSTAS SMART SERVICES SL";"SI";"NO";"NO";"NO";"NO";"SI";"SI";"NO";"SI";"SI";"NO";"SI";"SI";"SI";"SI";"SI";"SI";19/06/2024;26/05/2025;
"15";"CXTIERRA";"****33188";"Fundación Grupo Cajamar";"SI";"NO";"NO";"SI";"NO";"SI";"SI";"NO";"SI";"SI";"SI";"SI";"SI";"SI";"SI";"SI";"SI";19/06/2024;18/02/2026;
"16";"Demetra Agro";"****62681";"Dempo Digital Solutions SL";"SI";"NO";"SI";"SI";"NO";"SI";"SI";"NO";"SI";"NO";"SI";"NO";"SI";"SI";"SI";"SI";"SI";19/06/2024;30/03/2026;
"17";"Efemis";"****13600";"HISPATEC ANALYTICS, SL";"SI";"NO";"NO";"SI";"NO";"SI";"SI";"SI";"NO";"SI";"SI";"NO";"SI";"NO";"SI";"SI";"SI";19/06/2024;13/02/2026;
"18";"ERPagro";"****11844";"HISPATEC ERPAGRO SL";"SI";"NO";"NO";"NO";"NO";"SI";"SI";"NO";"NO";"SI";"NO";"NO";"NO";"NO";"SI";"SI";"NO";19/06/2024;24/03/2025;02/07/2026
"19";"FARMABLE";"****36533";"FARMABLE ESPAÑA, SL";"SI";"SI";"NO";"NO";"NO";"SI";"SI";"SI";"SI";"SI";"NO";"SI";"SI";"SI";"SI";"SI";"SI";19/06/2024;;02/07/2026
"20";"FitosGEST";"****78389";"LOCATEC APLICACIONES INFORMATICAS S.L.";"SI";"NO";"NO";"SI";"NO";"SI";"SI";"SI";"SI";"SI";"NO";"NO";"SI";"SI";"NO";"SI";"SI";19/06/2024;16/07/2026;
"21";"GEOFOLIA";"****97288";"ISAGRI, S.L.";"SI";"SI";"SI";"SI";"NO";"SI";"SI";"SI";"SI";"SI";"SI";"SI";"SI";"SI";"SI";"SI";"SI";19/06/2024;29/10/2025;
"22";"Hesperides";"****66780";"Click, sccl";"NO";"SI";"NO";"SI";"NO";"NO";"SI";"NO";"SI";"NO";"NO";"NO";"SI";"NO";"SI";"SI";"SI";19/06/2024;25/05/2026;
"23";"HORTAGEST";"****0959X";"HORTAGEST";"NO";"NO";"NO";"NO";"NO";"NO";"NO";"NO";"SI";"NO";"NO";"NO";"NO";"NO";"NO";"NO";"NO";19/06/2024;;15/06/2026
"24";"KAAMPO";"****82774";"CREATIVE VENDING SL";"SI";"NO";"NO";"SI";"SI";"SI";"SI";"NO";"SI";"SI";"NO";"NO";"SI";"SI";"SI";"SI";"SI";19/06/2024;03/07/2026;
"25";"MEMORANDUM SIEX";"****24129";"Memorandum Multimedia SL";"SI";"SI";"NO";"NO";"NO";"SI";"SI";"SI";"SI";"NO";"NO";"SI";"SI";"SI";"SI";"SI";"SI";19/06/2024;27/05/2025;
"26";"NGPROAGRO";"****90859";"Nueva Generación de Programas S.L";"SI";"NO";"NO";"NO";"NO";"SI";"SI";"NO";"SI";"NO";"NO";"SI";"SI";"SI";"NO";"SI";"SI";19/06/2024;26/05/2025;
"27";"NUFRISAT1596";"****11461";"NUFRI SAT 1596";"NO";"NO";"NO";"NO";"NO";"NO";"NO";"NO";"SI";"NO";"NO";"NO";"NO";"NO";"NO";"NO";"NO";19/06/2024;;02/07/2026
"28";"oSIGris";"****50231";"OSIGRIS SISTEMAS DE INFORMACIÓN SL";"SI";"NO";"NO";"SI";"NO";"SI";"SI";"SI";"SI";"NO";"SI";"SI";"SI";"SI";"SI";"SI";"SI";19/06/2024;30/10/2025;
"29";"PARCELARIUM";"****6725M";"PARCELARIUM";"NO";"NO";"NO";"NO";"NO";"NO";"NO";"NO";"SI";"NO";"NO";"NO";"NO";"NO";"NO";"NO";"NO";19/06/2024;;02/07/2026
"30";"RAIM500";"****07198";"PHWDESIGN DISSENY S.L.";"NO";"NO";"NO";"NO";"NO";"NO";"NO";"NO";"SI";"NO";"NO";"NO";"NO";"NO";"NO";"NO";"NO";19/06/2024;;
"31";"RawData";"****75883";"RAWDATA SL";"SI";"SI";"NO";"NO";"NO";"NO";"NO";"NO";"SI";"NO";"NO";"NO";"NO";"NO";"SI";"NO";"SI";19/06/2024;30/03/2026;
"32";"Sativum";"****0613E";"INSTITUTO TECNOLÓGICO AGRARIO DE CASTILLA Y LEÓN";"SI";"SI";"SI";"SI";"SI";"SI";"SI";"SI";"SI";"SI";"SI";"SI";"SI";"SI";"SI";"SI";"SI";19/06/2024;27/05/2026;
"33";"Tecfito";"****42762";"SDI DIGITAL GROUP";"SI";"NO";"NO";"NO";"NO";"NO";"NO";"NO";"SI";"NO";"NO";"NO";"NO";"NO";"NO";"SI";"NO";19/06/2024;30/09/2025;
"34";"Terraview OS";"****1291F";"TERRAVIEW";"NO";"NO";"NO";"NO";"NO";"NO";"NO";"NO";"NO";"NO";"NO";"NO";"NO";"NO";"NO";"NO";"NO";19/06/2024;29/09/2025;29/09/2025
"35";"TERROS";"****3201E";"CAL BELLARDO";"NO";"NO";"NO";"NO";"NO";"NO";"NO";"NO";"SI";"NO";"NO";"NO";"NO";"NO";"NO";"NO";"NO";19/06/2024;;02/07/2026
"36";"VISUAL";"****55889";"VISUALNACERT, S.L.";"SI";"SI";"NO";"NO";"NO";"SI";"SI";"SI";"SI";"SI";"SI";"NO";"SI";"SI";"SI";"SI";"SI";19/06/2024;22/07/2024;
"37";"xFarm";"****45168";"xFarm Technologies Iberia S.L.";"NO";"NO";"NO";"NO";"NO";"NO";"NO";"NO";"SI";"NO";"NO";"NO";"NO";"NO";"SI";"NO";"NO";19/06/2024;;
"38";"Tractus";"****01092";"Agronovo Ecoloxia";"NO";"NO";"NO";"NO";"NO";"NO";"NO";"NO";"NO";"NO";"SI";"NO";"NO";"NO";"NO";"NO";"NO";22/07/2024;;
"39";"CUE Soaga";"****07904";"SOAGA";"NO";"NO";"NO";"NO";"NO";"NO";"NO";"NO";"NO";"NO";"SI";"NO";"NO";"NO";"NO";"NO";"NO";22/07/2024;12/03/2025;
"40";"AGROWIN CAMPO";"****97280";"AN, S.Coop";"SI";"NO";"NO";"NO";"NO";"NO";"SI";"SI";"NO";"SI";"NO";"NO";"NO";"SI";"SI";"SI";"NO";10/09/2024;30/03/2026;
"41";"SESMASOFT";"****3985N";"SESMA SOLUTIONS SL";"NO";"NO";"NO";"NO";"NO";"NO";"NO";"NO";"NO";"NO";"NO";"NO";"NO";"SI";"NO";"NO";"NO";10/09/2024;;02/07/2026
"42";"Globalcampo";"****35818";"Fundación Globalcaja Desarrollos Agroalimentarios";"NO";"NO";"NO";"NO";"NO";"NO";"SI";"NO";"NO";"NO";"NO";"NO";"SI";"NO";"NO";"NO";"NO";17/09/2024;18/09/2024;
"43";"AGROLISTIK";"****92870";"AGRO4IMPACT S.L.";"NO";"NO";"NO";"NO";"NO";"NO";"NO";"NO";"NO";"NO";"SI";"NO";"NO";"NO";"NO";"NO";"NO";17/09/2024;26/05/2025;02/07/2026
"44";"AZAGRO";"****78405";"INGENIERIA ARZA SL / TAXO ASESOGAL SL";"NO";"NO";"NO";"NO";"NO";"NO";"NO";"NO";"NO";"NO";"SI";"NO";"NO";"NO";"NO";"NO";"NO";17/09/2024;;
"45";"CUADERNOCAMPO.ES";"****24512";"Am System S.L.";"NO";"NO";"NO";"NO";"NO";"NO";"NO";"SI";"NO";"NO";"NO";"NO";"NO";"NO";"NO";"NO";"NO";17/09/2024;;02/07/2026
"46";"SBsoftware";"****78157";"SUBBETICA DE INFORMATICA Y SISTEMAS SL.";"SI";"NO";"NO";"NO";"NO";"NO";"NO";"SI";"NO";"NO";"NO";"NO";"NO";"NO";"NO";"NO";"SI";18/09/2024;04/07/2025;
"47";"TANIT";"****12911";"G’s ESPAÑA HOLDINGS, S.L.";"NO";"NO";"NO";"NO";"NO";"NO";"NO";"NO";"NO";"NO";"NO";"NO";"SI";"NO";"NO";"NO";"NO";18/09/2024;;02/07/2026
"48";"Rancher Plus";"****61522";"PIRIÑA SOFTWARE SL";"NO";"NO";"NO";"NO";"NO";"NO";"NO";"NO";"NO";"SI";"NO";"NO";"NO";"NO";"NO";"NO";"NO";25/09/2024;;02/07/2026
"49";"CEMAWIN";"****25572";"Unión Inforagrícola, S.L.";"SI";"NO";"NO";"NO";"NO";"NO";"NO";"NO";"NO";"NO";"NO";"NO";"NO";"NO";"NO";"NO";"NO";28/01/2025;26/05/2025;
"50";"agrogestraza";"****61876";"AGRO GESTRAZA, S.L.";"SI";"NO";"NO";"SI";"NO";"SI";"SI";"NO";"SI";"NO";"SI";"NO";"SI";"NO";"SI";"SI";"SI";28/01/2025;30/03/2026;
"51";"elagricultor";"****89737";"EL JORNALERO SL";"SI";"NO";"NO";"NO";"NO";"NO";"NO";"NO";"NO";"NO";"NO";"NO";"NO";"NO";"NO";"NO";"NO";28/01/2025;06/10/2025;
"52";"OASIS AGRO";"****61221";"Optimal Artificial Social Intelligence Solutions, S.L.";"SI";"SI";"NO";"NO";"NO";"NO";"SI";"SI";"SI";"NO";"SI";"SI";"SI";"NO";"NO";"SI";"SI";28/01/2025;15/01/2026;
"53";"Agrobita";"****52020";"Burgos Salaverry, S.A.";"SI";"NO";"NO";"NO";"NO";"NO";"SI";"SI";"SI";"NO";"NO";"NO";"NO";"NO";"NO";"SI";"SI";28/01/2025;27/05/2025;
"54";"Demerion";"****98577";"DEMERION, S.L.";"SI";"NO";"NO";"NO";"NO";"SI";"SI";"SI";"NO";"SI";"NO";"SI";"SI";"NO";"SI";"SI";"SI";28/01/2025;30/03/2026;02/07/2026
"55";"AgroCuaderno";"****27549";"Aplicaciones Informáticas Prosur, S.L.";"SI";"NO";"NO";"SI";"NO";"SI";"SI";"NO";"SI";"NO";"SI";"NO";"NO";"NO";"SI";"SI";"SI";28/01/2025;30/03/2026;
"56";"VisionAgro";"****37659";"Gregal Soluciones Informáticas, S.L.";"SI";"NO";"NO";"NO";"NO";"NO";"SI";"NO";"NO";"NO";"NO";"NO";"SI";"NO";"NO";"NO";"SI";28/01/2025;02/12/2025;
"57";"AURAVANT";"****27772";"AURA SOLUCIONES TECNOLOGICAS, S.L.";"NO";"NO";"NO";"NO";"NO";"NO";"NO";"SI";"NO";"NO";"SI";"NO";"NO";"NO";"SI";"NO";"NO";18/02/2025;28/02/2025;02/07/2026
"58";"VisorCUE";"****43564";"AIDIAPP, S.L.";"SI";"NO";"NO";"NO";"NO";"NO";"SI";"SI";"SI";"NO";"NO";"NO";"SI";"NO";"SI";"SI";"SI";18/02/2025;30/03/2026;
"59";"CESENS";"****26513";"CESENS TECHNOLOGIES, S.L.";"SI";"NO";"NO";"SI";"NO";"NO";"NO";"NO";"NO";"NO";"NO";"NO";"NO";"NO";"SI";"SI";"SI";21/02/2025;30/03/2026;
"60";"AGRODATO";"****11246";"Agrodato S.L";"SI";"NO";"NO";"NO";"NO";"NO";"NO";"SI";"SI";"NO";"NO";"NO";"NO";"NO";"NO";"SI";"NO";25/03/2025;30/09/2025;
"61";"CuadernoCampoSorangela";"****27418";"Olivarera Sor Angela de la Cruz S.C.A.";"SI";"NO";"NO";"NO";"NO";"NO";"NO";"NO";"NO";"NO";"NO";"NO";"NO";"NO";"NO";"NO";"NO";07/10/2025;;18/06/2026
"62";"Agroex";"****82162";"Moreno Vazquez Tecnología, SL";"SI";"NO";"NO";"NO";"NO";"NO";"NO";"NO";"NO";"NO";"NO";"NO";"NO";"NO";"NO";"NO";"NO";07/10/2025;;02/07/2026
"63";"AgroIA";"****9212J";"Manuel León Lara";"SI";"NO";"NO";"NO";"NO";"NO";"NO";"NO";"NO";"NO";"NO";"NO";"NO";"NO";"NO";"NO";"NO";09/10/2025;;02/07/2026
"64";"AgriCloud";"****23023";"InforCloud S.C.A.";"SI";"NO";"NO";"SI";"NO";"NO";"NO";"NO";"NO";"NO";"NO";"NO";"NO";"NO";"NO";"NO";"NO";09/10/2025;09/07/2026;
"65";"Agropulse";"****57017";"Suministros de Jardinería y Viveros, S.L.";"SI";"NO";"NO";"NO";"NO";"NO";"NO";"NO";"NO";"NO";"NO";"NO";"NO";"NO";"NO";"NO";"NO";09/10/2025;;02/07/2026
"66";"AMCFIT";"****2156V";"Tecnocodigo";"SI";"NO";"NO";"NO";"NO";"NO";"NO";"NO";"NO";"NO";"NO";"NO";"NO";"NO";"NO";"NO";"NO";10/10/2025;;02/07/2026
"67";"dhop";"****72947";"ARM SYSTEM GLOBAL SLU";"SI";"NO";"NO";"NO";"NO";"NO";"NO";"NO";"NO";"NO";"NO";"NO";"NO";"NO";"NO";"NO";"NO";10/10/2025;;02/07/2026
"68";"ERP CEOX";"****76516";"ORIZON SOFTWARE SOLUCIONES INF. SL";"SI";"NO";"NO";"NO";"NO";"NO";"NO";"NO";"NO";"NO";"NO";"NO";"NO";"NO";"NO";"NO";"NO";10/10/2025;;02/07/2026
"69";"GpBusinessFito";"****55703";"Fersoft Informática, S.L.";"SI";"NO";"NO";"NO";"NO";"NO";"NO";"NO";"NO";"NO";"NO";"NO";"NO";"NO";"NO";"NO";"NO";10/10/2025;;
"70";"IKOS NOTES";"****13620";"IKOS ADVANCED SL";"SI";"NO";"NO";"SI";"NO";"NO";"NO";"NO";"NO";"NO";"NO";"NO";"NO";"NO";"NO";"SI";"SI";10/10/2025;13/04/2026;
"71";"Latentis Biogrow";"****74144";"ROQUE INICIATIVAS SL";"SI";"NO";"NO";"NO";"NO";"NO";"NO";"NO";"NO";"NO";"NO";"NO";"NO";"NO";"NO";"NO";"NO";10/10/2025;;02/07/2026
"72";"JJ CONNECT";"****8993P";"JOSE JOAQUIN MARTIN MUÑOZ";"SI";"NO";"NO";"NO";"NO";"NO";"NO";"NO";"NO";"NO";"NO";"NO";"NO";"NO";"NO";"NO";"NO";10/10/2025;;
"73";"UNICUE";"****57466";"UNICA GROUP S.C.A";"SI";"NO";"NO";"NO";"NO";"NO";"NO";"NO";"NO";"NO";"NO";"NO";"NO";"NO";"NO";"NO";"NO";14/10/2025;;02/07/2026
"74";"Agritracer";"****12870";"YAWI LABS SLU";"SI";"NO";"NO";"NO";"NO";"NO";"NO";"NO";"NO";"NO";"NO";"NO";"NO";"NO";"NO";"NO";"NO";15/10/2025;;02/07/2026
"75";"GAP, Gestión Agrícola Parametrizable";"****90978";"Infonet Consultores Informáticos S.L.";"SI";"NO";"NO";"NO";"NO";"NO";"NO";"NO";"NO";"NO";"NO";"NO";"NO";"NO";"NO";"NO";"SI";16/10/2025;04/06/2026;
"76";"AgroGEST";"****78389";"LOCATEC APLICACIONES INFORMATICAS";"NO";"NO";"NO";"SI";"NO";"NO";"NO";"NO";"NO";"NO";"NO";"NO";"NO";"NO";"NO";"NO";"SI";12/12/2025;16/07/2026;
"77";"Monet Viticultura";"****98313";"MONET TECNOLOGIA E INNOVACION SL";"NO";"NO";"NO";"NO";"NO";"NO";"NO";"NO";"NO";"NO";"SI";"NO";"NO";"NO";"NO";"NO";"NO";15/01/2026;;
"78";"OdooBodegas";"****53410";"BUSMAN VIEW SL";"NO";"NO";"NO";"NO";"NO";"NO";"NO";"NO";"NO";"NO";"SI";"NO";"NO";"NO";"SI";"NO";"NO";15/01/2026;30/03/2026;02/07/2026
"79";"Thetorre Software";"****54092";"JIG Internet Consulting";"NO";"NO";"NO";"NO";"NO";"NO";"NO";"NO";"NO";"NO";"NO";"NO";"NO";"NO";"NO";"SI";"NO";16/01/2026;;
"80";"CueLogg";"****94071";"SERVICIOS AGRICOLAS ZERBINEK S.L.";"NO";"NO";"NO";"NO";"NO";"NO";"NO";"NO";"NO";"NO";"NO";"NO";"NO";"NO";"SI";"NO";"NO";30/03/2026;;02/07/2026
"81";"Beply";"****84059";"Beply Technologies SL";"NO";"NO";"NO";"NO";"NO";"NO";"NO";"NO";"NO";"NO";"NO";"NO";"NO";"NO";"NO";"NO";"SI";04/06/2026;;02/07/2026
