"Código asociación";"NIF";"Razón social";"Detalle";"Autoridad competente";Fecha de alta;Fecha de modificación;Fecha de baja
"1";;"AGRARIA ESTANY, S.L.";"EMPRESA PRODUCTORA DE SEMILLAS SELECTAS";"CATALUÑA";24/05/2023;;
"2";;"AGRICULTORES UNIDOS, S.A.";"EMPRESA PRODUCTORA DE SEMILLAS SELECTAS";"CATALUÑA";24/05/2023;;
"3";;"AGRO VALERO, S.L.U.";"EMPRESA PRODUCTORA DE SEMILLAS SELECTAS";"ARAGÓN";24/05/2023;;
"4";;"AGROMONEGROS, S.A.";"EMPRESA PRODUCTORA DE SEMILLAS SELECTAS";"ARAGÓN";24/05/2023;;
"5";;"AGROQUIVIR S.C.A. 2º GRADO";"EMPRESA PRODUCTORA DE SEMILLAS SELECTAS";"ANDALUCÍA";24/05/2023;;
"6";;"AGROSA SEMILLAS SELECTAS, S.A.";"EMPRESA PRODUCTORA DE SEMILLAS SELECTAS";"CASTILLA-LA MANCHA";24/05/2023;;
"7";;"AGROTIKOS OIKOS SPIROU AEBE";"EMPRESA PRODUCTORA DE SEMILLAS SELECTAS";"ANDALUCÍA";24/05/2023;;
"8";;"ANTARIS SEEDS S.L.U.";"EMPRESA PRODUCTORA DE SEMILLAS SELECTAS";"CATALUÑA";24/05/2023;;
"9";;"ANTONIO CABALLERO, S.L.";"EMPRESA PRODUCTORA DE SEMILLAS SELECTAS";"CASTILLA-LA MANCHA";24/05/2023;;
"10";;"ARAGONESA DE SEMILLAS, S.L.";"EMPRESA PRODUCTORA DE SEMILLAS SELECTAS";"ARAGÓN";24/05/2023;;
"11";;"BERNABÉ CAMPAL, S.L.";"EMPRESA PRODUCTORA DE SEMILLAS SELECTAS";"CASTILLA Y LEÓN";24/05/2023;;
"12";;"CAMELINA COMPANY ESPAÑA";"EMPRESA PRODUCTORA DE SEMILLAS SELECTAS";"MADRID";24/05/2023;;
"13";;"CECOSA SEMILLAS, S.L.";"EMPRESA PRODUCTORA DE SEMILLAS SELECTAS";"CASTILLA Y LEÓN";24/05/2023;;
"14";;"CEREALES ARASANZ, S.L.";"EMPRESA PRODUCTORA DE SEMILLAS SELECTAS";"ARAGÓN";24/05/2023;;
"15";;"CEREALES ASTIGI";"EMPRESA PRODUCTORA DE SEMILLAS SELECTAS";"ANDALUCÍA";24/05/2023;;
"16";;"CEREALES CANDELO, S.L.";"EMPRESA PRODUCTORA DE SEMILLAS SELECTAS";"CASTILLA-LA MANCHA";24/05/2023;;
"17";;"CEREALES GALIANO, S.A.";"EMPRESA PRODUCTORA DE SEMILLAS SELECTAS";"CASTILLA-LA MANCHA";24/05/2023;;
"18";;"CEREALES GUTIÉRRES CABALLERO, S.L.";"EMPRESA PRODUCTORA DE SEMILLAS SELECTAS";"CASTILLA-LA MANCHA";24/05/2023;;
"19";;"CEREALES HUESCA, S.A.";"EMPRESA PRODUCTORA DE SEMILLAS SELECTAS";"ARAGÓN";24/05/2023;;
"20";;"CEREALES PALOMO, S.A.";"EMPRESA PRODUCTORA DE SEMILLAS SELECTAS";"CASTILLA-LA MANCHA";24/05/2023;;
"21";;"CEREALES Y SERVICIOS AGRARIOS SAZ ANCHUELO";"EMPRESA PRODUCTORA DE SEMILLAS SELECTAS";"MADRID";24/05/2023;;
"22";;"COMCERTRANS, S.L.";"EMPRESA PRODUCTORA DE SEMILLAS SELECTAS";"CASTILLA Y LEÓN";24/05/2023;;
"23";;"COMERCIAL SANCHEZ TEBAR, S.L.";"EMPRESA PRODUCTORA DE SEMILLAS SELECTAS";"CASTILLA-LA MANCHA";24/05/2023;;
"24";;"COOPERATIVA SAN ISIDRO";"EMPRESA PRODUCTORA DE SEMILLAS SELECTAS";"CASTILLA-LA MANCHA";24/05/2023;;
"25";;"DAFISA";"EMPRESA PRODUCTORA DE SEMILLAS SELECTAS";"ANDALUCÍA";24/05/2023;;
"26";;"DIAMOND SEEDS, S.L.";"EMPRESA PRODUCTORA DE SEMILLAS SELECTAS";"CATALUÑA";24/05/2023;;
"27";;"EUROSEMILLAS, S.A.";"EMPRESA PRODUCTORA DE SEMILLAS SELECTAS";"ANDALUCÍA";24/05/2023;;
"28";;"FELICIANO SANZ LALLANA";"EMPRESA PRODUCTORA DE SEMILLAS SELECTAS";"CASTILLA Y LEÓN";24/05/2023;;
"29";;"GÁLVEZ SEMILLAS, S.L.";"EMPRESA PRODUCTORA DE SEMILLAS SELECTAS";"ANDALUCÍA";24/05/2023;;
"30";;"GARLAN, SDAD. COOP.";"EMPRESA PRODUCTORA DE SEMILLAS SELECTAS";"PAÍS VASCO";24/05/2023;;
"31";;"H.L. LÓPEZ HORTELANO, S.L.";"EMPRESA PRODUCTORA DE SEMILLAS SELECTAS";"CASTILLA-LA MANCHA";24/05/2023;;
"32";;"HNOS PLATERO MATÉ, S.A.";"EMPRESA PRODUCTORA DE SEMILLAS SELECTAS";"CASTILLA Y LEÓN";24/05/2023;;
"33";;"HORT SEED MEDITERRANI";"EMPRESA PRODUCTORA DE SEMILLAS SELECTAS";"BALEARES";24/05/2023;;
"34";;"HUERTA VALLE HIBRI2 S.L.";"EMPRESA PRODUCTORA DE SEMILLAS SELECTAS";"ANDALUCÍA";24/05/2023;;
"35";;"INDACSA";"EMPRESA PRODUCTORA DE SEMILLAS SELECTAS";"CASTILLA-LA MANCHA";24/05/2023;;
"36";;"LEYCESA";"EMPRESA PRODUCTORA DE SEMILLAS SELECTAS";"CASTILLA-LA MANCHA";24/05/2023;;
"37";;"LORENZO APARICIO, S.L.";"EMPRESA PRODUCTORA DE SEMILLAS SELECTAS";"CASTILLA-LA MANCHA";24/05/2023;;
"38";;"RAMON CAMARASA, S.L.";"EMPRESA PRODUCTORA DE SEMILLAS SELECTAS";"ARAGÓN";24/05/2023;;
"39";;"ROCALBA, S.A.";"EMPRESA PRODUCTORA DE SEMILLAS SELECTAS";"CATALUÑA";24/05/2023;;
"40";;"S.A. MARISA";"EMPRESA PRODUCTORA DE SEMILLAS SELECTAS";"MADRID";24/05/2023;;
"41";;"S.A.T. RODIVA";"EMPRESA PRODUCTORA DE SEMILLAS SELECTAS";"CASTILLA-LA MANCHA";24/05/2023;;
"42";;"SEM. Y CEREALES BALDOMINOS";"EMPRESA PRODUCTORA DE SEMILLAS SELECTAS";"CASTILLA-LA MANCHA";24/05/2023;;
"43";;"SEMILLAS CARMENA, S.L.";"EMPRESA PRODUCTORA DE SEMILLAS SELECTAS";"CASTILLA-LA MANCHA";24/05/2023;;
"44";;"SEMILLAS COLUMBIA, S.A.";"EMPRESA PRODUCTORA DE SEMILLAS SELECTAS";"CASTILLA Y LEÓN";24/05/2023;;
"45";;"SEMILLAS DALMAU, S.L.";"EMPRESA PRODUCTORA DE SEMILLAS SELECTAS";"VALENCIA";24/05/2023;;
"46";;"SEMILLAS EL SOLC, S.L.";"EMPRESA PRODUCTORA DE SEMILLAS SELECTAS";"CATALUÑA";24/05/2023;;
"47";;"SEMILLAS LA FLORIDA, S.A.T.";"EMPRESA PRODUCTORA DE SEMILLAS SELECTAS";"LA RIOJA";24/05/2023;;
"48";;"UNIGEN SEEDS SPAIN S.L.U.";"EMPRESA PRODUCTORA DE SEMILLAS SELECTAS";"CATALUÑA";24/05/2023;;
"49";;"WAMESTREDA, S.L.L.";"EMPRESA PRODUCTORA DE SEMILLAS SELECTAS";"GALICIA";24/05/2023;;
