"Código SIEX";"Código asociación";"NIF";"Razón social";"Detalle";"Autoridad competente";Fecha de alta;Fecha de modificación;Fecha de baja
"1";"ES0001";"F46051025";"SECCIÓN HORTOFRUTÍCOLA DE LA COOPERATIVA COHOCA COOP. V.";"Organización de productores de frutas y hortalizas";"COMUNIDAD VALENCIANA";26/12/2023;;
"2";"ES0002";"F31020753";"COOP. AGRICOLA  SAN BLAS";"Organización de productores de frutas y hortalizas";"NAVARRA";26/12/2023;;
"3";"ES0003";"F54341565";"SECCIÓN HORTOFRUTÍCOLA DE SURINVER EL GRUPO S.COOP";"Organización de productores de frutas y hortalizas";"COMUNIDAD VALENCIANA";26/12/2023;;
"4";"ES0004";"F30046411";"SECCION OPFH DE HORTAMIRA";"Organización de productores de frutas y hortalizas";"MURCIA";26/12/2023;;
"5";"ES0005";"F03013828";"COOP. AGRICOLA ""CALLOSA D´EN SARRIA"" C.V.";"Organización de productores de frutas y hortalizas";"COMUNIDAD VALENCIANA";26/12/2023;;
"6";"ES0006";"F30040893";"Sección OPFH de SOCIEDAD COOPERATIVA LIMITADA DE COMERCIALIZACIÓN AGRARIA (COATO)";"Organización de productores de frutas y hortalizas";"MURCIA";26/12/2023;;
"7";"ES0009";"F46024436";"SECCIÓN FRUTAS, HORTALIZAS Y CÍTRICOS DE LA COOPERATIVA AGRÍCOLA ALGINET S. COOP. V.";"Organización de productores de frutas y hortalizas";"COMUNIDAD VALENCIANA";26/12/2023;;
"8";"ES0010";"F30051643";"EL LIMONAR DE SANTOMERA";"Organización de productores de frutas y hortalizas";"MURCIA";26/12/2023;;
"9";"ES0011";"F46024469";"SECCIÓN DE FRUTAS, HORTALIZAS Y CÍTRICOS DE LA COOPERATIVA AGRÍCOLA Y GANADERA DE ALMUSSAFES, COOP. V";"Organización de productores de frutas y hortalizas";"COMUNIDAD VALENCIANA";26/12/2023;;
"10";"ES0013";"F03061355";"ALBAFRUITS";"Organización de productores de frutas y hortalizas";"COMUNIDAD VALENCIANA";26/12/2023;;14/08/2025
"11";"ES0015";"F46038881";"SECCIÓN CITRÍCOLA Y HORTOFRUTÍCOLA ORGANIZACIÓN DE PRODUCTORES DE LA COOPERATIVA AGRÍCOLA DE CATADAU S. COOP. V. LTDA";"Organización de productores de frutas y hortalizas";"COMUNIDAD VALENCIANA";26/12/2023;;
"12";"ES0019";"F46026068";"SECCIÓN HORTOFRUTICOLA DE LA COOPERATIVA VINICOLA DE LLIRIA S.C.V.";"Organización de productores de frutas y hortalizas";"COMUNIDAD VALENCIANA";26/12/2023;;
"13";"ES0023";"F46026696";"SECCIÓN HORTOFRUTÍCOLA ORGANIZACIÓN DE PRODUCTORES DE LA COOPERATIVA VITIVINÍCOLA DE LA POBLA DEL DUC COOP.V";"Organización de productores de frutas y hortalizas";"COMUNIDAD VALENCIANA";26/12/2023;;14/08/2025
"14";"ES0024";"F46029062";"DEL CAMPO DE VILA NOVA DE CASTELLO,";"Organización de productores de frutas y hortalizas";"COMUNIDAD VALENCIANA";26/12/2023;;
"15";"ES0028";"F46024303";"COOP. AGRICOLA NTRA. SRA. DEL ORETO";"Organización de productores de frutas y hortalizas";"COMUNIDAD VALENCIANA";26/12/2023;;
"16";"ES0029";"F46026837";"SECCIÓN CITRÍCOLA Y HORTOFRUTICOLA DE LA COOPERATIVA AGRÍCOLA LA REALENSE COOP. V";"Organización de productores de frutas y hortalizas";"COMUNIDAD VALENCIANA";26/12/2023;;
"17";"ES0030";"F46024584";"RURAL SAN VICENTE FERRER DE BENAGUASIL, COOP. V.";"Organización de productores de frutas y hortalizas";"COMUNIDAD VALENCIANA";26/12/2023;;
"18";"ES0033";"F46026621";"Agro-Cítrica de Picassent Coop. V";"Organización de productores de frutas y hortalizas";"COMUNIDAD VALENCIANA";26/12/2023;;
"19";"ES0036";"F12016051";"VALLFRUT COOP. V.";"Organización de productores de frutas y hortalizas";"COMUNIDAD VALENCIANA";26/12/2023;;
"20";"ES0038";"B17015769";"SL. FRUCTICOLA EMPORDA";"Organización de productores de frutas y hortalizas";"CATALUÑA";26/12/2023;;
"21";"ES0039";"V25010562";"SAT No. 2897/14 CAT FRUTURGELL";"Organización de productores de frutas y hortalizas";"CATALUÑA";26/12/2023;;
"22";"ES0041";"F17021676";"GIRONA FRUITS";"Organización de productores de frutas y hortalizas";"CATALUÑA";26/12/2023;;
"23";"ES0043";"F30020408";"SAT Nº 2457 SAN CAYETANO";"Organización de productores de frutas y hortalizas";"MURCIA";26/12/2023;;
"24";"ES0045";"F50019405";"SAN SEBASTIAN";"Organización de productores de frutas y hortalizas";"ARAGON";26/12/2023;;
"25";"ES0049";"F25003989";"FOMENT AGRÍCOLA LES PLANES, SCCL";"Organización de productores de frutas y hortalizas";"CATALUÑA";26/12/2023;;
"26";"ES0050";"F25015769";"AGROPECUARIA  DE JUNEDA";"Organización de productores de frutas y hortalizas";"CATALUÑA";26/12/2023;;
"27";"ES0053";"F25026451";"MIRALCAMP FRUITS";"Organización de productores de frutas y hortalizas";"CATALUÑA";26/12/2023;;
"28";"ES0056";"F25008277";"FRUILAR";"Organización de productores de frutas y hortalizas";"CATALUÑA";26/12/2023;;
"29";"ES0057";"F46026118";"SECCIÓN HORTOFRUTICOLA ORGANIZACIÓN DE PRODUCTORES DE LA COOPERATIVA AGRÍCOLA DEL MARQUESADO COOP.V.";"Organización de productores de frutas y hortalizas";"COMUNIDAD VALENCIANA";17/12/2025;17/12/2025;06/10/2023
"30";"ES0058";"F25028648";"LA BORDETA FRUITS,";"Organización de productores de frutas y hortalizas";"CATALUÑA";26/12/2023;;
"31";"ES0064";"F46108882";"AGRICOLA DE BETERA";"Organización de productores de frutas y hortalizas";"COMUNIDAD VALENCIANA";26/12/2023;;
"32";"ES0065";"F46026647";"SECCIÓN CITRÍCOLA Y HORTOFRUTÍCOLA DE LA COOPERATIVA SAN ISIDRO LABRADOR DE PICASSENT";"Organización de productores de frutas y hortalizas";"COMUNIDAD VALENCIANA";26/12/2023;;
"33";"ES0068";"F10027423";"ACOREX, S. COOP. LTDA.";"Organización de productores de frutas y hortalizas";"EXTREMADURA";26/12/2023;;
"34";"ES0070";"B17011511";"GIROPOMA COSTA BRAVA";"Organización de productores de frutas y hortalizas";"CATALUÑA";26/12/2023;;
"35";"ES0072";"F30085773";"COEXMA";"Organización de productores de frutas y hortalizas";"MURCIA";26/12/2023;;
"36";"ES0073";"F04006110";"EJIDOMAR";"Organización de productores de frutas y hortalizas";"ANDALUCIA";26/12/2023;;
"37";"ES0074";"F04001780";"CABASC";"Organización de productores de frutas y hortalizas";"ANDALUCIA";26/12/2023;;
"38";"ES0075";"F04008470";"HORTAMAR";"Organización de productores de frutas y hortalizas";"ANDALUCIA";26/12/2023;;
"39";"ES0077";"F04011375";"VICASOL";"Organización de productores de frutas y hortalizas";"ANDALUCIA";26/12/2023;;
"40";"ES0078";"F46024139";"SECCIÓN CITRÍCOLA Y HORTOFRUTÍCOLA DE LA COOPERATIVA AGRICOLA SAN JOSE DE ALCÀSSER COOP. V.";"Organización de productores de frutas y hortalizas";"COMUNIDAD VALENCIANA";26/12/2023;;
"41";"ES0087";"F46025797";"VINICOLA SAN PEDRO APOSTOL";"Organización de productores de frutas y hortalizas";"COMUNIDAD VALENCIANA";26/12/2023;;
"42";"ES0088";"F25015900";"SANT GAIETÀ,";"Organización de productores de frutas y hortalizas";"CATALUÑA";26/12/2023;;
"43";"ES0093";"F46101192";"SECCIÓN FRUTOS, HORTALIZAS Y CÍTRICOS DE LA COOPERATIVA AGRÍCOLA LA CONSTANCIA DE POBLA DE VALLBONA S. COOP. V LTDA";"Organización de productores de frutas y hortalizas";"COMUNIDAD VALENCIANA";26/12/2023;;
"44";"ES0094";"F30087787";"COAGUILAS";"Organización de productores de frutas y hortalizas";"MURCIA";26/12/2023;;
"45";"ES0100";"F46024196";"SECCIÓN ORGANIZACIÓN DE PRODUCTORES DE LA COOPERATIVA HORTOFRUTICOLA DE ALZIRA ALZICOOP. COOP. V.";"Organización de productores de frutas y hortalizas";"COMUNIDAD VALENCIANA";26/12/2023;;14/08/2025
"46";"ES0101";"F04002275";"CAMPOSOL";"Organización de productores de frutas y hortalizas";"ANDALUCIA";26/12/2023;;
"47";"ES0103";"F04005344";"SAN ISIDRO LABRADOR";"Organización de productores de frutas y hortalizas";"ANDALUCIA";26/12/2023;;
"48";"ES0105";"F04013462";"COHORSAN";"Organización de productores de frutas y hortalizas";"ANDALUCIA";26/12/2023;;
"49";"ES0106";"F30036628";"GREGAL";"Organización de productores de frutas y hortalizas";"MURCIA";26/12/2023;;
"50";"ES0127";"F25010315";"APYFA";"Organización de productores de frutas y hortalizas";"CATALUÑA";26/12/2023;;
"51";"ES0128";"F25004086";"LA BORGENCA";"Organización de productores de frutas y hortalizas";"CATALUÑA";26/12/2023;;
"52";"ES0129";"F03065604";"S.C.A. MONTAÑA DEL VINALOPÓ COOP. V.";"Organización de productores de frutas y hortalizas";"COMUNIDAD VALENCIANA";26/12/2023;;
"53";"ES0131";"F25003401";"AGRÍCOLA D´ALBATÀRREC";"Organización de productores de frutas y hortalizas";"CATALUÑA";26/12/2023;;
"54";"ES0132";"F25003559";"COOP. SANT ISIDRE DE LES BORGES BLANQUES";"Organización de productores de frutas y hortalizas";"CATALUÑA";26/12/2023;;
"55";"ES0133";"F46051066";"COOP. AGRICOLA DE PUZOL COOP. V.";"Organización de productores de frutas y hortalizas";"COMUNIDAD VALENCIANA";26/12/2023;;
"56";"ES0138";"V25010653";"TORNAFRUIT";"Organización de productores de frutas y hortalizas";"CATALUÑA";26/12/2023;;
"57";"ES0144";"F21004858";"NTRA. SRA. DE LA BELLA";"Organización de productores de frutas y hortalizas";"ANDALUCIA";26/12/2023;;
"58";"ES0148";"F46024378";"SECCIÓN HORTOFRUTÍCOLA DE LA AGRICOLA SAN SALVADOR, COOP. V.";"Organización de productores de frutas y hortalizas";"COMUNIDAD VALENCIANA";17/12/2025;17/12/2025;06/10/2023
"59";"ES0149";"F46230827";"LA TURISANA, COOP. V.";"Organización de productores de frutas y hortalizas";"COMUNIDAD VALENCIANA";26/12/2023;;
"60";"ES0153";"F12010450";"COSECHEROS DEL NIÑO PERDIDO";"Organización de productores de frutas y hortalizas";"COMUNIDAD VALENCIANA";26/12/2023;;
"61";"ES0157";"V25690017";"SAFRUSE";"Organización de productores de frutas y hortalizas";"CATALUÑA";26/12/2023;;
"62";"ES0158";"F22002851";"DEL CAMPO SAN MARCOS BINACETENSE";"Organización de productores de frutas y hortalizas";"ARAGON";26/12/2023;;
"63";"ES0162";"F03070794";"CAMBAYAS COOP. V.";"Organización de productores de frutas y hortalizas";"COMUNIDAD VALENCIANA";26/12/2023;;
"64";"ES0164";"F12009353";"SECCIÓN HORTOFRUTÍCOLA DE LA COOPERATIVA AGRICOLA SAN ISIDRO DE BENICARLO";"Organización de productores de frutas y hortalizas";"COMUNIDAD VALENCIANA";26/12/2023;;
"65";"ES0185";"F03245834";"CITRICOS BIGASTRO";"Organización de productores de frutas y hortalizas";"COMUNIDAD VALENCIANA";26/12/2023;;
"66";"ES0199";"F30092985";"LA VEGA DE PLIEGO";"Organización de productores de frutas y hortalizas";"MURCIA";26/12/2023;;
"67";"ES0200";"F44003127";"SAN MIGUEL (COFRUVAL)";"Organización de productores de frutas y hortalizas";"ARAGON";26/12/2023;;
"68";"ES0204";"F16022964";"COOPAMAN (2º GRADO)";"Organización de productores de frutas y hortalizas";"CASTILLA - LA MANCHA";26/12/2023;;
"69";"ES0206";"F30200471";"COBUCO";"Organización de productores de frutas y hortalizas";"MURCIA";26/12/2023;;
"70";"ES0207";"F30167035";"SECCION OPFH FRUTAS Y CITRICOS DE MULA";"Organización de productores de frutas y hortalizas";"MURCIA";26/12/2023;;
"71";"ES0209";"F43011287";"UNIÓ NUTS, SCCL";"Organización de productores de frutas y hortalizas";"CATALUÑA";26/12/2023;;
"72";"ES0210";"F12011052";"EXPORTADORA D´AGRIS D´ALCANAR";"Organización de productores de frutas y hortalizas";"CATALUÑA";26/12/2023;;
"73";"ES0213";"V02114486";"PROD. ALBARICOQUE DE ALBACETE";"Organización de productores de frutas y hortalizas";"CASTILLA - LA MANCHA";26/12/2023;;
"74";"ES0215";"F43012442";"COSELVA - AGRÍCOLA I SECCIÓ DE CRÈDIT DE LA SELVA DEL CAMP, SCCL";"Organización de productores de frutas y hortalizas";"CATALUÑA";26/12/2023;;14/08/2025
"75";"ES0222";"F12009411";"SECCIÓN FRUTOS DE CÁSCARA Y ALGARROBAS DE LA COOP. SAN ISIDRO DE CUEVAS DE VINROMA";"Organización de productores de frutas y hortalizas";"COMUNIDAD VALENCIANA";26/12/2023;;
"76";"ES0229";"V25213893";"SAT NÚM. 9902 ""AGRO-ALMENDRA""";"Organización de productores de frutas y hortalizas";"CATALUÑA";26/12/2023;;
"77";"ES0241";"F43074855";"L' AVELLANERA I SECCIÓ DE CREDIT, SCCL";"Organización de productores de frutas y hortalizas";"CATALUÑA";26/12/2023;;
"78";"ES0243";"V07445844";"PRODUCTORES MALLORQUINES DE FRUTOS SECOS";"Organización de productores de frutas y hortalizas";"BALEARES";26/12/2023;;
"79";"ES0248";"F43022086";"GRUP FRUITER DE BENISSANET";"Organización de productores de frutas y hortalizas";"CATALUÑA";26/12/2023;;
"80";"ES0249";"F25220104";"FRUITS SECS LES GARRIGUES, SCCL";"Organización de productores de frutas y hortalizas";"CATALUÑA";26/12/2023;;
"81";"ES0251";"F30158984";"YEFRUT";"Organización de productores de frutas y hortalizas";"MURCIA";26/12/2023;;14/08/2025
"82";"ES0255";"F30168934";"FRUTAS DE CARAVACA";"Organización de productores de frutas y hortalizas";"MURCIA";26/12/2023;;
"83";"ES0260";"F29040623";"ALMENDRERA DEL SUR";"Organización de productores de frutas y hortalizas";"ANDALUCIA";26/12/2023;;23/07/2024
"84";"ES0262";"F30032858";"THADER CIEZA";"Organización de productores de frutas y hortalizas";"MURCIA";26/12/2023;;
"85";"ES0263";"F46155511";"COOP. AGRICOLA DEL BAJO TURIA";"Organización de productores de frutas y hortalizas";"COMUNIDAD VALENCIANA";26/12/2023;;
"86";"ES0265";"F21047329";"HORTOFRUTICOLA DE CARTAYA";"Organización de productores de frutas y hortalizas";"ANDALUCIA";26/12/2023;;
"87";"ES0266";"V50157510";"AGRICOLA DEL RIO JALON";"Organización de productores de frutas y hortalizas";"ARAGON";26/12/2023;;
"88";"ES0272";"F25049875";"SAT NÚM 710  CAT LA PORTELLANA";"Organización de productores de frutas y hortalizas";"CATALUÑA";26/12/2023;;
"89";"ES0275";"F46394052";"FRUITSECS";"Organización de productores de frutas y hortalizas";"COMUNIDAD VALENCIANA";26/12/2023;;
"90";"ES0277";"F50333129";"SANTA LAURA";"Organización de productores de frutas y hortalizas";"ARAGON";26/12/2023;;30/01/2024
"91";"ES0281";"F26124636";"ALMENDRERA RIOJANA";"Organización de productores de frutas y hortalizas";"LA RIOJA";26/12/2023;;30/01/2024
"92";"ES0282";"F03501988";"LA PEDRERA SOCIEDAD COOPERATIVA ";"Organización de productores de frutas y hortalizas";"COMUNIDAD VALENCIANA";26/12/2023;;
"93";"ES0288";"F46027314";"SECCIÓN HORTÍCOLA DE LA COOPERATIVA VALENCIANA UNIÓN PROTECTORA DE EL PERELLÓ";"Organización de productores de frutas y hortalizas";"COMUNIDAD VALENCIANA";26/12/2023;;
"94";"ES0289";"V06125181";"PRODUCTORES DE ALMENDRAS";"Organización de productores de frutas y hortalizas";"EXTREMADURA";26/12/2023;;
"95";"ES0293";"F41399221";"ROYAL";"Organización de productores de frutas y hortalizas";"ANDALUCIA";26/12/2023;;
"96";"ES0296";"F26129049";"RIOJANA DE FRUTOS SECOS";"Organización de productores de frutas y hortalizas";"LA RIOJA";26/12/2023;;
"97";"ES0299";"F02121929";"ALMENDRAS SIERRA DEL SEGURA";"Organización de productores de frutas y hortalizas";"CASTILLA - LA MANCHA";26/12/2023;;
"98";"ES0300";"F25005398";"AGROPECUARIA DE GUISSONA";"Organización de productores de frutas y hortalizas";"CATALUÑA";26/12/2023;;
"99";"ES0302";"F50158708";"LA CHIPRANESCA";"Organización de productores de frutas y hortalizas";"ARAGON";26/12/2023;;
"100";"ES0303";"F30220776";"ALMENDRAS MURCIANAS";"Organización de productores de frutas y hortalizas";"MURCIA";26/12/2023;;
"101";"ES0304";"F30237994";"ALMENDRAS DEL SURESTE";"Organización de productores de frutas y hortalizas";"MURCIA";26/12/2023;;
"102";"ES0308";"F31097280";"""A.N., S.COOP.""";"Organización de productores de frutas y hortalizas";"NAVARRA";26/12/2023;;
"103";"ES0310";"F21021183";"FRUTOS DEL CONDADO";"Organización de productores de frutas y hortalizas";"ANDALUCIA";26/12/2023;;
"104";"ES0313";"F46026126";"SECCIÓN ORGANIZACIÓN DE PRODUCTORES DE FRUTAS Y HORTALIZAS DE LA COOPERATIVA AGRÍCOLA CRISTO DEL MILAGRO";"Organización de productores de frutas y hortalizas";"COMUNIDAD VALENCIANA";26/12/2023;;14/08/2025
"105";"ES0315";"F43230838";"FRUTOS SECOS ARACAVA,";"Organización de productores de frutas y hortalizas";"COMUNIDAD VALENCIANA";26/12/2023;;
"106";"ES0316";"V07580012";"FRUITA BONA HORTOFRUTICOLA";"Organización de productores de frutas y hortalizas";"BALEARES";26/12/2023;;30/01/2024
"107";"ES0318";"F12013074";"COOP. FRUTICOLA DE BETXI";"Organización de productores de frutas y hortalizas";"COMUNIDAD VALENCIANA";26/12/2023;;
"108";"ES0319";"F25284209";"GRUP COOPERATIU FRUITS DE PONENT, SCCL";"Organización de productores de frutas y hortalizas";"CATALUÑA";26/12/2023;;
"109";"ES0321";"V07324213";"AGROILLA";"Organización de productores de frutas y hortalizas";"BALEARES";26/12/2023;;
"110";"ES0322";"F30221915";"ALMEMUR";"Organización de productores de frutas y hortalizas";"MURCIA";26/12/2023;;
"111";"ES0323";"F21057039";"CUNA DE PLATERO";"Organización de productores de frutas y hortalizas";"ANDALUCIA";26/12/2023;;
"112";"ES0325";"F04001152";"SAN ISIDRO (CASI)";"Organización de productores de frutas y hortalizas";"ANDALUCIA";26/12/2023;;
"113";"ES0326";"F21023585";"HORTOFRUTICOLA DE BONARES (BONAFRU)";"Organización de productores de frutas y hortalizas";"ANDALUCIA";26/12/2023;;
"114";"ES0327";"F21030473";"CONDADO DE HUELVA";"Organización de productores de frutas y hortalizas";"ANDALUCIA";26/12/2023;;
"115";"ES0331";"F96127949";"CHESTE AGRARIA";"Organización de productores de frutas y hortalizas";"COMUNIDAD VALENCIANA";26/12/2023;;
"116";"ES0332";"F30155519";"COTA 120";"Organización de productores de frutas y hortalizas";"MURCIA";26/12/2023;;
"117";"ES0336";"F25023938";"ACTEL";"Organización de productores de frutas y hortalizas";"CATALUÑA";26/12/2023;;
"118";"ES0339";"F22025563";"AGRICOLA DE OSSO";"Organización de productores de frutas y hortalizas";"ARAGON";26/12/2023;;
"119";"ES0341";"F50464163";"FRUTICOLA BAJO ARAGONESA";"Organización de productores de frutas y hortalizas";"ARAGON";26/12/2023;;
"120";"ES0343";"B30331573";"MOLINENSE PRODUCCIONES NATURALES";"Organización de productores de frutas y hortalizas";"MURCIA";26/12/2023;;14/08/2025
"121";"ES0345";"F03842671";"SAT 9359 BONNYSA";"Organización de productores de frutas y hortalizas";"COMUNIDAD VALENCIANA";26/12/2023;;
"122";"ES0348";"F30367239";"LA VEGA DE CIEZA";"Organización de productores de frutas y hortalizas";"MURCIA";26/12/2023;;
"123";"ES0354";"F25285024";"TRECOOP FRUITS";"Organización de productores de frutas y hortalizas";"CATALUÑA";26/12/2023;;
"124";"ES0355";"F02009629";"CHAMPINTER";"Organización de productores de frutas y hortalizas";"CASTILLA - LA MANCHA";26/12/2023;;
"125";"ES0356";"F30366942";"LA SULTANA";"Organización de productores de frutas y hortalizas";"MURCIA";26/12/2023;;
"126";"ES0358";"F31437239";"FRUTAS Y VERDURAS CASTEL-RUIZ";"Organización de productores de frutas y hortalizas";"NAVARRA";26/12/2023;;
"127";"ES0361";"V25299553";"PLA D’ESCARP, SAT 1235 CAT";"Organización de productores de frutas y hortalizas";"CATALUÑA";26/12/2023;;
"128";"ES0364";"F12027413";"CITRIAS";"Organización de productores de frutas y hortalizas";"COMUNIDAD VALENCIANA";26/12/2023;;
"129";"ES0367";"F30099667";"HORTOFRUTÍCOLA CAMPOS DE JUMILLA";"Organización de productores de frutas y hortalizas";"MURCIA";26/12/2023;;
"130";"ES0369";"V25305137";"LA CLAMO SAT 1247 CAT";"Organización de productores de frutas y hortalizas";"CATALUÑA";26/12/2023;;
"131";"ES0377";"F21100458";"FRESAFLOR";"Organización de productores de frutas y hortalizas";"ANDALUCIA";26/12/2023;;
"132";"ES0380";"F12351193";"ARTAN-FRUT";"Organización de productores de frutas y hortalizas";"COMUNIDAD VALENCIANA";26/12/2023;;
"133";"ES0385";"F12010658";"SOCIEDAD EXPORTACIÓN AGRIOS N.º 2 MONCOFA COOP. V.";"Organización de productores de frutas y hortalizas";"COMUNIDAD VALENCIANA";17/12/2025;17/12/2025;23/09/2025
"134";"ES0391";"V25309394";"FRUITA D´ALCARRÀS";"Organización de productores de frutas y hortalizas";"CATALUÑA";26/12/2023;;
"135";"ES0397";"F12353975";"LA PLANA DE BURRIANA";"Organización de productores de frutas y hortalizas";"COMUNIDAD VALENCIANA";26/12/2023;;
"136";"ES0401";"F25306614";"SEGRIÀ-GARRIGUES sat 1243";"Organización de productores de frutas y hortalizas";"CATALUÑA";26/12/2023;;
"137";"ES0410";"F12354189";"LA COSA";"Organización de productores de frutas y hortalizas";"COMUNIDAD VALENCIANA";26/12/2023;;
"138";"ES0411";"F12337176";"FRUTOS SECOS ESPAÑOLES";"Organización de productores de frutas y hortalizas";"CASTILLA - LA MANCHA";26/12/2023;;
"139";"ES0416";"F50550854";"DRUPO";"Organización de productores de frutas y hortalizas";"ARAGON";26/12/2023;;
"140";"ES0421";"V25307554";"ARILFRUT,";"Organización de productores de frutas y hortalizas";"CATALUÑA";26/12/2023;;
"141";"ES0424";"F25308446";"FRUITS SEGRIÀ-URGELL";"Organización de productores de frutas y hortalizas";"CATALUÑA";26/12/2023;;
"142";"ES0426";"F04043444";"FERVA";"Organización de productores de frutas y hortalizas";"ANDALUCIA";26/12/2023;;
"143";"ES0427";"F43393065";"CRISOL DE FRUTOS SECOS";"Organización de productores de frutas y hortalizas";"CATALUÑA";26/12/2023;;
"144";"ES0430";"B50561091";"FRUTARIA AGRICULTURA S.L.";"Organización de productores de frutas y hortalizas";"ARAGON";26/12/2023;;
"145";"ES0432";"V30405880";"SAT Nº 9504  URCISOL";"Organización de productores de frutas y hortalizas";"MURCIA";26/12/2023;;
"146";"ES0434";"V25306952";"SAT NÚM 1250 CAT APETIT FRUIT";"Organización de productores de frutas y hortalizas";"CATALUÑA";26/12/2023;;
"147";"ES0442";"F25309329";"LA MORENETA";"Organización de productores de frutas y hortalizas";"CATALUÑA";26/12/2023;;
"148";"ES0444";"F21014063";"COSTA DE HUELVA";"Organización de productores de frutas y hortalizas";"ANDALUCIA";26/12/2023;;
"149";"ES0445";"F21018114";"SANTA MARÍA DE LA RÁBIDA (CORA)";"Organización de productores de frutas y hortalizas";"ANDALUCIA";26/12/2023;;
"150";"ES0446";"B30160402";"LA CIEZANA VENTA DEL OLIVO";"Organización de productores de frutas y hortalizas";"MURCIA";26/12/2023;;
"151";"ES0454";"V30039093";"SAT Nº 1936 AGROTER";"Organización de productores de frutas y hortalizas";"MURCIA";26/12/2023;;
"152";"ES0456";"F25331075";"ALCOFRUSE";"Organización de productores de frutas y hortalizas";"ARAGON";26/12/2023;;
"153";"ES0457";"A30418255";"GRUPO HORTOFRUTICOLA PALOMA";"Organización de productores de frutas y hortalizas";"MURCIA";26/12/2023;;
"154";"ES0458";"F03917523";"SAT 9490 TOMSPRING";"Organización de productores de frutas y hortalizas";"COMUNIDAD VALENCIANA";26/12/2023;;
"155";"ES0460";"F04192563";"ALBENTILLAS";"Organización de productores de frutas y hortalizas";"ANDALUCIA";26/12/2023;;30/01/2024
"156";"ES0462";"V25331364";"SAT Nº 1303 CAT “FRI-FRUIT” ";"Organización de productores de frutas y hortalizas";"CATALUÑA";26/12/2023;;
"157";"ES0467";"F21053343";"ARROYO GRANDE";"Organización de productores de frutas y hortalizas";"ANDALUCIA";26/12/2023;;
"158";"ES0470";"F43415132";"ARBORETO";"Organización de productores de frutas y hortalizas";"CATALUÑA";26/12/2023;;
"159";"ES0471";"F04030292";"PARAFRUTS";"Organización de productores de frutas y hortalizas";"ANDALUCIA";26/12/2023;;23/07/2024
"160";"ES0473";"F10026128";"AGRUPACION DE COOP. DEL VALLE DEL JERTE";"Organización de productores de frutas y hortalizas";"EXTREMADURA";26/12/2023;;
"161";"ES0476";"F25350604";"LEMA";"Organización de productores de frutas y hortalizas";"EXTREMADURA";26/12/2023;;
"162";"ES0478";"F04210399";"AGROIRIS";"Organización de productores de frutas y hortalizas";"ANDALUCIA";26/12/2023;;
"163";"ES0479";"V04020533";"ACRENA";"Organización de productores de frutas y hortalizas";"ANDALUCIA";26/12/2023;;
"164";"ES0483";"V30455513";"SAT Nº 9688 AGRICULTORES DEL SURESTE";"Organización de productores de frutas y hortalizas";"MURCIA";26/12/2023;;
"165";"ES0484";"F35375096";"JULIANO BONNY GOMEZ";"Organización de productores de frutas y hortalizas";"CANARIAS";26/12/2023;;
"166";"ES0487";"F46026605";"SECCIÓN HORTOFRUTICOLA DE LA COOPERATIVA PEDRALBA VINÍCOLA S. COOP. V.";"Organización de productores de frutas y hortalizas";"COMUNIDAD VALENCIANA";26/12/2023;;14/08/2025
"167";"ES0492";"F04026043";"LAS HORTICHUELAS";"Organización de productores de frutas y hortalizas";"ANDALUCIA";26/12/2023;;
"168";"ES0498";"F30408942";"SECCIÓN OP DE FRUTOS DE CÁSCARA DE FRUSEMUR";"Organización de productores de frutas y hortalizas";"MURCIA";26/12/2023;;
"169";"ES0500";"f24300378";"COMERCIAL FRUTICULTORES DEL BIERZO S. COOP.";"Organización de productores de frutas y hortalizas";"CASTILLA - LEON";26/12/2023;;
"170";"ES0501";"F04191227";"CITRICOS DEL ANDARAX";"Organización de productores de frutas y hortalizas";"ANDALUCIA";26/12/2023;;
"171";"ES0502";"F30711139";"GRUPO CFM";"Organización de productores de frutas y hortalizas";"MURCIA";26/12/2023;;
"172";"ES0505";"F04047783";"COPROHNIJAR";"Organización de productores de frutas y hortalizas";"ANDALUCIA";26/12/2023;;
"173";"ES0506";"F04231429";"DUNIAGRO";"Organización de productores de frutas y hortalizas";"ANDALUCIA";26/12/2023;;
"174";"ES0507";"V04188488";"INDASOL";"Organización de productores de frutas y hortalizas";"ANDALUCIA";26/12/2023;;
"175";"ES0511";"F30142202";"SAGRADO CORAZON DE JESUS ( SACOJE )";"Organización de productores de frutas y hortalizas";"MURCIA";26/12/2023;;
"176";"ES0513";"F96470984";"LEVANTINA AGRICOLA";"Organización de productores de frutas y hortalizas";"COMUNIDAD VALENCIANA";26/12/2023;;
"177";"ES0514";"F25008285";"AGROPECUARIA DE SOSES, SCCL";"Organización de productores de frutas y hortalizas";"CATALUÑA";26/12/2023;;
"178";"ES0517";"F50607589";"JALON FRUT";"Organización de productores de frutas y hortalizas";"ARAGON";26/12/2023;;
"179";"ES0518";"F50011097";"VIRGEN DE LA OLIVA";"Organización de productores de frutas y hortalizas";"ARAGON";26/12/2023;;
"180";"ES0524";"F06183628";"COFRUITS";"Organización de productores de frutas y hortalizas";"EXTREMADURA";26/12/2023;;
"181";"ES0527";"F22017602";"RIOCINCA";"Organización de productores de frutas y hortalizas";"ARAGON";26/12/2023;;
"182";"ES0528";"F96554019";"SAT 64CV CITRUSALGE";"Organización de productores de frutas y hortalizas";"COMUNIDAD VALENCIANA";26/12/2023;;
"183";"ES0532";"F38387528";"UNEXTOMATES";"Organización de productores de frutas y hortalizas";"CANARIAS";26/12/2023;;
"184";"ES0535";"F26006965";"FRUTOS DEL CAMPO (KUMIX)";"Organización de productores de frutas y hortalizas";"LA RIOJA";26/12/2023;;
"185";"ES0538";"B14117337";"GUADEX";"Organización de productores de frutas y hortalizas";"ANDALUCIA";26/12/2023;;
"186";"ES0539";"F25376757";"PLADGOLD";"Organización de productores de frutas y hortalizas";"CATALUÑA";26/12/2023;;
"187";"ES0540";"F04034831";"INVER";"Organización de productores de frutas y hortalizas";"ANDALUCIA";26/12/2023;;
"188";"ES0542";"F18034686";"PROCAM";"Organización de productores de frutas y hortalizas";"ANDALUCIA";26/12/2023;;
"189";"ES0545";"F12438578";"AGROAL";"Organización de productores de frutas y hortalizas";"COMUNIDAD VALENCIANA";17/12/2025;17/12/2025;24/11/2025
"190";"ES0547";"F18013748";"GRANADA LA PALMA";"Organización de productores de frutas y hortalizas";"ANDALUCIA";26/12/2023;;
"191";"ES0550";"F04212403";"NATURSUR";"Organización de productores de frutas y hortalizas";"ANDALUCIA";26/12/2023;;
"192";"ES0551";"F35010289";"SAN NICOLAS DE TOLENTINO (COAGRISAN)";"Organización de productores de frutas y hortalizas";"CANARIAS";26/12/2023;;
"193";"ES0554";"F38399010";"RAYMI";"Organización de productores de frutas y hortalizas";"CANARIAS";26/12/2023;;
"194";"ES0564";"V35104645";"NICOLASES";"Organización de productores de frutas y hortalizas";"CANARIAS";26/12/2023;;
"195";"ES0567";"V41812744";"EXPORT SURFRUIT";"Organización de productores de frutas y hortalizas";"ANDALUCIA";26/12/2023;;
"196";"ES0569";"A30034441";"FRUTAS ESTHER";"Organización de productores de frutas y hortalizas";"MURCIA";26/12/2023;;
"197";"ES0570";"F35077700";"YEOWARD DEL CAMPO";"Organización de productores de frutas y hortalizas";"CANARIAS";26/12/2023;;
"198";"ES0571";"F35045301";"CAMPO DE SARDINA DEL SUR ""COLICAM""";"Organización de productores de frutas y hortalizas";"CANARIAS";26/12/2023;;
"199";"ES0576";"V04256954";"PRIMAFLOR";"Organización de productores de frutas y hortalizas";"ANDALUCIA";26/12/2023;;
"200";"ES0577";"B30516645";"KERNEL EXPORT";"Organización de productores de frutas y hortalizas";"MURCIA";26/12/2023;;
"201";"ES0584";"F22157580";"FITOAGRO";"Organización de productores de frutas y hortalizas";"ARAGON";26/12/2023;;
"202";"ES0585";"F22199178";"FRUTOS DEL CINCA";"Organización de productores de frutas y hortalizas";"ARAGON";26/12/2023;;
"203";"ES0586";"V30541916";"SAT Nº 9895 AGRICOLA PERICHAN";"Organización de productores de frutas y hortalizas";"MURCIA";26/12/2023;;
"204";"ES0591";"A30553499";"HORTOFRUTICOLA TOPI";"Organización de productores de frutas y hortalizas";"MURCIA";26/12/2023;;
"205";"ES0592";"F25380155";"SANT DOMENEC";"Organización de productores de frutas y hortalizas";"CATALUÑA";26/12/2023;;
"206";"ES0594";"F22007983";"AGROPECUARIA DEL CINCA";"Organización de productores de frutas y hortalizas";"ARAGON";26/12/2023;;
"207";"ES0595";"F22202295";"ARYCA";"Organización de productores de frutas y hortalizas";"ARAGON";26/12/2023;;
"208";"ES0596";"F22199186";"VEGA FRUITS";"Organización de productores de frutas y hortalizas";"ARAGON";26/12/2023;;
"209";"ES0597";"F06139109";"ACOPAEX";"Organización de productores de frutas y hortalizas";"EXTREMADURA";26/12/2023;;
"210";"ES0598";"V30558738";"SAT Nº 9909 LAS PRIMICIAS";"Organización de productores de frutas y hortalizas";"MURCIA";26/12/2023;;
"211";"ES0599";"F18013664";"EL GRUPO";"Organización de productores de frutas y hortalizas";"ANDALUCIA";26/12/2023;;
"212";"ES0602";"V26253138";"FRUTAS Y VERDURAS VALLE DE RINCON";"Organización de productores de frutas y hortalizas";"LA RIOJA";26/12/2023;;
"213";"ES0608";"F96561865";"SAT CASA BLAVA 58 CV";"Organización de productores de frutas y hortalizas";"COMUNIDAD VALENCIANA";26/12/2023;;
"214";"ES0611";"F96572342";"LAYPOVE";"Organización de productores de frutas y hortalizas";"COMUNIDAD VALENCIANA";26/12/2023;;14/08/2025
"215";"ES0614";"V06034235";"COMERCIAL AGROPECUARIA ( CASAT )";"Organización de productores de frutas y hortalizas";"EXTREMADURA";26/12/2023;;
"216";"ES0616";"F53218111";"YAFER AGRICOLA";"Organización de productores de frutas y hortalizas";"COMUNIDAD VALENCIANA";26/12/2023;;
"217";"ES0617";"F12454187";"EUROCOCI";"Organización de productores de frutas y hortalizas";"COMUNIDAD VALENCIANA";26/12/2023;;
"218";"ES0620";"F96671318";"VERSOL";"Organización de productores de frutas y hortalizas";"COMUNIDAD VALENCIANA";26/12/2023;;
"219";"ES0621";"V96675384";"SAT 115 CV MARLOBE";"Organización de productores de frutas y hortalizas";"COMUNIDAD VALENCIANA";26/12/2023;;
"220";"ES0623";"B96693387";"CÍTRICOS GINERO";"Organización de productores de frutas y hortalizas";"COMUNIDAD VALENCIANA";26/12/2023;;
"221";"ES0626";"V96679394";"CITFRUT";"Organización de productores de frutas y hortalizas";"COMUNIDAD VALENCIANA";26/12/2023;;
"222";"ES0627";"F96670393";"SAT CÍTRICOS VALENCIANOS";"Organización de productores de frutas y hortalizas";"COMUNIDAD VALENCIANA";26/12/2023;;
"223";"ES0631";"V04278586";"MABE";"Organización de productores de frutas y hortalizas";"ANDALUCIA";26/12/2023;;
"224";"ES0632";"F14219265";"HORTOFRUTICOLA LAS HUERTAS";"Organización de productores de frutas y hortalizas";"ANDALUCIA";26/12/2023;;
"225";"ES0634";"F41074220";"MARISMAS DE LEBRIJA";"Organización de productores de frutas y hortalizas";"ANDALUCIA";26/12/2023;;
"226";"ES0635";"V14447841";"SUNARAN";"Organización de productores de frutas y hortalizas";"ANDALUCIA";26/12/2023;;
"227";"ES0637";"F26024620";"SDAD. COOP. DEL CAMPO ""GARU""";"Organización de productores de frutas y hortalizas";"LA RIOJA";26/12/2023;;
"228";"ES0638";"V30565907";"SAT Nº 9913 ROSEGAR";"Organización de productores de frutas y hortalizas";"MURCIA";26/12/2023;;
"229";"ES0639";"F53198388";"SAT 9888 IMPERIO";"Organización de productores de frutas y hortalizas";"COMUNIDAD VALENCIANA";26/12/2023;;
"230";"ES0640";"F30474506";"SECCION OPFH DE FRUVEG, S.C.L.";"Organización de productores de frutas y hortalizas";"MURCIA";26/12/2023;;
"231";"ES0642";"F30711899";"COOPERATIVA AGRICOLA LEVANTE SUR";"Organización de productores de frutas y hortalizas";"MURCIA";26/12/2023;;
"232";"ES0644";"F35105568";"BOTIJA";"Organización de productores de frutas y hortalizas";"CANARIAS";17/12/2025;17/12/2025;31/01/2023
"233";"ES0645";"F35092162";"AGRICOLA DE TASARTE  ( COPARLITA )";"Organización de productores de frutas y hortalizas";"CANARIAS";26/12/2023;;
"234";"ES0649";"F41538919";"""MANCERA"", S.COOP. AGRARIA";"Organización de productores de frutas y hortalizas";"ANDALUCIA";26/12/2023;;
"235";"ES0652";"B12457230";"GREENMED S. L. ";"Organización de productores de frutas y hortalizas";"COMUNIDAD VALENCIANA";26/12/2023;;
"236";"ES0653";"F04261210";"DUNAMAR";"Organización de productores de frutas y hortalizas";"ANDALUCIA";26/12/2023;;
"237";"ES0660";"V30048995";"SAT Nº 97 BLANCASOL";"Organización de productores de frutas y hortalizas";"MURCIA";26/12/2023;;14/08/2025
"238";"ES0661";"F31021793";"LA ESPERANZA";"Organización de productores de frutas y hortalizas";"NAVARRA";26/12/2023;;
"239";"ES0668";"F21256185";"FRESCITRUS";"Organización de productores de frutas y hortalizas";"ANDALUCIA";26/12/2023;;
"240";"ES0670";"F41867482";"NARANJALES DEL GUADALQUIVIR";"Organización de productores de frutas y hortalizas";"ANDALUCIA";26/12/2023;;
"241";"ES0673";"F45402492";"PUEBLA";"Organización de productores de frutas y hortalizas";"CASTILLA - LA MANCHA";26/12/2023;;
"242";"ES0674";"F03231768";"ORTUÑOS";"Organización de productores de frutas y hortalizas";"COMUNIDAD VALENCIANA";26/12/2023;;
"243";"ES0675";"F43517051";"BAIX MON";"Organización de productores de frutas y hortalizas";"CATALUÑA";26/12/2023;;30/01/2024
"244";"ES0678";"F30511364";"SECCION SOCIOS PRODUCTORES DE CITRISOL, S.COOP.";"Organización de productores de frutas y hortalizas";"MURCIA";26/12/2023;;
"245";"ES0679";"F41021486";"SAN SEBASTIAN";"Organización de productores de frutas y hortalizas";"ANDALUCIA";26/12/2023;;
"246";"ES0680";"V04283032";"COSTA DE NIJAR";"Organización de productores de frutas y hortalizas";"ANDALUCIA";17/12/2025;17/12/2025;22/10/2025
"247";"ES0682";"F53170650";"OLE";"Organización de productores de frutas y hortalizas";"COMUNIDAD VALENCIANA";26/12/2023;;
"248";"ES0685";"V53233102";"SAT Nº 9915 CITRICOS DEL SURESTE";"Organización de productores de frutas y hortalizas";"MURCIA";26/12/2023;;14/08/2025
"249";"ES0689";"F06268940";"ACOBA";"Organización de productores de frutas y hortalizas";"EXTREMADURA";26/12/2023;;
"250";"ES0693";"B30721237";"GRUPO HORTOFRUTICOLA MURCIANA DE VEGETALES";"Organización de productores de frutas y hortalizas";"MURCIA";26/12/2023;;
"251";"ES0694";"F25390675";"EXPO FRUITS SOSES, SOCIEDAD COOPERATIVA LIMITADA";"Organización de productores de frutas y hortalizas";"CATALUÑA";26/12/2023;;
"252";"ES0698";"V96706874";"ALMATERRA";"Organización de productores de frutas y hortalizas";"COMUNIDAD VALENCIANA";26/12/2023;;23/07/2024
"253";"ES0702";"F11016474";"NTRA. SRA. DE LAS VIRTUDES";"Organización de productores de frutas y hortalizas";"ANDALUCIA";26/12/2023;;
"254";"ES0707";"F96793344";"TUFRUTA";"Organización de productores de frutas y hortalizas";"COMUNIDAD VALENCIANA";26/12/2023;;
"255";"ES0709";"F11017936";"COOPERATIVA DEL CAMPO GUADIARO";"Organización de productores de frutas y hortalizas";"ANDALUCIA";26/12/2023;;
"256";"ES0726";"F21022561";"GRUFESA";"Organización de productores de frutas y hortalizas";"ANDALUCIA";26/12/2023;;
"257";"ES0732";"F50722719";"CALARI";"Organización de productores de frutas y hortalizas";"ARAGON";26/12/2023;;
"258";"ES0733";"F41021544";"PRODUCTORES DEL CAMPO";"Organización de productores de frutas y hortalizas";"ANDALUCIA";26/12/2023;;
"259";"ES0738";"F04307104";"COSTA DULCE";"Organización de productores de frutas y hortalizas";"ANDALUCIA";26/12/2023;;
"260";"ES0743";"F30581276";"EXPOAGUILAS";"Organización de productores de frutas y hortalizas";"MURCIA";26/12/2023;;
"261";"ES0744";"F18450635";"HORTOFRUTICOLA LA CAÑA";"Organización de productores de frutas y hortalizas";"ANDALUCIA";26/12/2023;;30/01/2024
"262";"ES0745";"F10234953";"VERAFRU";"Organización de productores de frutas y hortalizas";"EXTREMADURA";26/12/2023;;
"263";"ES0746";"F50785914";"SERVICAMPO DE EBRO";"Organización de productores de frutas y hortalizas";"ARAGON";26/12/2023;;
"264";"ES0747";"F31099278";"AGRICOLA SAN ISIDRO DE CADREITA";"Organización de productores de frutas y hortalizas";"NAVARRA";26/12/2023;;
"265";"ES0751";"F50770189";"PRODEBRO";"Organización de productores de frutas y hortalizas";"ARAGON";26/12/2023;;
"266";"ES0752";"F31628803";"BUÑUEL";"Organización de productores de frutas y hortalizas";"NAVARRA";26/12/2023;;
"267";"ES0753";"F31021454";"SANTIAGO APOSTOL DE FUNES";"Organización de productores de frutas y hortalizas";"NAVARRA";26/12/2023;;
"268";"ES0754";"F06208276";"SUMIFRUT";"Organización de productores de frutas y hortalizas";"EXTREMADURA";26/12/2023;;
"269";"ES0756";"F10229599";"APROCEX";"Organización de productores de frutas y hortalizas";"EXTREMADURA";26/12/2023;;
"270";"ES0758";"F41082868";"FOASAT";"Organización de productores de frutas y hortalizas";"ANDALUCIA";26/12/2023;;
"271";"ES0761";"F25392143";"FRUTAITO";"Organización de productores de frutas y hortalizas";"CATALUÑA";26/12/2023;;
"272";"ES0767";"F30368559";"HOYAMAR";"Organización de productores de frutas y hortalizas";"MURCIA";26/12/2023;;
"273";"ES0768";"V04307666";"AGROLEVANTE";"Organización de productores de frutas y hortalizas";"ANDALUCIA";26/12/2023;;
"274";"ES0770";"F30430540";"DEILOR";"Organización de productores de frutas y hortalizas";"MURCIA";26/12/2023;;
"275";"ES0771";"F11004751";"VIRGEN DEL ROCIO";"Organización de productores de frutas y hortalizas";"ANDALUCIA";26/12/2023;;
"276";"ES0773";"F26049650";"HORTOFRUTICOLA EL RASO";"Organización de productores de frutas y hortalizas";"LA RIOJA";26/12/2023;;
"277";"ES0785";"F04323960";"COSTA EJIDO";"Organización de productores de frutas y hortalizas";"ANDALUCIA";26/12/2023;;
"278";"ES0788";"F12511135";"REAL EXPORT";"Organización de productores de frutas y hortalizas";"COMUNIDAD VALENCIANA";26/12/2023;;
"279";"ES0792";"V29055175";"TROPS";"Organización de productores de frutas y hortalizas";"ANDALUCIA";26/12/2023;;
"280";"ES0794";"F21284997";"INTER TERRA";"Organización de productores de frutas y hortalizas";"ANDALUCIA";26/12/2023;;
"281";"ES0795";"F06302160";"ALGORCHA";"Organización de productores de frutas y hortalizas";"EXTREMADURA";26/12/2023;;
"282";"ES0796";"F21284757";"LAS PALMERITAS";"Organización de productores de frutas y hortalizas";"ANDALUCIA";26/12/2023;;
"283";"ES0798";"V25053844";"MOLNAR FRUITS";"Organización de productores de frutas y hortalizas";"CATALUÑA";26/12/2023;;
"284";"ES0803";"F96995766";"INTEGRADA";"Organización de productores de frutas y hortalizas";"COMUNIDAD VALENCIANA";26/12/2023;;
"285";"ES0804";"F02289411";"MERCAJUCAR";"Organización de productores de frutas y hortalizas";"CASTILLA - LA MANCHA";26/12/2023;;
"286";"ES0805";"F26305383";"EUROCHAMP";"Organización de productores de frutas y hortalizas";"LA RIOJA";26/12/2023;;
"287";"ES0808";"F21273008";"ALFRUT";"Organización de productores de frutas y hortalizas";"ANDALUCIA";26/12/2023;;
"288";"ES0810";"F12513800";"SOLVERD";"Organización de productores de frutas y hortalizas";"COMUNIDAD VALENCIANA";26/12/2023;;
"289";"ES0812";"V04324323";"EUROSOL";"Organización de productores de frutas y hortalizas";"ANDALUCIA";26/12/2023;;
"290";"ES0814";"F73109332";"SAT Nº 9836 AGRICULTURA Y EXPORTACION";"Organización de productores de frutas y hortalizas";"MURCIA";26/12/2023;;
"291";"ES0815";"F06262091";"TOMATES EXTREMEÑOS";"Organización de productores de frutas y hortalizas";"EXTREMADURA";26/12/2023;;
"292";"ES0816";"F06226989";"AGROCAM";"Organización de productores de frutas y hortalizas";"EXTREMADURA";26/12/2023;;
"293";"ES0817";"F10007151";"SAN RAFAEL";"Organización de productores de frutas y hortalizas";"EXTREMADURA";26/12/2023;;
"294";"ES0818";"F30587919";"CAMPO DE LORCA";"Organización de productores de frutas y hortalizas";"MURCIA";26/12/2023;;
"295";"ES0819";"F06341648";"PHENIX EXTREMADURA";"Organización de productores de frutas y hortalizas";"EXTREMADURA";26/12/2023;;
"296";"ES0820";"B06304448";"EXTREMEÑA DE TOMATES";"Organización de productores de frutas y hortalizas";"EXTREMADURA";26/12/2023;;
"297";"ES0823";"F25455874";"PONT DE VALL";"Organización de productores de frutas y hortalizas";"CATALUÑA";26/12/2023;;
"298";"ES0825";"F50007780";"AGRICOLA  SAN LORENZO";"Organización de productores de frutas y hortalizas";"ARAGON";26/12/2023;;
"299";"ES0826";"B73108755";"AGRIOS EL CARRIL";"Organización de productores de frutas y hortalizas";"MURCIA";26/12/2023;;
"300";"ES0827";"V53566949";"MIRACAMPO";"Organización de productores de frutas y hortalizas";"COMUNIDAD VALENCIANA";26/12/2023;;
"301";"ES0831";"F04354981";"NATURE CHOICE";"Organización de productores de frutas y hortalizas";"ANDALUCIA";26/12/2023;;
"302";"ES0832";"B06341333";"FRUGALIA";"Organización de productores de frutas y hortalizas";"EXTREMADURA";26/12/2023;;
"303";"ES0833";"V25481821";"UNIPLA, ASATS Nº 1438 CAT";"Organización de productores de frutas y hortalizas";"CATALUÑA";26/12/2023;;
"304";"ES0834";"B43639558";"MONTFRUIT EXPORT";"Organización de productores de frutas y hortalizas";"CATALUÑA";26/12/2023;;
"305";"ES0835";"V21316484";"MOGALLA";"Organización de productores de frutas y hortalizas";"ANDALUCIA";26/12/2023;;
"306";"ES0836";"F73068231";"FRUTAS CAMPO DE BLANCA";"Organización de productores de frutas y hortalizas";"MURCIA";26/12/2023;;
"307";"ES0840";"F97133540";"CLEMENSOL";"Organización de productores de frutas y hortalizas";"COMUNIDAD VALENCIANA";26/12/2023;;14/08/2025
"308";"ES0841";"F07887805";"AGROEIVISSA";"Organización de productores de frutas y hortalizas";"BALEARES";26/12/2023;;
"309";"ES0843";"F38671657";"DEL CAMPO PALMERO (COCAMPA)";"Organización de productores de frutas y hortalizas";"CANARIAS";26/12/2023;;
"310";"ES0846";"B50915776";"INTERLAZARO";"Organización de productores de frutas y hortalizas";"ARAGON";26/12/2023;;
"311";"ES0848";"F18019091";"CENTRO SUR (CESURCA)";"Organización de productores de frutas y hortalizas";"ANDALUCIA";26/12/2023;;
"312";"ES0850";"B91218750";"ESPAFRUIT FRUTAS Y ESPARRAGOS DE ESPAÑA";"Organización de productores de frutas y hortalizas";"ANDALUCIA";26/12/2023;;
"313";"ES0854";"F11012713";"SAN MARTIN DEL TESORILLO";"Organización de productores de frutas y hortalizas";"ANDALUCIA";26/12/2023;;
"314";"ES0855";"F31746621";"AGROCAPELU";"Organización de productores de frutas y hortalizas";"NAVARRA";26/12/2023;;23/07/2024
"315";"ES0857";"F38008579";"""GRUPO REG.DE COOP. PLATANERAS DEL ARCHIPIELAGO CANARIO""";"Organización de productores de frutas y hortalizas";"CANARIAS";26/12/2023;;
"316";"ES0860";"F35710292";"AGRICULTORES DEL CENTRO DE GRAN CANARIA";"Organización de productores de frutas y hortalizas";"CANARIAS";26/12/2023;;
"317";"ES0863";"F73122467";"UNILAND";"Organización de productores de frutas y hortalizas";"MURCIA";26/12/2023;;
"318";"ES0864";"F04241063";"ALMERIFRESH";"Organización de productores de frutas y hortalizas";"ANDALUCIA";26/12/2023;;23/07/2024
"319";"ES0865";"F18004986";"AGRICOLA SAN FRANCISCO";"Organización de productores de frutas y hortalizas";"ANDALUCIA";26/12/2023;;
"320";"ES0866";"F38692331";"IZAÑA";"Organización de productores de frutas y hortalizas";"CANARIAS";26/12/2023;;
"321";"ES0867";"F38686747";"ORGANIZACION DE PRODUCTORES DE FRUTAS Y HORTALIZAS DE LAS ISLAS CANARIAS";"Organización de productores de frutas y hortalizas";"CANARIAS";26/12/2023;;
"322";"ES0868";"F35732114";"COACEN";"Organización de productores de frutas y hortalizas";"CANARIAS";26/12/2023;;
"323";"ES0869";"V50923234";"JARIFRUT";"Organización de productores de frutas y hortalizas";"ARAGON";26/12/2023;;
"324";"ES0872";"F35637305";"LOS CANARIONES";"Organización de productores de frutas y hortalizas";"CANARIAS";26/12/2023;;
"325";"ES0873";"F97361158";"CAMPO & FILOSOFO, SDAD. COOP.";"Organización de productores de frutas y hortalizas";"COMUNIDAD VALENCIANA";26/12/2023;;
"326";"ES0875";"V73121386";"SAT Nº 9843 CAMPOTEJAR DEL SEGURA";"Organización de productores de frutas y hortalizas";"MURCIA";26/12/2023;;
"327";"ES0876";"B73176034";"SOL Y TIERRA CAMPO DE CARTAGENA";"Organización de productores de frutas y hortalizas";"MURCIA";26/12/2023;;
"328";"ES0877";"F41074758";"CITRICOS ANDALUCES";"Organización de productores de frutas y hortalizas";"ANDALUCIA";26/12/2023;;
"329";"ES0880";"V21340302";"BIONEST";"Organización de productores de frutas y hortalizas";"ANDALUCIA";26/12/2023;;
"330";"ES0883";"F50099498";"FRUTICOLA MAELLANA,";"Organización de productores de frutas y hortalizas";"ARAGON";26/12/2023;;
"331";"ES0884";"F48222459";"GARAIA";"Organización de productores de frutas y hortalizas";"PAIS VASCO";26/12/2023;;
"332";"ES0890";"F48112338";"BARRENETXE";"Organización de productores de frutas y hortalizas";"PAIS VASCO";26/12/2023;;
"333";"ES0893";"F03061066";"SECCIÓN COMERCIALIZACIÓN COOP. VALENCIANA AGRICOLA MONFORTE DEL CID";"Organización de productores de frutas y hortalizas";"COMUNIDAD VALENCIANA";26/12/2023;;
"334";"ES0899";"B73249328";"AGRONATIVA";"Organización de productores de frutas y hortalizas";"MURCIA";26/12/2023;;
"335";"ES0900";"F44003101";"SAN MIGUEL";"Organización de productores de frutas y hortalizas";"ARAGON";26/12/2023;;
"336";"ES0901";"B04112439";"POZO SUR";"Organización de productores de frutas y hortalizas";"MURCIA";26/12/2023;;
"337";"ES0902";"B73234635";"PRODUCTORES Y COMERCIALIZADORES DE MELON";"Organización de productores de frutas y hortalizas";"MURCIA";26/12/2023;;14/08/2025
"338";"ES0904";"F44004869";"LA CALANDINA";"Organización de productores de frutas y hortalizas";"ARAGON";26/12/2023;;
"339";"ES0908";"F73107245";"FRUTAS LA CARRICHOSA";"Organización de productores de frutas y hortalizas";"MURCIA";26/12/2023;;23/07/2024
"340";"ES0909";"F30303242";"COOPERATIVA AGRICOLA DE COMERCIALIZACION COACO";"Organización de productores de frutas y hortalizas";"MURCIA";26/12/2023;;30/01/2024
"341";"ES0912";"F18379628";"LOS GALLOMBARES";"Organización de productores de frutas y hortalizas";"ANDALUCIA";26/12/2023;;
"342";"ES0919";"F14015168";"OLIVARERA NTRA. SRA. DE LA SALUD (COVIDESA)";"Organización de productores de frutas y hortalizas";"ANDALUCIA";26/12/2023;;
"343";"ES0921";"F47478789";"HORCAOL  S. COOP.";"Organización de productores de frutas y hortalizas";"CASTILLA - LEON";26/12/2023;;
"344";"ES0924";"V07334055";"AGROMALLORCA";"Organización de productores de frutas y hortalizas";"BALEARES";26/12/2023;;
"345";"ES0926";"B73093189";"HORFRUSA";"Organización de productores de frutas y hortalizas";"MURCIA";26/12/2023;;
"346";"ES0927";"B73145294";"NATURAL SALADS";"Organización de productores de frutas y hortalizas";"MURCIA";26/12/2023;;30/01/2024
"347";"ES0931";"V21378534";"ELDORADO";"Organización de productores de frutas y hortalizas";"ANDALUCIA";26/12/2023;;
"348";"ES0934";"F21310743";"COMERCIAL AGRICOLA LA RABIDA";"Organización de productores de frutas y hortalizas";"ANDALUCIA";26/12/2023;;
"349";"ES0935";"B12686937";"CAMPOS DE ALCALÁ";"Organización de productores de frutas y hortalizas";"COMUNIDAD VALENCIANA";26/12/2023;;
"350";"ES0938";"V54030952";"AGROVEGA";"Organización de productores de frutas y hortalizas";"COMUNIDAD VALENCIANA";26/12/2023;;
"351";"ES0940";"F18669549";"ESPARRAGOS DE GRANADA";"Organización de productores de frutas y hortalizas";"ANDALUCIA";17/12/2025;17/12/2025;24/07/2024
"352";"ES0941";"B30417109";"AGRICOLA SANTA EULALIA";"Organización de productores de frutas y hortalizas";"MURCIA";26/12/2023;;
"353";"ES0945";"F04532339";"MURGIVERDE";"Organización de productores de frutas y hortalizas";"ANDALUCIA";26/12/2023;;
"354";"ES0946";"V97595805";"SAT 9983 ENRIQUE ROMAY";"Organización de productores de frutas y hortalizas";"COMUNIDAD VALENCIANA";26/12/2023;;
"355";"ES0950";"F38582649";"HORTOFRUTICOLA VISTAS DE ICOD";"Organización de productores de frutas y hortalizas";"CANARIAS";26/12/2023;;
"356";"ES0952";"B62294939";"VEGA MAYOR";"Organización de productores de frutas y hortalizas";"NAVARRA";26/12/2023;;
"357";"ES0954";"F73470015";"SECCION HORTOFRUTICOLA Y FRUTOS DE CASCARA DE ALIMENTOS DEL MEDITERRANEO, S.COOP.  (ALIMER)";"Organización de productores de frutas y hortalizas";"MURCIA";26/12/2023;;
"358";"ES0956";"F30798870";"FRUTAS ESPARZA";"Organización de productores de frutas y hortalizas";"MURCIA";26/12/2023;;
"359";"ES0957";"F21398128";"FRESPALOS";"Organización de productores de frutas y hortalizas";"ANDALUCIA";26/12/2023;;
"360";"ES0962";"F54156856";"MAÑAN";"Organización de productores de frutas y hortalizas";"COMUNIDAD VALENCIANA";26/12/2023;;
"361";"ES0964";"F30809230";"AGRODOMI";"Organización de productores de frutas y hortalizas";"MURCIA";26/12/2023;;
"362";"ES0969";"V04570289";"PEREGRIN";"Organización de productores de frutas y hortalizas";"ANDALUCIA";26/12/2023;;
"363";"ES0971";"F30817670";"HUERTA GAMA";"Organización de productores de frutas y hortalizas";"MURCIA";26/12/2023;;23/07/2024
"364";"ES0974";"V73535486";"SAT Nº 9994 CAMPOSEVEN";"Organización de productores de frutas y hortalizas";"MURCIA";26/12/2023;;
"365";"ES0976";"F73522138";"EXPLOTACIONES AGRICOLAS SAMPER";"Organización de productores de frutas y hortalizas";"MURCIA";26/12/2023;;23/07/2024
"366";"ES0977";"F02003200";"SANTA MONICA";"Organización de productores de frutas y hortalizas";"CASTILLA - LA MANCHA";26/12/2023;;
"367";"ES0978";"F46668752";"COMARCAL DE ALMENDRAS,";"Organización de productores de frutas y hortalizas";"COMUNIDAD VALENCIANA";26/12/2023;;14/08/2025
"368";"ES0981";"B10245884";"GRUPO ALBA INTERNACIONAL";"Organización de productores de frutas y hortalizas";"EXTREMADURA";26/12/2023;;
"369";"ES0982";"B06505556";"FARM FRUIT,";"Organización de productores de frutas y hortalizas";"EXTREMADURA";26/12/2023;;
"370";"ES0983";"F73538068";"UNION DE AGRICULTORES DEL MAR MENOR";"Organización de productores de frutas y hortalizas";"MURCIA";26/12/2023;;
"371";"ES0984";"B73518946";"MOYCA GRAPES";"Organización de productores de frutas y hortalizas";"MURCIA";26/12/2023;;
"372";"ES0985";"B73472516";"ORGANIZACION DE PRODUCTORES AGROMARK";"Organización de productores de frutas y hortalizas";"MURCIA";26/12/2023;;
"373";"ES0986";"F38935102";"CANARISOL";"Organización de productores de frutas y hortalizas";"CANARIAS";26/12/2023;;
"374";"ES0988";"V12763710";"EL NARANJO";"Organización de productores de frutas y hortalizas";"COMUNIDAD VALENCIANA";26/12/2023;;
"375";"ES0989";"V04636379";"LAS HACIENDAS";"Organización de productores de frutas y hortalizas";"ANDALUCIA";26/12/2023;17/12/2025;
"376";"ES0993";"V12799052";"PROALMENDRA";"Organización de productores de frutas y hortalizas";"COMUNIDAD VALENCIANA";26/12/2023;;
"377";"ES0994";"F12009528";"SAN ISIDRO DE VALL D´ALBA";"Organización de productores de frutas y hortalizas";"COMUNIDAD VALENCIANA";26/12/2023;;
"378";"ES0996";"V43923614";"CITRICS TERRES DE L'EBRE";"Organización de productores de frutas y hortalizas";"CATALUÑA";26/12/2023;;
"379";"ES0997";"V22339279";"GLOBAL HERMANOS MIGUEL GARCIA";"Organización de productores de frutas y hortalizas";"ARAGON";26/12/2023;;
"380";"ES0998";"F36033132";"HORSAL";"Organización de productores de frutas y hortalizas";"GALICIA";26/12/2023;;
"381";"ES1003";"F38969218";"GARAÑAÑA";"Organización de productores de frutas y hortalizas";"CANARIAS";26/12/2023;;
"382";"ES1004";"V98053606";"CITRUS NOSTRUM";"Organización de productores de frutas y hortalizas";"COMUNIDAD VALENCIANA";26/12/2023;;
"383";"ES1006";"F18038067";"HORTOVENTAS,";"Organización de productores de frutas y hortalizas";"ANDALUCIA";26/12/2023;;
"384";"ES1007";"F05152392";"GREDOSUR  S. COOP.";"Organización de productores de frutas y hortalizas";"CASTILLA - LEON";26/12/2023;;
"385";"ES1008";"F40165193";"VIVEROS CAMPIÑAS  S. COOP.";"Organización de productores de frutas y hortalizas";"CASTILLA - LEON";26/12/2023;;
"386";"ES1010";"F25687351";"PRAMAR FRUIT";"Organización de productores de frutas y hortalizas";"CATALUÑA";26/12/2023;;
"387";"ES1011";"F74337593";"Sección de Frutas y Hortalizas de CAMPOASTUR  Productos y Servicios .";"Organización de productores de frutas y hortalizas";"ASTURIAS";26/12/2023;;
"388";"ES1012";"V54429220";"SAT 510 CV BETISAN";"Organización de productores de frutas y hortalizas";"COMUNIDAD VALENCIANA";26/12/2023;;
"389";"ES1013";"V54349139";"SAT 498CV RAIMSA";"Organización de productores de frutas y hortalizas";"COMUNIDAD VALENCIANA";26/12/2023;;
"390";"ES1014";"F03014198";"SECCIÓN COMERCIALIZACIÓN DE LA COOP. CAMPO STA MARIA MAGDALENA";"Organización de productores de frutas y hortalizas";"COMUNIDAD VALENCIANA";26/12/2023;;
"391";"ES1015";"B85758688";"ACTIVIDADES DE PRODUCCIÓN Y COMERCIALIZACIÓN LA VEGUILLA";"Organización de productores de frutas y hortalizas";"CASTILLA - LA MANCHA";26/12/2023;;
"392";"ES1017";"F24020604";"S.A.T. CENTRAL HORTOFRUTÍCOLA DEL BIERZO";"Organización de productores de frutas y hortalizas";"CASTILLA - LEON";26/12/2023;;
"393";"ES1019";"F73553521";"FRUTOS SECOS ESPUÑA";"Organización de productores de frutas y hortalizas";"MURCIA";26/12/2023;;30/01/2024
"394";"ES1020";"F22102859";"ALMENDRAS ALTO ARAGÓN";"Organización de productores de frutas y hortalizas";"ARAGON";26/12/2023;;
"395";"ES1021";"V99257404";"CALIBRE";"Organización de productores de frutas y hortalizas";"ARAGON";26/12/2023;;
"396";"ES1022";"V76051739";"LA  ALOSNERA";"Organización de productores de frutas y hortalizas";"CANARIAS";26/12/2023;;
"397";"ES1025";"V02506574";"EL HONDO";"Organización de productores de frutas y hortalizas";"CASTILLA - LA MANCHA";26/12/2023;;
"398";"ES1027";"B73674483";"PRODUCTORES AGRICOLAS CENAGRI";"Organización de productores de frutas y hortalizas";"MURCIA";26/12/2023;;14/08/2025
"399";"ES1028";"B73679847";"ORGANIZACION DE PRODUCTORES LOOIJE";"Organización de productores de frutas y hortalizas";"MURCIA";26/12/2023;;
"400";"ES1029";"V98123334";"MONTESA INTEGRAL AGRÍCOLA SAT N. 1001";"Organización de productores de frutas y hortalizas";"COMUNIDAD VALENCIANA";26/12/2023;;
"401";"ES1030";"F97368716";"HATO VERDE";"Organización de productores de frutas y hortalizas";"COMUNIDAD VALENCIANA";26/12/2023;;
"402";"ES1032";"V54515200";"SIERRAMAR";"Organización de productores de frutas y hortalizas";"COMUNIDAD VALENCIANA";17/12/2025;17/12/2025;29/07/2024
"403";"ES1034";"B30492169";"FINCA AGRÍCOLA EL MURTAL";"Organización de productores de frutas y hortalizas";"MURCIA";26/12/2023;;
"404";"ES1037";"F46219317";"SECCIÓN HORTOFRUTICOLA ORGANIZACIÓN DE PRODUCTORES DE COFRUDECA COOP.V";"Organización de productores de frutas y hortalizas";"COMUNIDAD VALENCIANA";26/12/2023;;
"405";"ES1038";"F46025326";"SECCIÓN HORTOFRUTICOLA DE LA COOPERATIVA VINICOLA DE QUATRETONDA COOP. V.";"Organización de productores de frutas y hortalizas";"COMUNIDAD VALENCIANA";26/12/2023;;
"406";"ES1039";"F46026084";"SECCIÓN CITRÍCOLA Y HORTOFRUTÍCOLA DE LA COOPERATIVA DEL CAMP LLUTXENT-OTOS, COOP. V";"Organización de productores de frutas y hortalizas";"COMUNIDAD VALENCIANA";26/12/2023;;14/08/2025
"407";"ES1040";"F10003242";"Coop. del CAMPO";"Organización de productores de frutas y hortalizas";"EXTREMADURA";26/12/2023;;
"408";"ES1041";"F31134745";"MARCHITE";"Organización de productores de frutas y hortalizas";"NAVARRA";26/12/2023;;23/07/2024
"409";"ES1042";"V02513935";"HUERTA NATURE";"Organización de productores de frutas y hortalizas";"CASTILLA - LA MANCHA";26/12/2023;;
"410";"ES1043";"V05204250";"S.A.T. HORTÍCOLA DE LA MORAÑA BAJA";"Organización de productores de frutas y hortalizas";"CASTILLA - LEON";26/12/2023;;
"411";"ES1044";"F35009000";"AGRÍCOLA DEL NORTE DE GRAN CANARIA";"Organización de productores de frutas y hortalizas";"CANARIAS";26/12/2023;;
"412";"ES1047";"G73729493";"SAT Nº 9867 MILCO";"Organización de productores de frutas y hortalizas";"MURCIA";26/12/2023;;
"413";"ES1048";"B30860746";"FINCAS AGRÍCOLAS Y  HORTOFRUTÍCOLAS DEL SURESTE, S.L.";"Organización de productores de frutas y hortalizas";"MURCIA";26/12/2023;;
"414";"ES1049";"B82847500";"ABM PRODUCERS";"Organización de productores de frutas y hortalizas";"MURCIA";26/12/2023;;30/01/2024
"415";"ES1050";"V25729955";"FRUCINSE";"Organización de productores de frutas y hortalizas";"CATALUÑA";26/12/2023;;
"416";"ES1051";"F18009068";"AGRO-OLIVARERA  NTRA. SRA. DE LA SOLEDAD DE HUESCAR";"Organización de productores de frutas y hortalizas";"ANDALUCIA";26/12/2023;;
"417";"ES1053";"F76075332";"COSECHA DIRECTA";"Organización de productores de frutas y hortalizas";"CANARIAS";26/12/2023;;
"418";"ES1054";"F53070900";"SAT 45 DON CIRO";"Organización de productores de frutas y hortalizas";"COMUNIDAD VALENCIANA";26/12/2023;;
"419";"ES1055";"V21514922";"PLUS BERRIES";"Organización de productores de frutas y hortalizas";"ANDALUCIA";26/12/2023;;
"420";"ES1056";"V18978064";"CAMPOS DE GRANADA";"Organización de productores de frutas y hortalizas";"ANDALUCIA";26/12/2023;;
"421";"ES1057";"B30590335";"MUNDOSOL QUALITY";"Organización de productores de frutas y hortalizas";"MURCIA";26/12/2023;;
"422";"ES1058";"B73765414";"ROYALVEG FRESH PRODUCE";"Organización de productores de frutas y hortalizas";"MURCIA";26/12/2023;;
"423";"ES1059";"V98461536";"IBERIA FRUTÍCOLA";"Organización de productores de frutas y hortalizas";"COMUNIDAD VALENCIANA";26/12/2023;;
"424";"ES1060";"V98452212";"CITRICOS DE COVADONGA";"Organización de productores de frutas y hortalizas";"COMUNIDAD VALENCIANA";26/12/2023;;
"425";"ES1061";"V22298517";"UNICINCA SAT";"Organización de productores de frutas y hortalizas";"ARAGON";26/12/2023;;
"426";"ES1062";"F22374052";"SUMMER FRUIT";"Organización de productores de frutas y hortalizas";"ARAGON";26/12/2023;;
"427";"ES1064";"F25395005";"PRODUCCIONS AGRÀRIES DEL CAMP,  PAC. SAT 1375 CAT";"Organización de productores de frutas y hortalizas";"CATALUÑA";26/12/2023;;
"428";"ES1065";"V25749474";"VALLPINAR";"Organización de productores de frutas y hortalizas";"CATALUÑA";26/12/2023;;
"429";"ES1066";"F25750506";"ALPICAT FRUITS, SCCL ";"Organización de productores de frutas y hortalizas";"CATALUÑA";26/12/2023;;
"430";"ES1067";"V54700794";"BIOTORGAL";"Organización de productores de frutas y hortalizas";"COMUNIDAD VALENCIANA";26/12/2023;;23/07/2024
"431";"ES1068";"V98458094";"PICAMON FRUITS";"Organización de productores de frutas y hortalizas";"COMUNIDAD VALENCIANA";26/12/2023;;
"432";"ES1069";"V54706080";"UVAS GRUP";"Organización de productores de frutas y hortalizas";"COMUNIDAD VALENCIANA";26/12/2023;;
"433";"ES1071";"V12912309";"SPANISH ORANGES";"Organización de productores de frutas y hortalizas";"COMUNIDAD VALENCIANA";26/12/2023;;
"434";"ES1072";"B71135636";"SOLA ONIONS GROUP";"Organización de productores de frutas y hortalizas";"NAVARRA";26/12/2023;;
"435";"ES1073";"V54699780";"UVAS DOCE";"Organización de productores de frutas y hortalizas";"COMUNIDAD VALENCIANA";26/12/2023;;23/07/2024
"436";"ES1075";"F21220181";"JOTE";"Organización de productores de frutas y hortalizas";"ANDALUCIA";26/12/2023;;
"437";"ES1076";"F21269907";"FRESLUCENA";"Organización de productores de frutas y hortalizas";"ANDALUCIA";26/12/2023;;
"438";"ES1077";"V22385405";"LA ESPESA";"Organización de productores de frutas y hortalizas";"ARAGON";26/12/2023;;
"439";"ES1078";"V04655270";"BIOSABOR";"Organización de productores de frutas y hortalizas";"ANDALUCIA";26/12/2023;;
"440";"ES1079";"V99380859";"AGRICOLA NATURAL ARLIA";"Organización de productores de frutas y hortalizas";"ARAGON";26/12/2023;;
"441";"ES1080";"F30509384";"COALOR";"Organización de productores de frutas y hortalizas";"MURCIA";26/12/2023;;
"442";"ES1081";"F47522198";"SDAD. COOP.  PIÑÓN-SOL CyL";"Organización de productores de frutas y hortalizas";"CASTILLA - LEON";26/12/2023;;14/08/2025
"443";"ES1084";"B73819377";"AGRUPACIÓN HORTOFRUTÍCOLA LUCAS OPFH";"Organización de productores de frutas y hortalizas";"MURCIA";26/12/2023;;
"444";"ES1086";"V12731790";"SAT 470 FRUTANOVA";"Organización de productores de frutas y hortalizas";"COMUNIDAD VALENCIANA";26/12/2023;;23/07/2024
"445";"ES1087";"F21543715";"FRUTA DE ANDALUCIA";"Organización de productores de frutas y hortalizas";"ANDALUCIA";26/12/2023;;
"446";"ES1088";"F16272551";"CHAMPIÑONES REY";"Organización de productores de frutas y hortalizas";"CASTILLA - LA MANCHA";26/12/2023;;30/01/2024
"447";"ES1089";"F02189942";"FRUTALES SANTIAGO APOSTOL DE ISSO";"Organización de productores de frutas y hortalizas";"CASTILLA - LA MANCHA";26/12/2023;;
"448";"ES1090";"V99418873";"DELSHIFRUT";"Organización de productores de frutas y hortalizas";"ARAGON";17/12/2025;17/12/2025;03/11/2025
"449";"ES1092";"B73838948";"GRUPO ALIFRUIT SABOR DE LA TIERRA";"Organización de productores de frutas y hortalizas";"MURCIA";26/12/2023;;14/08/2025
"450";"ES1094";"V25780321";"MEDITERRANUTS";"Organización de productores de frutas y hortalizas";"CATALUÑA";26/12/2023;;
"451";"ES1096";"V99438293";"ALBICE";"Organización de productores de frutas y hortalizas";"ARAGON";26/12/2023;;
"452";"ES1097";"F99429623";"CLAVERIA ALMENDRAS";"Organización de productores de frutas y hortalizas";"ARAGON";26/12/2023;;
"453";"ES1098";"F31195951";"HUERTA DE PERALTA.SECCIÓN DE HORTALIZAS";"Organización de productores de frutas y hortalizas";"NAVARRA";26/12/2023;;
"454";"ES1099";"V91989368";"SÍNTESIS";"Organización de productores de frutas y hortalizas";"ANDALUCIA";26/12/2023;;
"455";"ES1100";"V04798849";"FRUITS AND VEGETABLES LA ÑECA";"Organización de productores de frutas y hortalizas";"ANDALUCIA";17/12/2025;17/12/2025;14/11/2025
"456";"ES1101";"F25794926";"CONJUNTFRUIT";"Organización de productores de frutas y hortalizas";"CATALUÑA";26/12/2023;;
"457";"ES1102";"V54873484";"SAT 623 AGRONATURE";"Organización de productores de frutas y hortalizas";"COMUNIDAD VALENCIANA";26/12/2023;;14/08/2025
"458";"ES1104";"B73636086";"TOÑIFRUIT";"Organización de productores de frutas y hortalizas";"MURCIA";26/12/2023;;
"459";"ES1105";"F73895443";"HORTALIZAS SAN LUIS";"Organización de productores de frutas y hortalizas";"MURCIA";26/12/2023;;
"460";"ES1106";"F73894495";"MEDIFRUVER";"Organización de productores de frutas y hortalizas";"MURCIA";26/12/2023;;
"461";"ES1107";"F06014484";"AGRÍCOLA DE MEDELLÍN";"Organización de productores de frutas y hortalizas";"EXTREMADURA";26/12/2023;;
"462";"ES1108";"F38367066";"TEJINASTE";"Organización de productores de frutas y hortalizas";"CANARIAS";26/12/2023;;
"463";"ES1109";"V76059609";"FRUTA TROPICAL DEL NOROESTE";"Organización de productores de frutas y hortalizas";"CANARIAS";26/12/2023;;
"464";"ES1111";"B55538847";"PRODUCCIO CIRERA RIBERA DE L'EBRE";"Organización de productores de frutas y hortalizas";"CATALUÑA";26/12/2023;;
"465";"ES1112";"B54641162";"FRUTAS EL CIERVO";"Organización de productores de frutas y hortalizas";"COMUNIDAD VALENCIANA";17/12/2025;17/12/2025;10/02/2025
"466";"ES1113";"F40262842";"S.A.T. AGRÍCOLA CAMPOCEGA";"Organización de productores de frutas y hortalizas";"CASTILLA - LEON";26/12/2023;;
"467";"ES1115";"B99450876";"FRUTOP & CROP";"Organización de productores de frutas y hortalizas";"ARAGON";26/12/2023;;
"468";"ES1116";"V99476517";"EXTRA SWEET ONIONS";"Organización de productores de frutas y hortalizas";"ARAGON";26/12/2023;;30/01/2024
"469";"ES1117";"V71302137";"YES FRESH";"Organización de productores de frutas y hortalizas";"NAVARRA";26/12/2023;;
"470";"ES1118";"V25811225";"NORFRUT";"Organización de productores de frutas y hortalizas";"CATALUÑA";26/12/2023;;
"471";"ES1119";"V13433578";"CAMPOS";"Organización de productores de frutas y hortalizas";"CASTILLA - LA MANCHA";26/12/2023;;
"472";"ES1121";"V25811118";"SAT AGRONA 1633 CAT";"Organización de productores de frutas y hortalizas";"CATALUÑA";26/12/2023;;
"473";"ES1122";"F21569678";"EFLOBA";"Organización de productores de frutas y hortalizas";"ANDALUCIA";26/12/2023;;
"474";"ES1123";"B73836918";"TERRANIFRA";"Organización de productores de frutas y hortalizas";"MURCIA";26/12/2023;;30/01/2024
"475";"ES1124";"V22411334";"SAT LLANTAIMS ARA 197";"Organización de productores de frutas y hortalizas";"ARAGON";26/12/2023;;
"476";"ES1125";"B55707806";"LA CANAREVA, SL";"Organización de productores de frutas y hortalizas";"CATALUÑA";26/12/2023;;
"477";"ES1126";"V71329148";"SAT GREEN NATURE 738 NA";"Organización de productores de frutas y hortalizas";"NAVARRA";26/12/2023;;
"478";"ES1127";"V22415988";"FRUTOVE SAT ARA 201";"Organización de productores de frutas y hortalizas";"ARAGON";26/12/2023;;
"479";"ES1128";"F04863759";"AFE";"Organización de productores de frutas y hortalizas";"ANDALUCIA";26/12/2023;;
"480";"ES1129";"V04258901";"GREENCOBI";"Organización de productores de frutas y hortalizas";"ANDALUCIA";26/12/2023;;
"481";"ES1130";"F73935058";"POVEDA FRUITS";"Organización de productores de frutas y hortalizas";"MURCIA";26/12/2023;;30/01/2024
"482";"ES1131";"B73731630";"SOL DE LEVANTE PRODUCCIONES";"Organización de productores de frutas y hortalizas";"MURCIA";26/12/2023;;
"483";"ES1132";"B99467581";"FRUTOS SECOS DEL JALON S.L.";"Organización de productores de frutas y hortalizas";"ARAGON";26/12/2023;;
"484";"ES1133";"B73845406";"AGROMONTES FRESH GROUP";"Organización de productores de frutas y hortalizas";"MURCIA";26/12/2023;;
"485";"ES1134";"F21577978";"SABOR DE HUELVA";"Organización de productores de frutas y hortalizas";"ANDALUCIA";26/12/2023;;
"486";"ES1135";"F29249018";"DCOOP";"Organización de productores de frutas y hortalizas";"ANDALUCIA";26/12/2023;;
"487";"ES1136";"F02057149";"SAT Nº 7662 LOS PETOS";"Organización de productores de frutas y hortalizas";"CASTILLA - LA MANCHA";26/12/2023;;
"488";"ES1137";"F30913263";"AGRUPASUR";"Organización de productores de frutas y hortalizas";"MURCIA";26/12/2023;;
"489";"ES1138";"B73971590";"EL DULZE GROWERS";"Organización de productores de frutas y hortalizas";"MURCIA";26/12/2023;;
"490";"ES1139";"F27797745";"BEST FRUIT";"Organización de productores de frutas y hortalizas";"MURCIA";26/12/2023;;
"491";"ES1140";"B30899165";"GRUPO TOROVERDE";"Organización de productores de frutas y hortalizas";"MURCIA";26/12/2023;;14/08/2025
"492";"ES1141";"V76265784";"SAT Nº 525/05 APROCAM";"Organización de productores de frutas y hortalizas";"CANARIAS";26/12/2023;;
"493";"ES1142";"F98995947";"GREEN FRUITS COOP. V.";"Organización de productores de frutas y hortalizas";"COMUNIDAD VALENCIANA";26/12/2023;;
"494";"ES1143";"G56076821";"FRUBEZAR";"Organización de productores de frutas y hortalizas";"ANDALUCIA";26/12/2023;;
"495";"ES1144";"V16555955";"TERRACOR SAT";"Organización de productores de frutas y hortalizas";"BALEARES";26/12/2023;;
"496";"ES1145";"F14011563";"Cooperativa Agrícola de Regantes (COARE)";"Organización de productores de frutas y hortalizas";"ANDALUCIA";26/12/2023;;
"497";"ES1146";"V55734297";"CITRUS SAT CAT NUM. 1638 CAT LTDA";"Organización de productores de frutas y hortalizas";"CATALUÑA";26/12/2023;;
"498";"ES1147";"V21594106";"GLOBAL BERRIES";"Organización de productores de frutas y hortalizas";"ANDALUCIA";26/12/2023;;
"499";"ES1148";"B67476705";"GREENFARMERS, SL";"Organización de productores de frutas y hortalizas";"CATALUÑA";26/12/2023;;
"500";"ES1149";"V25807033";"SAT Núm. 1629 CAT SOL DEL SEGRE";"Organización de productores de frutas y hortalizas";"CATALUÑA";26/12/2023;;
"501";"ES1150";"V04680237";"BIOSOL PORTOCARRERO";"Organización de productores de frutas y hortalizas";"ANDALUCIA";26/12/2023;;
"502";"ES1151";"F21407739";"COFRELUX";"Organización de productores de frutas y hortalizas";"ANDALUCIA";26/12/2023;;
"503";"ES1152";"B73197188";"DISTINET MURCIA";"Organización de productores de frutas y hortalizas";"MURCIA";26/12/2023;;
"504";"ES1153";"F01664200";"NUFRESCO, SCCL";"Organización de productores de frutas y hortalizas";"CATALUÑA";26/12/2023;30/01/2026;
"505";"ES1154";"V42594291";"GRUPODELAVEGA, SAT 665CV";"Organización de productores de frutas y hortalizas";"COMUNIDAD VALENCIANA";26/12/2023;;
"506";"ES1155";"V01636729";"FRUTOS SECOS GRATAL";"Organización de productores de frutas y hortalizas";"ARAGON";26/12/2023;;
"507";"ES1156";"F16759862";"CITRICS DE NULES COOP V";"Organización de productores de frutas y hortalizas";"COMUNIDAD VALENCIANA";26/12/2023;;23/07/2024
"508";"ES1157";"B02968949";"BLOOMING ALMOND S.L.";"Organización de productores de frutas y hortalizas";"ARAGON";26/12/2023;;
"509";"ES1158";"F05328257";"JUCAMP";"Organización de productores de frutas y hortalizas";"ANDALUCIA";26/12/2023;;
"510";"ES1159";"F01805654";"RIBERCAMP COOP V";"Organización de productores de frutas y hortalizas";"COMUNIDAD VALENCIANA";26/12/2023;;
"511";"ES1160";"B05323860";"GRUPO CASTILLO OPFH";"Organización de productores de frutas y hortalizas";"EXTREMADURA";26/12/2023;;
"512";"ES1161";"F06614945";"EXPLUM, SDAD. COOP.";"Organización de productores de frutas y hortalizas";"EXTREMADURA";26/12/2023;;
"513";"ES1165";"V05315965";"AGROTROPICAL";"Organización de productores de frutas y hortalizas";"ANDALUCIA";26/12/2023;;
"514";"ES007A";"A46720884";"AGRICONSA";"Asociación de organizaciones de productores de frutas y hortalizas";"COMUNIDAD VALENCIANA";26/12/2023;;
"515";"ES005A";"F46099222";"ANECOOP.";"Asociación de organizaciones de productores de frutas y hortalizas";"COMUNIDAD VALENCIANA";26/12/2023;;
"516";"ES004A";"G04418257";"ASOC. DE ORGANIZACIONES DE PRODUCTORES DE FRUTAS Y HORTALIZAS DE ANDALUCÍA (APROA)";"Asociación de organizaciones de productores de frutas y hortalizas";"ANDALUCIA";26/12/2023;;
"517";"ES008A";"G25729666";"AFRUCAT (Asociación Catalana de Empresas de Frutas y Hortalizas)";"Asociación de organizaciones de productores de frutas y hortalizas";"CATALUÑA";26/12/2023;;
"518";"ES009A";"G30584221";"ASOCIACIÓN DE ORGANIZACIONES DE PRODUCTORES DE FRUTAS Y HORTALIZAS DE LA REGIÓN DE MURCIA (PROEXPORT-AOPFH)";"Asociación de organizaciones de productores de frutas y hortalizas";"MURCIA";26/12/2023;;
"519";"ES003A";"G97162531";"ASOCIACION DE O.P. INTEGRADAS EN EL COMITÉ DE GESTIÓN DE CÍTRICOS (A.O.P.C.C.)";"Asociación de organizaciones de productores de frutas y hortalizas";"COMUNIDAD VALENCIANA";26/12/2023;;
"520";"ES010A";"B55734321";"CRISOLAR NUTS, SL";"Asociación de organizaciones de productores de frutas y hortalizas";"CATALUÑA";26/12/2023;;
"521";"ES011A";"F04657466";"UNICA GROUP";"Asociación de organizaciones de productores de frutas y hortalizas";"ANDALUCIA";26/12/2023;;
"522";"ES012A";"F21365630";"ONUBAFRUIT";"Asociación de organizaciones de productores de frutas y hortalizas";"ANDALUCIA";26/12/2023;;
"523";"ES013A";"G06213284";"ASOCIACIÓN DE FRUTICULTORES DE EXTREMADURA-AFRUEX";"Asociación de organizaciones de productores de frutas y hortalizas";"EXTREMADURA";26/12/2023;;
"524";"ES014A";"V02794576";"PAGESOS DE MALLORCA AIE";"Asociación de organizaciones de productores de frutas y hortalizas";"BALEARES";26/12/2023;;
"525";"ES1167";"V76204379";"SAT N.º 519/05 EL JABLE";"Organización de productores de frutas y hortalizas";"CANARIAS";26/12/2023;;
"526";"ES1168";"V76825207";"SAT N.º 536/05 Montaña Roja Herbs SAT";"Organización de productores de frutas y hortalizas";"CANARIAS";26/12/2023;;
"527";"ES1163";"B73908055";"CHERRY FRESH S.L.";"Organización de productores de frutas y hortalizas";"MURCIA";30/01/2024;;
"528";"ES1164";"F01843473";"FRUTAS DEL BAJO CINCA S.COOP.";"Organización de productores de frutas y hortalizas";"ARAGON";17/12/2025;17/12/2025;24/07/2025
"529";"ES1166";"V05480702";"BE NATURE SAT";"Organización de productores de frutas y hortalizas";"ANDALUCIA";30/01/2024;;
"530";"ES1170";"B06848345";"SWEET GOLD FRUIT S.L.";"Organización de productores de frutas y hortalizas";"EXTREMADURA";30/01/2024;;
"531";"ES003A";"G97162531";"ASOCIACION DE O.P. INTEGRADAS EN EL COMITÉ DE GESTIÓN DE CÍTRICOS (A.O.P.C.C.)";"Asociación de organizaciones de productores de frutas y hortalizas";"COMUNIDAD VALENCIANA";23/07/2024;;16/12/2025
"532";"ES004A";"G04418257";"ASOC. DE ORGANIZACIONES DE PRODUCTORES DE FRUTAS Y HORTALIZAS DE ANDALUCÍA (APROA)";"Asociación de organizaciones de productores de frutas y hortalizas";"ANDALUCIA";23/07/2024;;16/12/2025
"533";"ES005A";"F46099222";"ANECOOP.";"Asociación de organizaciones de productores de frutas y hortalizas";"COMUNIDAD VALENCIANA";23/07/2024;;16/12/2025
"534";"ES007A";"A46720884";"AGRICONSA";"Asociación de organizaciones de productores de frutas y hortalizas";"COMUNIDAD VALENCIANA";23/07/2024;;16/12/2025
"535";"ES008A";"G25729666";"AFRUCAT (Asociación Catalana de Empresas de Frutas y Hortalizas)";"Asociación de organizaciones de productores de frutas y hortalizas";"CATALUÑA";23/07/2024;;16/12/2025
"536";"ES009A";"G30584221";"ASOCIACIÓN DE ORGANIZACIONES DE PRODUCTORES DE FRUTAS Y HORTALIZAS DE LA REGIÓN DE MURCIA (PROEXPORT-AOPFH)";"Asociación de organizaciones de productores de frutas y hortalizas";"MURCIA";23/07/2024;;16/12/2025
"537";"ES010A";"B55734321";"CRISOLAR NUTS, SL";"Asociación de organizaciones de productores de frutas y hortalizas";"CATALUÑA";23/07/2024;;16/12/2025
"538";"ES011A";"F04657466";"UNICA GROUP";"Asociación de organizaciones de productores de frutas y hortalizas";"ANDALUCIA";23/07/2024;;16/12/2025
"539";"ES012A";"F21365630";"ONUBAFRUIT";"Asociación de organizaciones de productores de frutas y hortalizas";"ANDALUCIA";23/07/2024;;16/12/2025
"540";"ES013A";"G06213284";"ASOCIACIÓN DE FRUTICULTORES DE EXTREMADURA-AFRUEX";"Asociación de organizaciones de productores de frutas y hortalizas";"EXTREMADURA";23/07/2024;;16/12/2025
"541";"ES014A";"V02794576";"PAGESOS DE MALLORCA AIE";"Asociación de organizaciones de productores de frutas y hortalizas";"BALEARES";23/07/2024;;16/12/2025
"542";"ES015A";"G44772374";"ASSOCIACIÓ D’ORGANITZACIONS DE PRODUCTORS D’AVELLANA";"Asociación de organizaciones de productores de frutas y hortalizas";"CATALUÑA";23/07/2024;;
"543";"ES1171";"F56922107";"UNIVALL COOP. V.";"Organización de productores de frutas y hortalizas";"COMUNIDAD VALENCIANA";14/08/2025;;
"544";"ES0917";"F12654596";"SAN ALFONSO";"Organización de productores de frutas y hortalizas";"COMUNIDAD VALENCIANA";17/12/2025;17/12/2025;
"545";"ES1169";"F10638468";"COALMAR FRUITS S. COOP. V.";"Organización de productores de frutas y hortalizas";"COMUNIDAD VALENCIANA";17/12/2025;17/12/2025;
"546";"ES1173";"B22960785";"WORLMARK OPFH";"Organización de productores de frutas y hortalizas";"MURCIA";17/12/2025;17/12/2025;
