"OTE General";"Descripción OTE General";"OTE Principal";"Descripción OTE Principal";"OTE Particular";"Descripción OTE Particular"
"1";"Explotaciones especializadas en grandes cultivos";"15";"Explotaciones especializadas en el cultivo de cereales, semillas oleaginosas y proteaginosas";"151";"Explotaciones especializadas en el cultivo de cereales (distintos del arroz), semillas oleaginosas y proteaginosas"
"1";"Explotaciones especializadas en grandes cultivos";"15";"Explotaciones especializadas en el cultivo de cereales, semillas oleaginosas y proteaginosas";"152";"Explotaciones especializadas en arroz"
"1";"Explotaciones especializadas en grandes cultivos";"15";"Explotaciones especializadas en el cultivo de cereales, semillas oleaginosas y proteaginosas";"153";"Explotaciones que combinen cereales, semillas oleaginosas, proteaginosas y arroz"
"1";"Explotaciones especializadas en grandes cultivos";"16";"Explotaciones con grandes cultivos";"161";"Explotaciones especializadas en el cultivo de raíces y tubérculos"
"1";"Explotaciones especializadas en grandes cultivos";"16";"Explotaciones con grandes cultivos";"162";"Explotaciones que combinen cereales, oleaginosas, proteaginosas y raíces y tubérculos"
"1";"Explotaciones especializadas en grandes cultivos";"16";"Explotaciones con grandes cultivos";"163";"Explotaciones especializadas en el cultivo de hortalizas producidas al aire libre"
"1";"Explotaciones especializadas en grandes cultivos";"16";"Explotaciones con grandes cultivos";"164";"Explotaciones especializadas en el cultivo de tabaco"
"1";"Explotaciones especializadas en grandes cultivos";"16";"Explotaciones con grandes cultivos";"165";"Explotaciones especializadas en el cultivo de algodón"
"1";"Explotaciones especializadas en grandes cultivos";"16";"Explotaciones con grandes cultivos";"166";"Explotaciones que combinen varios grandes cultivos"
"2";"Explotaciones especializadas en horticultura";"21";"Explotaciones hortícolas especializadas en invernadero";"211";"Explotaciones especializadas en hortalizas en invernadero"
"2";"Explotaciones especializadas en horticultura";"21";"Explotaciones hortícolas especializadas en invernadero";"212";"Explotaciones especializadas en floricultura y plantas ornamentales en invernadero"
"2";"Explotaciones especializadas en horticultura";"21";"Explotaciones hortícolas especializadas en invernadero";"213";"Explotaciones especializadas en policultivo hortícola en invernadero"
"2";"Explotaciones especializadas en horticultura";"22";"Explotaciones especializadas en horticultura al aire libre";"221";"Explotaciones especializadas en hortalizas al aire libre"
"2";"Explotaciones especializadas en horticultura";"22";"Explotaciones especializadas en horticultura al aire libre";"222";"Explotaciones especializadas en floricultura y plantas ornamentales al aire libre"
"2";"Explotaciones especializadas en horticultura";"22";"Explotaciones especializadas en horticultura al aire libre";"223";"Explotaciones especializadas en policultivo hortícola al aire libre"
"2";"Explotaciones especializadas en horticultura";"23";"Otros tipos de horticultura";"231";"Explotaciones especializadas en el cultivo de setas"
"2";"Explotaciones especializadas en horticultura";"23";"Otros tipos de horticultura";"232";"Explotaciones especializadas en viveros"
"2";"Explotaciones especializadas en horticultura";"23";"Otros tipos de horticultura";"233";"Horticultura diversa"
"3";"Explotaciones especializadas en cultivos permanentes";"35";"Explotaciones especializadas en viticultura";"351";"Explotaciones vinícolas especializadas en vinos de calidad"
"3";"Explotaciones especializadas en cultivos permanentes";"35";"Explotaciones especializadas en viticultura";"352";"Explotaciones vinícolas especializadas en vinos distintos de los vinos de calidad"
"3";"Explotaciones especializadas en cultivos permanentes";"35";"Explotaciones especializadas en viticultura";"353";"Explotaciones especializadas en uva de mesa"
"3";"Explotaciones especializadas en cultivos permanentes";"35";"Explotaciones especializadas en viticultura";"354";"Otros viñedos"
"3";"Explotaciones especializadas en cultivos permanentes";"36";"Explotaciones frutícolas y de cítricos especializadas";"361";"Explotaciones frutícolas especializadas (distintos de los cítricos, las frutas tropicales y subtropicales y los frutos de cáscara)"
"3";"Explotaciones especializadas en cultivos permanentes";"36";"Explotaciones frutícolas y de cítricos especializadas";"362";"Explotaciones especializadas en cítricos"
"3";"Explotaciones especializadas en cultivos permanentes";"36";"Explotaciones frutícolas y de cítricos especializadas";"363";"Explotaciones especializadas en frutos de cáscara"
"3";"Explotaciones especializadas en cultivos permanentes";"36";"Explotaciones frutícolas y de cítricos especializadas";"364";"Explotaciones especializadas en frutas tropicales y subtropicales"
"3";"Explotaciones especializadas en cultivos permanentes";"36";"Explotaciones frutícolas y de cítricos especializadas";"365";"Explotaciones frutícolas especializadas en cítricos, frutas tropicales y subtropicales y frutos de cáscara: producción mixta"
"3";"Explotaciones especializadas en cultivos permanentes";"37";"Explotaciones especializadas en aceitunas";"370";"Explotaciones especializadas en aceitunas"
"3";"Explotaciones especializadas en cultivos permanentes";"38";"Explotaciones que combinen varios cultivos permanentes";"380";"Explotaciones que combinen varios cultivos permanentes"
"4";"Explotaciones especializadas en herbívoros";"45";"Explotaciones de bovinos especializadas en la producción de leche";"450";"Explotaciones de bovinos especializadas en la producción de leche"
"4";"Explotaciones especializadas en herbívoros";"46";"Explotaciones de bovinos especializadas en la cría y en la producción de carne";"460";"Explotaciones de bovinos especializadas en la cría y en la producción de carne"
"4";"Explotaciones especializadas en herbívoros";"47";"Explotaciones de bovinos que combinen la producción de leche y carne y la cría";"470";"Explotaciones de bovinos que combinen la producción de leche y carne y la cría"
"4";"Explotaciones especializadas en herbívoros";"48";"Explotaciones de ovinos, caprinos y otros herbívoros";"481";"Explotaciones especializadas en ovinos"
"4";"Explotaciones especializadas en herbívoros";"48";"Explotaciones de ovinos, caprinos y otros herbívoros";"482";"Explotaciones que combinen ovinos y bovinos"
"4";"Explotaciones especializadas en herbívoros";"48";"Explotaciones de ovinos, caprinos y otros herbívoros";"483";"Explotaciones especializadas en caprinos"
"4";"Explotaciones especializadas en herbívoros";"48";"Explotaciones de ovinos, caprinos y otros herbívoros";"484";"Explotaciones de herbívoros"
"5";"Explotaciones especializadas en granívoros";"51";"Explotaciones especializadas en porcinos";"511";"Explotaciones especializadas en la cría de porcinos"
"5";"Explotaciones especializadas en granívoros";"51";"Explotaciones especializadas en porcinos";"512";"Explotaciones especializadas en el engorde de porcinos"
"5";"Explotaciones especializadas en granívoros";"51";"Explotaciones especializadas en porcinos";"513";"Explotaciones que combinen la cría y el engorde de porcinos"
"5";"Explotaciones especializadas en granívoros";"52";"Explotaciones especializadas en aves";"521";"Explotaciones especializadas en gallinas ponedoras"
"5";"Explotaciones especializadas en granívoros";"52";"Explotaciones especializadas en aves";"522";"Explotaciones especializadas en aves de corral de carne"
"5";"Explotaciones especializadas en granívoros";"52";"Explotaciones especializadas en aves";"523";"Explotaciones que combinen gallinas ponedoras y aves de corral de carne"
"5";"Explotaciones especializadas en granívoros";"53";"Explotaciones que combinen varios tipos de granívoros";"530";"Explotaciones que combinen varios tipos de granívoros"
"6";"Explotaciones de policultivo";"61";"Explotaciones de policultivo";"611";"Explotaciones que combinen horticultura y cultivos permanentes"
"6";"Explotaciones de policultivo";"61";"Explotaciones de policultivo";"612";"Explotaciones que combinen grandes cultivos y horticultura"
"6";"Explotaciones de policultivo";"61";"Explotaciones de policultivo";"613";"Explotaciones que combinen grandes cultivos y vides"
"6";"Explotaciones de policultivo";"61";"Explotaciones de policultivo";"614";"Explotaciones que combinen grandes cultivos y cultivos permanentes"
"6";"Explotaciones de policultivo";"61";"Explotaciones de policultivo";"615";"Explotaciones de policultivo con orientación grandes cultivos"
"6";"Explotaciones de policultivo";"61";"Explotaciones de policultivo";"616";"Explotaciones de otros policultivos"
"7";"Explotaciones de poliganadería";"73";"Explotaciones de poliganadería con orientación herbívoros";"731";"Explotaciones de poliganadería con orientación lechera"
"7";"Explotaciones de poliganadería";"73";"Explotaciones de poliganadería con orientación herbívoros";"732";"Explotaciones de poliganadería con orientación herbívoros no lecheros"
"7";"Explotaciones de poliganadería";"74";"Explotaciones de poliganadería con orientación granívoros";"741";"Explotaciones de poliganadería: granívoros y bovinos lecheros"
"7";"Explotaciones de poliganadería";"74";"Explotaciones de poliganadería con orientación granívoros";"742";"Explotaciones de poliganadería: granívoros y herbívoros no lecheros"
"8";"Explotaciones mixtas de cultivos y ganadería";"83";"Explotaciones mixtas de grandes cultivos y herbívoros";"831";"Explotaciones mixtas de grandes cultivos y bovinos lecheros"
"8";"Explotaciones mixtas de cultivos y ganadería";"83";"Explotaciones mixtas de grandes cultivos y herbívoros";"832";"Explotaciones mixtas de bovinos lecheros y grandes cultivos"
"8";"Explotaciones mixtas de cultivos y ganadería";"83";"Explotaciones mixtas de grandes cultivos y herbívoros";"833";"Explotaciones mixtas grandes cultivos y herbívoros no lecheros"
"8";"Explotaciones mixtas de cultivos y ganadería";"83";"Explotaciones mixtas de grandes cultivos y herbívoros";"834";"Explotaciones mixtas de grandes cultivos y herbívoros"
"8";"Explotaciones mixtas de cultivos y ganadería";"84";"Explotaciones mixtas con varias combinaciones cultivos y ganadería";"841";"Explotaciones mixtas de grandes cultivos y granívoros"
"8";"Explotaciones mixtas de cultivos y ganadería";"84";"Explotaciones mixtas con varias combinaciones cultivos y ganadería";"842";"Explotaciones mixtas de cultivos permanentes y herbívoros"
"8";"Explotaciones mixtas de cultivos y ganadería";"84";"Explotaciones mixtas con varias combinaciones cultivos y ganadería";"843";"Explotaciones apícolas"
"8";"Explotaciones mixtas de cultivos y ganadería";"84";"Explotaciones mixtas con varias combinaciones cultivos y ganadería";"844";"Explotaciones mixtas de policultivo y poliganadería"
"9";"Explotaciones no clasificadas";"99";"Explotaciones no clasificadas";"999";"Explotaciones no clasificadas"
