"Código SIEX";"Especie";"Categoría";"Sexo";"Condición Edad (años)";"Parto";"Clasificación zootécnica";"Código CPE";"UGM";"Legislación"
"201";"Bovinos";"Total de animales";"Macho";"Menos de un año";"NO";;"SOC_CLVS001";"0.4";"ANEXO V - RD 1048/2022, ANEXO I - Reglamento (UE) 2018/1091"
"202";"Bovinos";"Total de animales";"Hembra";"Menos de un año";"NO";;"SOC_CLVS001";"0.4";"ANEXO V - RD 1048/2022, ANEXO I - Reglamento (UE) 2018/1091"
"203";"Bovinos";"Total de animales";"Sin dato";"Menos de un año";"NO";;"SOC_CLVS001";"0.4";"ANEXO V - RD 1048/2022, ANEXO I - Reglamento (UE) 2018/1091"
"204";"Bovinos";"Total de animales";"Macho";"Entre un año y menos de dos años";"NO";;"SOC_CLVS003";"0.7";"ANEXO V - RD 1048/2022, ANEXO I - Reglamento (UE) 2018/1091"
"205";"Bovinos";"Total de animales";"Hembra";"Entre un año y menos de dos años";"NO";;"SOC_CLVS004";"0.7";"ANEXO V - RD 1048/2022, ANEXO I - Reglamento (UE) 2018/1091"
"206";"Bovinos";"Total de animales";"Macho";"Mayor o igual de dos años";"NO";;"SOC_CLVS005";"1";"ANEXO V - RD 1048/2022, ANEXO I - Reglamento (UE) 2018/1091"
"207";"Bovinos";"Total de animales";"Hembra";"Mayor o igual de dos años";"SI";"Reproducción para producción de leche";"SOC_CLVS009";"1";"ANEXO V - RD 1048/2022, ANEXO I - Reglamento (UE) 2018/1091"
"208";"Bovinos";"Total de animales";"Hembra";"Mayor o igual de dos años";"SI";;"SOC_CLVS010";"0.8";"ANEXO V - RD 1048/2022, ANEXO I - Reglamento (UE) 2018/1091"
"209";"Cerdos";"Cebo";;;"NO";;"SOC_CLVS020";"0.3";"ANEXO I - Reglamento (UE) 2018/1091, Reglamento de Ejecución (UE) 2021/2290"
"210";"Cerdos";"Lechones";;;"NO";;"SOC_CLVS018";"0.027";"ANEXO I - Reglamento (UE) 2018/1091, ANEXO V - RD 1048/2022"
"211";"Cerdos";"Recría /Transición";;;"NO";;"SOC_CLVS020";"0.3";"ANEXO I - Reglamento (UE) 2018/1091, Reglamento de Ejecución (UE) 2021/2290"
"212";"Cerdos";"Cerdas";;;"NO";;"SOC_CLVS019";"0.5";"ANEXO I - Reglamento (UE) 2018/1091, Reglamento de Ejecución (UE) 2021/2290"
"213";"Cerdos";"Reposición";;;"NO";;"SOC_CLVS020";"0.3";"ANEXO I - Reglamento (UE) 2018/1091, Reglamento de Ejecución (UE) 2021/2290"
"214";"Cerdos";"Verracos";;;"NO";;"SOC_CLVS020";"0.3";"ANEXO I - Reglamento (UE) 2018/1091, Reglamento de Ejecución (UE) 2021/2290"
"215";"Cerdos";"Cebo de raza ibérica y sus cruces";;;"NO";;"SOC_CLVS020";"0.3";"ANEXO I - Reglamento (UE) 2018/1091, Reglamento de Ejecución (UE) 2021/2290"
"216";"Cerdos";"Lechones de raza ibérica y sus cruces";;;"NO";;"SOC_CLVS018";"0.027";"ANEXO I - Reglamento (UE) 2018/1091, ANEXO V - RD 1048/2022"
"217";"Cerdos";"Recría/transición de raza ibérica y sus cruces";;;"NO";;"SOC_CLVS020";"0.3";"ANEXO I - Reglamento (UE) 2018/1091, Reglamento de Ejecución (UE) 2021/2290"
"218";"Cerdos";"Cerdas de raza ibérica y sus cruces";;;"NO";;"SOC_CLVS019";"0.5";"ANEXO I - Reglamento (UE) 2018/1091, Reglamento de Ejecución (UE) 2021/2290"
"219";"Cerdos";"Reposición de raza ibérica y sus cruces";;;"NO";;"SOC_CLVS020";"0.3";"ANEXO I - Reglamento (UE) 2018/1091, Reglamento de Ejecución (UE) 2021/2290"
"220";"Cerdos";"Verracos de raza ibérica y sus cruces";;;"NO";;"SOC_CLVS020";"0.3";"ANEXO I - Reglamento (UE) 2018/1091, Reglamento de Ejecución (UE) 2021/2290"
"221";"Cerdos";"Cerdas en gestación en grupo";;;"NO";;"SOC_CLVS019";"0.5";"ANEXO I - Reglamento (UE) 2018/1091, Reglamento de Ejecución (UE) 2021/2290"
"222";"Cerdos";"Cerdas en gestación en grupo raza ibrica y cruces";;;"NO";;"SOC_CLVS019";"0.5";"ANEXO I - Reglamento (UE) 2018/1091, Reglamento de Ejecución (UE) 2021/2290"
"223";"Ovinos";"Animales menores de 4 meses";;;"NO";;"SOC_CLVS014";"0.1";"ANEXO V - RD 1048/2022, ANEXO I - Reglamento (UE) 2018/1091"
"224";"Ovinos";"Animales de 4 a 12 meses";;;"NO";;"SOC_CLVS014";"0.1";"ANEXO V - RD 1048/2022, ANEXO I - Reglamento (UE) 2018/1091"
"225";"Ovinos";"Reproductores Macho";;;"NO";;"SOC_CLVS014";"0.1";"ANEXO V - RD 1048/2022, ANEXO I - Reglamento (UE) 2018/1091"
"226";"Ovinos";"Reproductoras Hembra";;;"NO";;"SOC_CLVS013";"0.1";"ANEXO V - RD 1048/2022, ANEXO I - Reglamento (UE) 2018/1091"
"227";"Caprinos";"Animales menores de 4 meses";;;"NO";;"SOC_CLVS017";"0.1";"ANEXO V - RD 1048/2022, ANEXO I - Reglamento (UE) 2018/1091"
"228";"Caprinos";"Animales de 4 a 12 meses";;;"NO";;"SOC_CLVS017";"0.1";"ANEXO V - RD 1048/2022, ANEXO I - Reglamento (UE) 2018/1091"
"229";"Caprinos";"Reproductores Macho";;;"NO";;"SOC_CLVS017";"0.1";"ANEXO V - RD 1048/2022, ANEXO I - Reglamento (UE) 2018/1091"
"230";"Caprinos";"Reproductoras Hembra";;;"NO";;"SOC_CLVS016";"0.1";"ANEXO V - RD 1048/2022, ANEXO I - Reglamento (UE) 2018/1091"
"231";"Équidos";"Total de animales";;;"NO";;;"0.8";"ANEXO V - RD 1048/2022"
"232";"Équidos";"Animales con menos de 6 meses";;;"NO";;;"0.8";"ANEXO V - RD 1048/2022"
"233";"Équidos";"Animales mayores de 6 meses y menores de 12 meses";;;"NO";;;"0.8";"ANEXO V - RD 1048/2022"
"234";"Équidos";"Animales mayores de 12 meses y menores de 36 meses";;;"NO";;;"0.8";"ANEXO V - RD 1048/2022"
"235";"Équidos";"Sementales ";;;"NO";;;"0.8";"ANEXO V - RD 1048/2022"
"236";"Équidos";"Hembras de vientre ";;;"NO";;;"0.8";"ANEXO V - RD 1048/2022"
"237";"Équidos";"No reproductores con más de 36 meses";;;"NO";;;"0.8";"ANEXO V - RD 1048/2022"
"238";"Gallinas";"Total de animales";;;"NO";;;"0";
"239";"Gallinas";"Granjas de selección para carne";;;"NO";;"SOC_CLVS021";"0.007";"ANEXO I - Reglamento (UE) 2018/1091"
"240";"Gallinas";"Granjas de selección para huevos";;;"NO";;"SOC_CLVS022";"0.014";"ANEXO I - Reglamento (UE) 2018/1091, Reglamento de Ejecución (UE) 2021/2290"
"241";"Gallinas";"Granjas de multiplicación para carne";;;"NO";;"SOC_CLVS021";"0.007";"ANEXO I - Reglamento (UE) 2018/1091"
"242";"Gallinas";"Granjas de multiplicación para huevos";;;"NO";;"SOC_CLVS022";"0.014";"ANEXO I - Reglamento (UE) 2018/1091, Reglamento de Ejecución (UE) 2021/2290"
"243";"Gallinas";"Granjas de producción para carne";;;"NO";;"SOC_CLVS021";"0.007";"ANEXO I - Reglamento (UE) 2018/1091"
"244";"Gallinas";"Granjas de producción para huevos en jaula";;;"NO";;"SOC_CLVS022";"0.014";"ANEXO I - Reglamento (UE) 2018/1091, Reglamento de Ejecución (UE) 2021/2290"
"245";"Gallinas";"Granjas de producción para huevos campera";;;"NO";;"SOC_CLVS022";"0.014";"ANEXO I - Reglamento (UE) 2018/1091, Reglamento de Ejecución (UE) 2021/2290"
"246";"Gallinas";"Granjas de producción para huevos en suelo";;;"NO";;"SOC_CLVS022";"0.014";"ANEXO I - Reglamento (UE) 2018/1091, Reglamento de Ejecución (UE) 2021/2290"
"247";"Gallinas";"Granjas de producción para huevos ecológica";;;"NO";;"SOC_CLVS022";"0.014";"ANEXO I - Reglamento (UE) 2018/1091, Reglamento de Ejecución (UE) 2021/2290"
"248";"Gallinas";"Granjas de recría para carne (aves de cría)";;;"NO";;"SOC_CLVS021";"0.007";"ANEXO I - Reglamento (UE) 2018/1091"
"249";"Gallinas";"Granjas de recría para huevos (aves de cría)";;;"NO";;"SOC_CLVS022";"0.014";"ANEXO I - Reglamento (UE) 2018/1091, Reglamento de Ejecución (UE) 2021/2290"
"250";"Gallinas";"Incubadoras";;;"NO";;;"0";
"251";"Gallinas";"Granjas de recría para carne (aves de explotación)";;;"NO";;"SOC_CLVS021";"0.007";"ANEXO I - Reglamento (UE) 2018/1091"
"252";"Gallinas";"Granjas producción para huevos jaula clásica";;;"NO";;"SOC_CLVS022";"0.014";"ANEXO I - Reglamento (UE) 2018/1091, Reglamento de Ejecución (UE) 2021/2290"
"253";"Gallinas";"Granjas producción para huevos jaula acondicionada";;;"NO";;"SOC_CLVS022";"0.014";"ANEXO I - Reglamento (UE) 2018/1091, Reglamento de Ejecución (UE) 2021/2290"
"254";"Gallinas";"Granjas de recría para huevos (aves de explotación)";;;"NO";;"SOC_CLVS022";"0.014";"ANEXO I - Reglamento (UE) 2018/1091, Reglamento de Ejecución (UE) 2021/2290"
"255";"Gallinas";"Granjas de producción para carne en cría ecológica";;;"NO";;"SOC_CLVS021";"0.007";"ANEXO I - Reglamento (UE) 2018/1091"
"256";"Gallinas";"Granjas de producción para carne campero criado en total libertad";;;"NO";;"SOC_CLVS021";"0.007";"ANEXO I - Reglamento (UE) 2018/1091"
"257";"Gallinas";"Granjas de producción para carne campero tradicional";;;"NO";;"SOC_CLVS021";"0.007";"ANEXO I - Reglamento (UE) 2018/1091"
"258";"Gallinas";"Granjas de producción para carne campero";;;"NO";;"SOC_CLVS021";"0.007";"ANEXO I - Reglamento (UE) 2018/1091"
"259";"Gallinas";"Granjas de producción para carne extensivo en interior";;;"NO";;"SOC_CLVS021";"0.007";"ANEXO I - Reglamento (UE) 2018/1091"
"260";"Gallinas";"Granjas de producción para carne gallinero en interior";;;"NO";;"SOC_CLVS021";"0.007";"ANEXO I - Reglamento (UE) 2018/1091"
"261";"Gallinas";"Granjas de producción para otros fines";;;"NO";;;"0";
"262";"Pavos";"Total de animales";;;"NO";;"SOC_CLVS023";"0.03";"Reglamento de Ejecución (UE) 2021/2290"
"263";"Pavos";"Granjas de selección para carne";;;"NO";;"SOC_CLVS023";"0.03";"Reglamento de Ejecución (UE) 2021/2290"
"264";"Pavos";"Granjas de selección para huevos";;;"NO";;"SOC_CLVS023";"0.03";"Reglamento de Ejecución (UE) 2021/2290"
"265";"Pavos";"Granjas de multiplicación para carne";;;"NO";;"SOC_CLVS023";"0.03";"Reglamento de Ejecución (UE) 2021/2290"
"266";"Pavos";"Granjas de multiplicación para huevos";;;"NO";;"SOC_CLVS023";"0.03";"Reglamento de Ejecución (UE) 2021/2290"
"267";"Pavos";"Granjas de producción para carne";;;"NO";;"SOC_CLVS023";"0.03";"Reglamento de Ejecución (UE) 2021/2290"
"268";"Pavos";"Granjas de producción para huevos";;;"NO";;"SOC_CLVS023";"0.03";"Reglamento de Ejecución (UE) 2021/2290"
"269";"Pavos";"Granjas de producción para huevos en jaula";;;"NO";;"SOC_CLVS023";"0.03";"Reglamento de Ejecución (UE) 2021/2290"
"270";"Pavos";"Granjas de producción para huevos campera";;;"NO";;"SOC_CLVS023";"0.03";"Reglamento de Ejecución (UE) 2021/2290"
"271";"Pavos";"Granjas de producción para huevos en suelo";;;"NO";;"SOC_CLVS023";"0.03";"Reglamento de Ejecución (UE) 2021/2290"
"272";"Pavos";"Granjas de producción para huevos ecológica";;;"NO";;"SOC_CLVS023";"0.03";"Reglamento de Ejecución (UE) 2021/2290"
"273";"Pavos";"Granjas de recría para carne (aves de cría)";;;"NO";;"SOC_CLVS023";"0.03";"Reglamento de Ejecución (UE) 2021/2290"
"274";"Pavos";"Granjas de recría para huevos (aves de cría)";;;"NO";;"SOC_CLVS023";"0.03";"Reglamento de Ejecución (UE) 2021/2290"
"275";"Pavos";"Incubadoras";;;"NO";;"SOC_CLVS023";"0.03";"Reglamento de Ejecución (UE) 2021/2290"
"276";"Pavos";"Granjas de recría para carne (aves de explotación)";;;"NO";;"SOC_CLVS023";"0.03";"Reglamento de Ejecución (UE) 2021/2290"
"277";"Pavos";"Granjas de recría para huevos (aves de explotación)";;;"NO";;"SOC_CLVS023";"0.03";"Reglamento de Ejecución (UE) 2021/2290"
"278";"Pavos";"Granjas de producción para carne en cría ecológica";;;"NO";;"SOC_CLVS023";"0.03";"Reglamento de Ejecución (UE) 2021/2290"
"279";"Pavos";"Granjas de producción para carne campero criado en total libertad";;;"NO";;"SOC_CLVS023";"0.03";"Reglamento de Ejecución (UE) 2021/2290"
"280";"Pavos";"Granjas de producción para carne campero tradicional";;;"NO";;"SOC_CLVS023";"0.03";"Reglamento de Ejecución (UE) 2021/2290"
"281";"Pavos";"Granjas de producción para carne campero";;;"NO";;"SOC_CLVS023";"0.03";"Reglamento de Ejecución (UE) 2021/2290"
"282";"Pavos";"Granjas de producción para carne extensivo en interior";;;"NO";;"SOC_CLVS023";"0.03";"Reglamento de Ejecución (UE) 2021/2290"
"283";"Pavos";"Granjas de producción para carne gallinero en interior";;;"NO";;"SOC_CLVS023";"0.03";"Reglamento de Ejecución (UE) 2021/2290"
"284";"Pavos";"Granjas de producción para otros fines";;;"NO";;"SOC_CLVS023";"0.03";"Reglamento de Ejecución (UE) 2021/2290"
"285";"Pintadas";"Total de animales";;;"NO";;"SOC_CLVS023";"0.03";"Reglamento de Ejecución (UE) 2021/2290"
"286";"Pintadas";"Granjas de selección para carne";;;"NO";;"SOC_CLVS023";"0.03";"Reglamento de Ejecución (UE) 2021/2290"
"287";"Pintadas";"Granjas de selección para huevos";;;"NO";;"SOC_CLVS023";"0.03";"Reglamento de Ejecución (UE) 2021/2290"
"288";"Pintadas";"Granjas de multiplicación para carne";;;"NO";;"SOC_CLVS023";"0.03";"Reglamento de Ejecución (UE) 2021/2290"
"289";"Pintadas";"Granjas de multiplicación para huevos";;;"NO";;"SOC_CLVS023";"0.03";"Reglamento de Ejecución (UE) 2021/2290"
"290";"Pintadas";"Granjas de producción para carne";;;"NO";;"SOC_CLVS023";"0.03";"Reglamento de Ejecución (UE) 2021/2290"
"291";"Pintadas";"Granjas de producción para huevos";;;"NO";;"SOC_CLVS023";"0.03";"Reglamento de Ejecución (UE) 2021/2290"
"292";"Pintadas";"Granjas de producción para huevos en jaula";;;"NO";;"SOC_CLVS023";"0.03";"Reglamento de Ejecución (UE) 2021/2290"
"293";"Pintadas";"Granjas de producción para huevos campera";;;"NO";;"SOC_CLVS023";"0.03";"Reglamento de Ejecución (UE) 2021/2290"
"294";"Pintadas";"Granjas de producción para huevos en suelo";;;"NO";;"SOC_CLVS023";"0.03";"Reglamento de Ejecución (UE) 2021/2290"
"295";"Pintadas";"Granjas de producción para huevos ecológica";;;"NO";;"SOC_CLVS023";"0.03";"Reglamento de Ejecución (UE) 2021/2290"
"296";"Pintadas";"Granjas de recría para carne (aves de cría)";;;"NO";;"SOC_CLVS023";"0.03";"Reglamento de Ejecución (UE) 2021/2290"
"297";"Pintadas";"Granjas de recría para huevos (aves de cría)";;;"NO";;"SOC_CLVS023";"0.03";"Reglamento de Ejecución (UE) 2021/2290"
"298";"Pintadas";"Incubadoras";;;"NO";;"SOC_CLVS023";"0.03";"Reglamento de Ejecución (UE) 2021/2290"
"299";"Pintadas";"Granjas de recría para carne (aves de explotación)";;;"NO";;"SOC_CLVS023";"0.03";"Reglamento de Ejecución (UE) 2021/2290"
"300";"Pintadas";"Granjas de recría para huevos (aves de explotación)";;;"NO";;"SOC_CLVS023";"0.03";"Reglamento de Ejecución (UE) 2021/2290"
"301";"Pintadas";"Granjas de producción para carne en cría ecológica";;;"NO";;"SOC_CLVS023";"0.03";"Reglamento de Ejecución (UE) 2021/2290"
"302";"Pintadas";"Granjas de producción para carne campero criado en total libertad";;;"NO";;"SOC_CLVS023";"0.03";"Reglamento de Ejecución (UE) 2021/2290"
"303";"Pintadas";"Granjas de producción para carne campero tradicional";;;"NO";;"SOC_CLVS023";"0.03";"Reglamento de Ejecución (UE) 2021/2290"
"304";"Pintadas";"Granjas de producción para carne campero";;;"NO";;"SOC_CLVS023";"0.03";"Reglamento de Ejecución (UE) 2021/2290"
"305";"Pintadas";"Granjas de producción para carne extensivo en interior";;;"NO";;"SOC_CLVS023";"0.03";"Reglamento de Ejecución (UE) 2021/2290"
"306";"Pintadas";"Granjas de producción para carne gallinero en interior";;;"NO";;"SOC_CLVS023";"0.03";"Reglamento de Ejecución (UE) 2021/2290"
"307";"Pintadas";"Granjas de producción para otros fines";;;"NO";;"SOC_CLVS023";"0.03";"Reglamento de Ejecución (UE) 2021/2290"
"308";"Patos";"Total de animales";;;"NO";;"SOC_CLVS023";"0.03";"Reglamento de Ejecución (UE) 2021/2290"
"309";"Patos";"Granjas de selección para carne";;;"NO";;"SOC_CLVS023";"0.03";"Reglamento de Ejecución (UE) 2021/2290"
"310";"Patos";"Granjas de selección para huevos";;;"NO";;"SOC_CLVS023";"0.03";"Reglamento de Ejecución (UE) 2021/2290"
"311";"Patos";"Granjas de selección para caza para repoblación";;;"NO";;"SOC_CLVS023";"0.03";"Reglamento de Ejecución (UE) 2021/2290"
"312";"Patos";"Granjas de multiplicación para carne";;;"NO";;"SOC_CLVS023";"0.03";"Reglamento de Ejecución (UE) 2021/2290"
"313";"Patos";"Granjas de multiplicación para huevos";;;"NO";;"SOC_CLVS023";"0.03";"Reglamento de Ejecución (UE) 2021/2290"
"314";"Patos";"Granjas de multiplicación para caza";;;"NO";;"SOC_CLVS023";"0.03";"Reglamento de Ejecución (UE) 2021/2290"
"315";"Patos";"Granjas de producción para carne";;;"NO";;"SOC_CLVS023";"0.03";"Reglamento de Ejecución (UE) 2021/2290"
"316";"Patos";"Granjas de producción para huevos";;;"NO";;"SOC_CLVS023";"0.03";"Reglamento de Ejecución (UE) 2021/2290"
"317";"Patos";"Granjas de producción para huevos en jaula";;;"NO";;"SOC_CLVS023";"0.03";"Reglamento de Ejecución (UE) 2021/2290"
"318";"Patos";"Granjas de producción para huevos campera";;;"NO";;"SOC_CLVS023";"0.03";"Reglamento de Ejecución (UE) 2021/2290"
"319";"Patos";"Granjas de producción para huevos en suelo";;;"NO";;"SOC_CLVS023";"0.03";"Reglamento de Ejecución (UE) 2021/2290"
"320";"Patos";"Granjas de producción para huevos ecológica";;;"NO";;"SOC_CLVS023";"0.03";"Reglamento de Ejecución (UE) 2021/2290"
"321";"Patos";"Granjas de producción para caza para repoblación";;;"NO";;"SOC_CLVS023";"0.03";"Reglamento de Ejecución (UE) 2021/2290"
"322";"Patos";"Granjas de recría para carne (aves de cría)";;;"NO";;"SOC_CLVS023";"0.03";"Reglamento de Ejecución (UE) 2021/2290"
"323";"Patos";"Granjas de recría para huevos (aves de cría)";;;"NO";;"SOC_CLVS023";"0.03";"Reglamento de Ejecución (UE) 2021/2290"
"324";"Patos";"Granjas de cría para caza para repoblación (aves de cría)";;;"NO";;"SOC_CLVS023";"0.03";"Reglamento de Ejecución (UE) 2021/2290"
"325";"Patos";"Incubadoras";;;"NO";;"SOC_CLVS023";"0.03";"Reglamento de Ejecución (UE) 2021/2290"
"326";"Patos";"Granjas de recría para carne (aves de explotación)";;;"NO";;"SOC_CLVS023";"0.03";"Reglamento de Ejecución (UE) 2021/2290"
"327";"Patos";"Granjas cría caza repoblación (aves explotación)";;;"NO";;"SOC_CLVS023";"0.03";"Reglamento de Ejecución (UE) 2021/2290"
"328";"Patos";"Granjas de recría para huevos (aves de explotación)";;;"NO";;"SOC_CLVS023";"0.03";"Reglamento de Ejecución (UE) 2021/2290"
"329";"Patos";"Granjas de producción para carne en cría ecológica";;;"NO";;"SOC_CLVS023";"0.03";"Reglamento de Ejecución (UE) 2021/2290"
"330";"Patos";"Granjas de producción para carne campero criado en total libertad";;;"NO";;"SOC_CLVS023";"0.03";"Reglamento de Ejecución (UE) 2021/2290"
"331";"Patos";"Granjas de producción para carne campero tradicional";;;"NO";;"SOC_CLVS023";"0.03";"Reglamento de Ejecución (UE) 2021/2290"
"332";"Patos";"Granjas de producción para carne campero";;;"NO";;"SOC_CLVS023";"0.03";"Reglamento de Ejecución (UE) 2021/2290"
"333";"Patos";"Granjas de producción para carne extensivo en interior";;;"NO";;"SOC_CLVS023";"0.03";"Reglamento de Ejecución (UE) 2021/2290"
"334";"Patos";"Granjas de producción para carne gallinero en interior";;;"NO";;"SOC_CLVS023";"0.03";"Reglamento de Ejecución (UE) 2021/2290"
"335";"Patos";"Granjas de producción para otros fines";;;"NO";;"SOC_CLVS023";"0.03";"Reglamento de Ejecución (UE) 2021/2290"
"336";"Patos";"Granjas de cebo de palmípedas";;;"NO";;"SOC_CLVS023";"0.03";"Reglamento de Ejecución (UE) 2021/2290"
"337";"Ocas";"Total de animales";;;"NO";;"SOC_CLVS023";"0.03";"Reglamento de Ejecución (UE) 2021/2290"
"338";"Ocas";"Granjas de selección para carne";;;"NO";;"SOC_CLVS023";"0.03";"Reglamento de Ejecución (UE) 2021/2290"
"339";"Ocas";"Granjas de selección para huevos";;;"NO";;"SOC_CLVS023";"0.03";"Reglamento de Ejecución (UE) 2021/2290"
"340";"Ocas";"Granjas de multiplicación para carne";;;"NO";;"SOC_CLVS023";"0.03";"Reglamento de Ejecución (UE) 2021/2290"
"341";"Ocas";"Granjas de multiplicación para huevos";;;"NO";;"SOC_CLVS023";"0.03";"Reglamento de Ejecución (UE) 2021/2290"
"342";"Ocas";"Granjas de producción para carne";;;"NO";;"SOC_CLVS023";"0.03";"Reglamento de Ejecución (UE) 2021/2290"
"343";"Ocas";"Granjas de producción para huevos";;;"NO";;"SOC_CLVS023";"0.03";"Reglamento de Ejecución (UE) 2021/2290"
"344";"Ocas";"Granjas de producción para huevos en jaula";;;"NO";;"SOC_CLVS023";"0.03";"Reglamento de Ejecución (UE) 2021/2290"
"345";"Ocas";"Granjas de producción para huevos campera";;;"NO";;"SOC_CLVS023";"0.03";"Reglamento de Ejecución (UE) 2021/2290"
"346";"Ocas";"Granjas de producción para huevos en suelo";;;"NO";;"SOC_CLVS023";"0.03";"Reglamento de Ejecución (UE) 2021/2290"
"347";"Ocas";"Granjas de producción para huevos ecológica";;;"NO";;"SOC_CLVS023";"0.03";"Reglamento de Ejecución (UE) 2021/2290"
"348";"Ocas";"Granjas de recría para carne (aves de cría)";;;"NO";;"SOC_CLVS023";"0.03";"Reglamento de Ejecución (UE) 2021/2290"
"349";"Ocas";"Granjas de recría para huevos (aves de cría)";;;"NO";;"SOC_CLVS023";"0.03";"Reglamento de Ejecución (UE) 2021/2290"
"350";"Ocas";"Incubadoras";;;"NO";;"SOC_CLVS023";"0.03";"Reglamento de Ejecución (UE) 2021/2290"
"351";"Ocas";"Granjas de recría para carne (aves de explotación)";;;"NO";;"SOC_CLVS023";"0.03";"Reglamento de Ejecución (UE) 2021/2290"
"352";"Ocas";"Granjas de recría para huevos (aves de explotación)";;;"NO";;"SOC_CLVS023";"0.03";"Reglamento de Ejecución (UE) 2021/2290"
"353";"Ocas";"Granjas de producción para carne en cría ecológica";;;"NO";;"SOC_CLVS023";"0.03";"Reglamento de Ejecución (UE) 2021/2290"
"354";"Ocas";"Granjas de producción para carne campero criado en total libertad";;;"NO";;"SOC_CLVS023";"0.03";"Reglamento de Ejecución (UE) 2021/2290"
"355";"Ocas";"Granjas de producción para carne campero tradicional";;;"NO";;"SOC_CLVS023";"0.03";"Reglamento de Ejecución (UE) 2021/2290"
"356";"Ocas";"Granjas de producción para carne campero";;;"NO";;"SOC_CLVS023";"0.03";"Reglamento de Ejecución (UE) 2021/2290"
"357";"Ocas";"Granjas de producción para carne extensivo en interior";;;"NO";;"SOC_CLVS023";"0.03";"Reglamento de Ejecución (UE) 2021/2290"
"358";"Ocas";"Granjas de producción para carne gallinero en interior";;;"NO";;"SOC_CLVS023";"0.03";"Reglamento de Ejecución (UE) 2021/2290"
"359";"Ocas";"Granjas de producción para otros fines";;;"NO";;"SOC_CLVS023";"0.03";"Reglamento de Ejecución (UE) 2021/2290"
"360";"Ocas";"Granjas de cebo de palmípedas";;;"NO";;"SOC_CLVS023";"0.03";"Reglamento de Ejecución (UE) 2021/2290"
"361";"Ratites";"Total de animales";;;"NO";;"SOC_CLVS023";"0.03";"Reglamento de Ejecución (UE) 2021/2290"
"362";"Ratites";"Granjas de selección para carne";;;"NO";;"SOC_CLVS023";"0.03";"Reglamento de Ejecución (UE) 2021/2290"
"363";"Ratites";"Granjas de multiplicación para carne";;;"NO";;"SOC_CLVS023";"0.03";"Reglamento de Ejecución (UE) 2021/2290"
"364";"Ratites";"Granjas de producción para carne";;;"NO";;"SOC_CLVS023";"0.03";"Reglamento de Ejecución (UE) 2021/2290"
"365";"Ratites";"Granjas de producción para huevos";;;"NO";;"SOC_CLVS023";"0.03";"Reglamento de Ejecución (UE) 2021/2290"
"366";"Ratites";"Granjas de producción para huevos en jaula";;;"NO";;"SOC_CLVS023";"0.03";"Reglamento de Ejecución (UE) 2021/2290"
"367";"Ratites";"Granjas de producción para huevos campera";;;"NO";;"SOC_CLVS023";"0.03";"Reglamento de Ejecución (UE) 2021/2290"
"368";"Ratites";"Granjas de producción para huevos en suelo";;;"NO";;"SOC_CLVS023";"0.03";"Reglamento de Ejecución (UE) 2021/2290"
"369";"Ratites";"Granjas de producción para huevos ecológica";;;"NO";;"SOC_CLVS023";"0.03";"Reglamento de Ejecución (UE) 2021/2290"
"370";"Ratites";"Granjas de recría para carne (aves de cría)";;;"NO";;"SOC_CLVS023";"0.03";"Reglamento de Ejecución (UE) 2021/2290"
"371";"Ratites";"Incubadoras";;;"NO";;"SOC_CLVS023";"0.03";"Reglamento de Ejecución (UE) 2021/2290"
"372";"Ratites";"Granjas de recría para carne (aves de explotación)";;;"NO";;"SOC_CLVS023";"0.03";"Reglamento de Ejecución (UE) 2021/2290"
"373";"Ratites";"Granjas de producción para carne en cría ecológica";;;"NO";;"SOC_CLVS023";"0.03";"Reglamento de Ejecución (UE) 2021/2290"
"374";"Ratites";"Granjas de producción para carne campero criado en total libertad";;;"NO";;"SOC_CLVS023";"0.03";"Reglamento de Ejecución (UE) 2021/2290"
"375";"Ratites";"Granjas de producción para carne campero tradicional";;;"NO";;"SOC_CLVS023";"0.03";"Reglamento de Ejecución (UE) 2021/2290"
"376";"Ratites";"Granjas de producción para carne campero";;;"NO";;"SOC_CLVS023";"0.03";"Reglamento de Ejecución (UE) 2021/2290"
"377";"Ratites";"Granjas de producción para carne extensivo en interior";;;"NO";;"SOC_CLVS023";"0.03";"Reglamento de Ejecución (UE) 2021/2290"
"378";"Ratites";"Granjas de producción para carne gallinero en interior";;;"NO";;"SOC_CLVS023";"0.03";"Reglamento de Ejecución (UE) 2021/2290"
"379";"Ratites";"Granjas de producción para otros fines";;;"NO";;"SOC_CLVS023";"0.03";"Reglamento de Ejecución (UE) 2021/2290"
"380";"Conejos";"Cebo";;;"NO";;;"0.02";"ANEXO I - Reglamento (UE) 2018/1091"
"381";"Conejos";"Reposición";;;"NO";;;"0.02";"ANEXO I - Reglamento (UE) 2018/1091"
"382";"Conejos";"Reproductores Macho";;;"NO";;;"0.02";"ANEXO I - Reglamento (UE) 2018/1091"
"383";"Conejos";"Reproductoras Hembra";;;"NO";;"SOC_CLVS029";"0.02";"ANEXO I - Reglamento (UE) 2018/1091"
"384";"Conejos";"Otros animales";;;"NO";;;"0.02";"ANEXO I - Reglamento (UE) 2018/1091"
"385";"Liebres";"Cebo";;;"NO";;;"0.02";"ANEXO I - Reglamento (UE) 2018/1091"
"386";"Liebres";"Reposición";;;"NO";;;"0.02";"ANEXO I - Reglamento (UE) 2018/1091"
"387";"Liebres";"Reproductores Macho";;;"NO";;;"0.02";"ANEXO I - Reglamento (UE) 2018/1091"
"388";"Liebres";"Reproductoras Hembra";;;"NO";;"SOC_CLVS029";"0.02";"ANEXO I - Reglamento (UE) 2018/1091"
"389";"Liebres";"Otros animales";;;"NO";;;"0.02";"ANEXO I - Reglamento (UE) 2018/1091"
"390";"Abejas";"Estante";;;"NO";;"SOC_CLVS030";"0.1";"Navarra Anexo I - Real Decreto Foral 31/2019"
"391";"Abejas";"Trashumante";;;"NO";;"SOC_CLVS030";"0.1";"Navarra Anexo I - Real Decreto Foral 31/2019"
"392";"Abejas";"Número total de colmenas";;;"NO";;"SOC_CLVS030";"0.1";"Navarra Anexo I - Real Decreto Foral 31/2019"
"402";"Codornices";"Total de animales";;;"NO";;"SOC_CLVS023";"0.001";"ANEXO I - Reglamento (UE) 2018/1091"
"403";"Codornices";"Granjas de selección para carne";;;"NO";;"SOC_CLVS023";"0.001";"ANEXO I - Reglamento (UE) 2018/1091"
"404";"Codornices";"Granjas de selección para huevos";;;"NO";;"SOC_CLVS023";"0.001";"ANEXO I - Reglamento (UE) 2018/1091"
"405";"Codornices";"Granjas de selección para caza para repoblación";;;"NO";;"SOC_CLVS023";"0.001";"ANEXO I - Reglamento (UE) 2018/1091"
"406";"Codornices";"Granjas de multiplicación para carne";;;"NO";;"SOC_CLVS023";"0.001";"ANEXO I - Reglamento (UE) 2018/1091"
"407";"Codornices";"Granjas de multiplicación para huevos";;;"NO";;"SOC_CLVS023";"0.001";"ANEXO I - Reglamento (UE) 2018/1091"
"408";"Codornices";"Granjas de multiplicación para caza";;;"NO";;"SOC_CLVS023";"0.001";"ANEXO I - Reglamento (UE) 2018/1091"
"409";"Codornices";"Granjas de producción para carne";;;"NO";;"SOC_CLVS023";"0.001";"ANEXO I - Reglamento (UE) 2018/1091"
"410";"Codornices";"Granjas de producción para huevos";;;"NO";;"SOC_CLVS023";"0.001";"ANEXO I - Reglamento (UE) 2018/1091"
"411";"Codornices";"Granjas de producción para huevos en jaula";;;"NO";;"SOC_CLVS023";"0.001";"ANEXO I - Reglamento (UE) 2018/1091"
"412";"Codornices";"Granjas de producción para huevos campera";;;"NO";;"SOC_CLVS023";"0.001";"ANEXO I - Reglamento (UE) 2018/1091"
"413";"Codornices";"Granjas de producción para huevos en suelo";;;"NO";;"SOC_CLVS023";"0.001";"ANEXO I - Reglamento (UE) 2018/1091"
"414";"Codornices";"Granjas de producción para huevos ecológica";;;"NO";;"SOC_CLVS023";"0.001";"ANEXO I - Reglamento (UE) 2018/1091"
"415";"Codornices";"Granjas de producción para caza para repoblación";;;"NO";;"SOC_CLVS023";"0.001";"ANEXO I - Reglamento (UE) 2018/1091"
"416";"Codornices";"Granjas de recría para carne (aves de cría)";;;"NO";;"SOC_CLVS023";"0.001";"ANEXO I - Reglamento (UE) 2018/1091"
"417";"Codornices";"Granjas de recría para huevos (aves de cría)";;;"NO";;"SOC_CLVS023";"0.001";"ANEXO I - Reglamento (UE) 2018/1091"
"418";"Codornices";"Granjas de cría para caza para repoblación (aves de cría)";;;"NO";;"SOC_CLVS023";"0.001";"ANEXO I - Reglamento (UE) 2018/1091"
"419";"Codornices";"Incubadoras";;;"NO";;"SOC_CLVS023";"0.001";"ANEXO I - Reglamento (UE) 2018/1091"
"420";"Codornices";"Granjas de recría para carne (aves de explotación)";;;"NO";;"SOC_CLVS023";"0.001";"ANEXO I - Reglamento (UE) 2018/1091"
"421";"Codornices";"Granjas cría caza repoblación (aves explotación)";;;"NO";;"SOC_CLVS023";"0.001";"ANEXO I - Reglamento (UE) 2018/1091"
"422";"Codornices";"Granjas de recría para huevos (aves de explotación)";;;"NO";;"SOC_CLVS023";"0.001";"ANEXO I - Reglamento (UE) 2018/1091"
"423";"Codornices";"Granjas de producción para carne en cría ecológica";;;"NO";;"SOC_CLVS023";"0.001";"ANEXO I - Reglamento (UE) 2018/1091"
"424";"Codornices";"Granjas de producción para carne campero criado en total libertad";;;"NO";;"SOC_CLVS023";"0.001";"ANEXO I - Reglamento (UE) 2018/1091"
"425";"Codornices";"Granjas de producción para carne campero tradicional";;;"NO";;"SOC_CLVS023";"0.001";"ANEXO I - Reglamento (UE) 2018/1091"
"426";"Codornices";"Granjas de producción para carne campero";;;"NO";;"SOC_CLVS023";"0.001";"ANEXO I - Reglamento (UE) 2018/1091"
"427";"Codornices";"Granjas de producción para carne extensivo en interior";;;"NO";;"SOC_CLVS023";"0.001";"ANEXO I - Reglamento (UE) 2018/1091"
"428";"Codornices";"Granjas de producción para carne gallinero en interior";;;"NO";;"SOC_CLVS023";"0.001";"ANEXO I - Reglamento (UE) 2018/1091"
"429";"Codornices";"Granjas de producción para otros fines";;;"NO";;"SOC_CLVS023";"0.001";"ANEXO I - Reglamento (UE) 2018/1091"
"430";"Palomas";"Total de animales";;;"NO";;"SOC_CLVS023";"0.001";"ANEXO I - Reglamento (UE) 2018/1091"
"431";"Palomas";"Granjas de selección para carne";;;"NO";;"SOC_CLVS023";"0.001";"ANEXO I - Reglamento (UE) 2018/1091"
"432";"Palomas";"Granjas de selección para huevos";;;"NO";;"SOC_CLVS023";"0.001";"ANEXO I - Reglamento (UE) 2018/1091"
"433";"Palomas";"Granjas de selección para caza para repoblación";;;"NO";;"SOC_CLVS023";"0.001";"ANEXO I - Reglamento (UE) 2018/1091"
"434";"Palomas";"Granjas de multiplicación para carne";;;"NO";;"SOC_CLVS023";"0.001";"ANEXO I - Reglamento (UE) 2018/1091"
"435";"Palomas";"Granjas de multiplicación para huevos";;;"NO";;"SOC_CLVS023";"0.001";"ANEXO I - Reglamento (UE) 2018/1091"
"436";"Palomas";"Granjas de multiplicación para caza";;;"NO";;"SOC_CLVS023";"0.001";"ANEXO I - Reglamento (UE) 2018/1091"
"437";"Palomas";"Granjas de producción para carne";;;"NO";;"SOC_CLVS023";"0.001";"ANEXO I - Reglamento (UE) 2018/1091"
"438";"Palomas";"Granjas de producción para huevos";;;"NO";;"SOC_CLVS023";"0.001";"ANEXO I - Reglamento (UE) 2018/1091"
"439";"Palomas";"Granjas de producción para huevos en jaula";;;"NO";;"SOC_CLVS023";"0.001";"ANEXO I - Reglamento (UE) 2018/1091"
"440";"Palomas";"Granjas de producción para huevos campera";;;"NO";;"SOC_CLVS023";"0.001";"ANEXO I - Reglamento (UE) 2018/1091"
"441";"Palomas";"Granjas de producción para huevos en suelo";;;"NO";;"SOC_CLVS023";"0.001";"ANEXO I - Reglamento (UE) 2018/1091"
"442";"Palomas";"Granjas de producción para huevos ecológica";;;"NO";;"SOC_CLVS023";"0.001";"ANEXO I - Reglamento (UE) 2018/1091"
"443";"Palomas";"Granjas de producción para caza para repoblación";;;"NO";;"SOC_CLVS023";"0.001";"ANEXO I - Reglamento (UE) 2018/1091"
"444";"Palomas";"Granjas de recría para carne (aves de cría)";;;"NO";;"SOC_CLVS023";"0.001";"ANEXO I - Reglamento (UE) 2018/1091"
"445";"Palomas";"Granjas de recría para huevos (aves de cría)";;;"NO";;"SOC_CLVS023";"0.001";"ANEXO I - Reglamento (UE) 2018/1091"
"446";"Palomas";"Granjas de cría para caza para repoblación (aves de cría)";;;"NO";;"SOC_CLVS023";"0.001";"ANEXO I - Reglamento (UE) 2018/1091"
"447";"Palomas";"Incubadoras";;;"NO";;"SOC_CLVS023";"0.001";"ANEXO I - Reglamento (UE) 2018/1091"
"448";"Palomas";"Granjas de recría para carne (aves de explotación)";;;"NO";;"SOC_CLVS023";"0.001";"ANEXO I - Reglamento (UE) 2018/1091"
"449";"Palomas";"Granjas cría caza repoblación (aves explotación)";;;"NO";;"SOC_CLVS023";"0.001";"ANEXO I - Reglamento (UE) 2018/1091"
"450";"Palomas";"Granjas de recría para huevos (aves de explotación)";;;"NO";;"SOC_CLVS023";"0.001";"ANEXO I - Reglamento (UE) 2018/1091"
"451";"Palomas";"Granjas de producción para carne en cría ecológica";;;"NO";;"SOC_CLVS023";"0.001";"ANEXO I - Reglamento (UE) 2018/1091"
"452";"Palomas";"Granjas de producción para carne campero criado en total libertad";;;"NO";;"SOC_CLVS023";"0.001";"ANEXO I - Reglamento (UE) 2018/1091"
"453";"Palomas";"Granjas de producción para carne campero tradicional";;;"NO";;"SOC_CLVS023";"0.001";"ANEXO I - Reglamento (UE) 2018/1091"
"454";"Palomas";"Granjas de producción para carne campero";;;"NO";;"SOC_CLVS023";"0.001";"ANEXO I - Reglamento (UE) 2018/1091"
"455";"Palomas";"Granjas de producción para carne extensivo en interior";;;"NO";;"SOC_CLVS023";"0.001";"ANEXO I - Reglamento (UE) 2018/1091"
"456";"Palomas";"Granjas de producción para carne gallinero en interior";;;"NO";;"SOC_CLVS023";"0.001";"ANEXO I - Reglamento (UE) 2018/1091"
"457";"Palomas";"Granjas de producción para otros fines";;;"NO";;"SOC_CLVS023";"0.001";"ANEXO I - Reglamento (UE) 2018/1091"
"458";"Faisanes";"Total de animales";;;"NO";;"SOC_CLVS023";"0.001";"ANEXO I - Reglamento (UE) 2018/1091"
"459";"Faisanes";"Granjas de selección para carne";;;"NO";;"SOC_CLVS023";"0.001";"ANEXO I - Reglamento (UE) 2018/1091"
"460";"Faisanes";"Granjas de selección para huevos";;;"NO";;"SOC_CLVS023";"0.001";"ANEXO I - Reglamento (UE) 2018/1091"
"461";"Faisanes";"Granjas de selección para caza para repoblación";;;"NO";;"SOC_CLVS023";"0.001";"ANEXO I - Reglamento (UE) 2018/1091"
"462";"Faisanes";"Granjas de multiplicación para carne";;;"NO";;"SOC_CLVS023";"0.001";"ANEXO I - Reglamento (UE) 2018/1091"
"463";"Faisanes";"Granjas de multiplicación para huevos";;;"NO";;"SOC_CLVS023";"0.001";"ANEXO I - Reglamento (UE) 2018/1091"
"464";"Faisanes";"Granjas de multiplicación para caza";;;"NO";;"SOC_CLVS023";"0.001";"ANEXO I - Reglamento (UE) 2018/1091"
"465";"Faisanes";"Granjas de producción para carne";;;"NO";;"SOC_CLVS023";"0.001";"ANEXO I - Reglamento (UE) 2018/1091"
"466";"Faisanes";"Granjas de producción para huevos";;;"NO";;"SOC_CLVS023";"0.001";"ANEXO I - Reglamento (UE) 2018/1091"
"467";"Faisanes";"Granjas de producción para huevos en jaula";;;"NO";;"SOC_CLVS023";"0.001";"ANEXO I - Reglamento (UE) 2018/1091"
"468";"Faisanes";"Granjas de producción para huevos campera";;;"NO";;"SOC_CLVS023";"0.001";"ANEXO I - Reglamento (UE) 2018/1091"
"469";"Faisanes";"Granjas de producción para huevos en suelo";;;"NO";;"SOC_CLVS023";"0.001";"ANEXO I - Reglamento (UE) 2018/1091"
"470";"Faisanes";"Granjas de producción para huevos ecológica";;;"NO";;"SOC_CLVS023";"0.001";"ANEXO I - Reglamento (UE) 2018/1091"
"471";"Faisanes";"Granjas de producción para caza para repoblación";;;"NO";;"SOC_CLVS023";"0.001";"ANEXO I - Reglamento (UE) 2018/1091"
"472";"Faisanes";"Granjas de recría para carne (aves de cría)";;;"NO";;"SOC_CLVS023";"0.001";"ANEXO I - Reglamento (UE) 2018/1091"
"473";"Faisanes";"Granjas de recría para huevos (aves de cría)";;;"NO";;"SOC_CLVS023";"0.001";"ANEXO I - Reglamento (UE) 2018/1091"
"474";"Faisanes";"Granjas de cría para caza para repoblación (aves de cría)";;;"NO";;"SOC_CLVS023";"0.001";"ANEXO I - Reglamento (UE) 2018/1091"
"475";"Faisanes";"Incubadoras";;;"NO";;"SOC_CLVS023";"0.001";"ANEXO I - Reglamento (UE) 2018/1091"
"476";"Faisanes";"Granjas de recría para carne (aves de explotación)";;;"NO";;"SOC_CLVS023";"0.001";"ANEXO I - Reglamento (UE) 2018/1091"
"477";"Faisanes";"Granjas cría caza repoblación (aves explotación)";;;"NO";;"SOC_CLVS023";"0.001";"ANEXO I - Reglamento (UE) 2018/1091"
"478";"Faisanes";"Granjas de recría para huevos (aves de explotación)";;;"NO";;"SOC_CLVS023";"0.001";"ANEXO I - Reglamento (UE) 2018/1091"
"479";"Faisanes";"Granjas de producción para carne en cría ecológica";;;"NO";;"SOC_CLVS023";"0.001";"ANEXO I - Reglamento (UE) 2018/1091"
"480";"Faisanes";"Granjas de producción para carne campero criado en total libertad";;;"NO";;"SOC_CLVS023";"0.001";"ANEXO I - Reglamento (UE) 2018/1091"
"481";"Faisanes";"Granjas de producción para carne campero tradicional";;;"NO";;"SOC_CLVS023";"0.001";"ANEXO I - Reglamento (UE) 2018/1091"
"482";"Faisanes";"Granjas de producción para carne campero";;;"NO";;"SOC_CLVS023";"0.001";"ANEXO I - Reglamento (UE) 2018/1091"
"483";"Faisanes";"Granjas de producción para carne extensivo en interior";;;"NO";;"SOC_CLVS023";"0.001";"ANEXO I - Reglamento (UE) 2018/1091"
"484";"Faisanes";"Granjas de producción para carne gallinero en interior";;;"NO";;"SOC_CLVS023";"0.001";"ANEXO I - Reglamento (UE) 2018/1091"
"485";"Faisanes";"Granjas de producción para otros fines";;;"NO";;"SOC_CLVS023";"0.001";"ANEXO I - Reglamento (UE) 2018/1091"
"486";"Perdices";"Total de animales";;;"NO";;"SOC_CLVS023";"0.001";"ANEXO I - Reglamento (UE) 2018/1091"
"487";"Perdices";"Granjas de selección para carne";;;"NO";;"SOC_CLVS023";"0.001";"ANEXO I - Reglamento (UE) 2018/1091"
"488";"Perdices";"Granjas de selección para huevos";;;"NO";;"SOC_CLVS023";"0.001";"ANEXO I - Reglamento (UE) 2018/1091"
"489";"Perdices";"Granjas de selección para caza para repoblación";;;"NO";;"SOC_CLVS023";"0.001";"ANEXO I - Reglamento (UE) 2018/1091"
"490";"Perdices";"Granjas de multiplicación para carne";;;"NO";;"SOC_CLVS023";"0.001";"ANEXO I - Reglamento (UE) 2018/1091"
"491";"Perdices";"Granjas de multiplicación para huevos";;;"NO";;"SOC_CLVS023";"0.001";"ANEXO I - Reglamento (UE) 2018/1091"
"492";"Perdices";"Granjas de multiplicación para caza";;;"NO";;"SOC_CLVS023";"0.001";"ANEXO I - Reglamento (UE) 2018/1091"
"493";"Perdices";"Granjas de producción para carne";;;"NO";;"SOC_CLVS023";"0.001";"ANEXO I - Reglamento (UE) 2018/1091"
"494";"Perdices";"Granjas de producción para huevos";;;"NO";;"SOC_CLVS023";"0.001";"ANEXO I - Reglamento (UE) 2018/1091"
"495";"Perdices";"Granjas de producción para huevos en jaula";;;"NO";;"SOC_CLVS023";"0.001";"ANEXO I - Reglamento (UE) 2018/1091"
"496";"Perdices";"Granjas de producción para huevos campera";;;"NO";;"SOC_CLVS023";"0.001";"ANEXO I - Reglamento (UE) 2018/1091"
"497";"Perdices";"Granjas de producción para huevos en suelo";;;"NO";;"SOC_CLVS023";"0.001";"ANEXO I - Reglamento (UE) 2018/1091"
"498";"Perdices";"Granjas de producción para huevos ecológica";;;"NO";;"SOC_CLVS023";"0.001";"ANEXO I - Reglamento (UE) 2018/1091"
"499";"Perdices";"Granjas de producción para caza para repoblación";;;"NO";;"SOC_CLVS023";"0.001";"ANEXO I - Reglamento (UE) 2018/1091"
"500";"Perdices";"Granjas de recría para carne (aves de cría)";;;"NO";;"SOC_CLVS023";"0.001";"ANEXO I - Reglamento (UE) 2018/1091"
"501";"Perdices";"Granjas de recría para huevos (aves de cría)";;;"NO";;"SOC_CLVS023";"0.001";"ANEXO I - Reglamento (UE) 2018/1091"
"502";"Perdices";"Granjas de cría para caza para repoblación (aves de cría)";;;"NO";;"SOC_CLVS023";"0.001";"ANEXO I - Reglamento (UE) 2018/1091"
"503";"Perdices";"Incubadoras";;;"NO";;"SOC_CLVS023";"0.001";"ANEXO I - Reglamento (UE) 2018/1091"
"504";"Perdices";"Granjas de recría para carne (aves de explotación)";;;"NO";;"SOC_CLVS023";"0.001";"ANEXO I - Reglamento (UE) 2018/1091"
"505";"Perdices";"Granjas cría caza repoblación (aves explotación)";;;"NO";;"SOC_CLVS023";"0.001";"ANEXO I - Reglamento (UE) 2018/1091"
"506";"Perdices";"Granjas de recría para huevos (aves de explotación)";;;"NO";;"SOC_CLVS023";"0.001";"ANEXO I - Reglamento (UE) 2018/1091"
"507";"Perdices";"Granjas de producción para carne en cría ecológica";;;"NO";;"SOC_CLVS023";"0.001";"ANEXO I - Reglamento (UE) 2018/1091"
"508";"Perdices";"Granjas de producción para carne campero criado en total libertad";;;"NO";;"SOC_CLVS023";"0.001";"ANEXO I - Reglamento (UE) 2018/1091"
"509";"Perdices";"Granjas de producción para carne campero tradicional";;;"NO";;"SOC_CLVS023";"0.001";"ANEXO I - Reglamento (UE) 2018/1091"
"510";"Perdices";"Granjas de producción para carne campero";;;"NO";;"SOC_CLVS023";"0.001";"ANEXO I - Reglamento (UE) 2018/1091"
"511";"Perdices";"Granjas de producción para carne extensivo en interior";;;"NO";;"SOC_CLVS023";"0.001";"ANEXO I - Reglamento (UE) 2018/1091"
"512";"Perdices";"Granjas de producción para carne gallinero en interior";;;"NO";;"SOC_CLVS023";"0.001";"ANEXO I - Reglamento (UE) 2018/1091"
"513";"Perdices";"Granjas de producción para otros fines";;;"NO";;"SOC_CLVS023";"0.001";"ANEXO I - Reglamento (UE) 2018/1091"
"514";"Ciervos";"Sin categoría";;;"NO";;;"0.05";"Navarra Anexo I - Real Decreto Foral 31/2019"
"515";"Caracoles";"Sin categoría";;;"NO";;;"0";
"516";"Abejorros (Bombus terrestris)";"Estante";;;"NO";;;"0.1";"Navarra Anexo I - Real Decreto Foral 31/2019"
"517";"Abejorros (Bombus terrestris)";"Trashumante";;;"NO";;;"0.1";"Navarra Anexo I - Real Decreto Foral 31/2019"
"518";"Abejorros (Bombus terrestris)";"Número total de colmenas";;;"NO";;;"0.1";"Navarra Anexo I - Real Decreto Foral 31/2019"
"642";"Bovinos";"Total de animales";"Hembra";"Mayor o igual de dos años";"NO";;"SOC_CLVS007";"0.8";"ANEXO V - RD 1048/2022, ANEXO I - Reglamento (UE) 2018/1091"
"643";"Bovinos";"Total de animales";"Hembra";"Entre un año y menos de dos años";"SI";"Reproducción para producción de leche";"SOC_CLVS009";"0.7";"ANEXO V - RD 1048/2022, ANEXO I - Reglamento (UE) 2018/1091"
"644";"Bovinos";"Total de animales";"Hembra";"Entre un año y menos de dos años";"SI";;"SOC_CLVS010";"0.7";"ANEXO V - RD 1048/2022, ANEXO I - Reglamento (UE) 2018/1091"
