"Código primer nivel";"Tipo de actividad primer nivel";"Código segundo nivel";"Tipo de actividad segundo nivel";"Código tercer nivel";"Tipo de actividad tercer nivel";Fecha de alta;Fecha de modificación;Fecha de baja
"1";"Actividad de transformación realizada en la explotación";"1";"Productos Agrarios";"1";"Zumos de fruta";17/04/2023;;
"1";"Actividad de transformación realizada en la explotación";"1";"Productos Agrarios";"2";"Conservas";17/04/2023;;
"1";"Actividad de transformación realizada en la explotación";"1";"Productos Agrarios";"3";"Mermelada";17/04/2023;;
"1";"Actividad de transformación realizada en la explotación";"1";"Productos Agrarios";"4";"Bebidas alcohólicas";17/04/2023;;
"1";"Actividad de transformación realizada en la explotación";"1";"Productos Agrarios";"5";"Uva mosto vino en productos alcohólicos";17/04/2023;;
"1";"Actividad de transformación realizada en la explotación";"1";"Productos Agrarios";"6";"Otros productos agrarios";17/04/2023;;
"1";"Actividad de transformación realizada en la explotación";"2";"Productos Lácteos";"1";"Leche de consumo";17/04/2023;;
"1";"Actividad de transformación realizada en la explotación";"2";"Productos Lácteos";"2";"Nata";17/04/2023;;
"1";"Actividad de transformación realizada en la explotación";"2";"Productos Lácteos";"3";"Mantequilla";17/04/2023;;
"1";"Actividad de transformación realizada en la explotación";"2";"Productos Lácteos";"4";"Queso sin mezcla";17/04/2023;;
"1";"Actividad de transformación realizada en la explotación";"2";"Productos Lácteos";"5";"Queso con mezcla";17/04/2023;;
"1";"Actividad de transformación realizada en la explotación";"2";"Productos Lácteos";"6";"Yogurt";17/04/2023;;
"1";"Actividad de transformación realizada en la explotación";"2";"Productos Lácteos";"7";"Otros equivalentes de la leche";17/04/2023;;
"1";"Actividad de transformación realizada en la explotación";"2";"Productos Lácteos";"8";"Otros productos lácteos";17/04/2023;;
"1";"Actividad de transformación realizada en la explotación";"3";"Productos Cárnicos";"1";"Paté";17/04/2023;;
"1";"Actividad de transformación realizada en la explotación";"3";"Productos Cárnicos";"2";"Foi gras";17/04/2023;;
"1";"Actividad de transformación realizada en la explotación";"3";"Productos Cárnicos";"3";"Embutido";17/04/2023;;
"1";"Actividad de transformación realizada en la explotación";"3";"Productos Cárnicos";"4";"Otros productos cárnicos";17/04/2023;;
"1";"Actividad de transformación realizada en la explotación";"4";"Trenzados e hilados";"1";"Trenzado de materiales";17/04/2023;;
"1";"Actividad de transformación realizada en la explotación";"4";"Trenzados e hilados";"2";"Textiles";17/04/2023;;
"1";"Actividad de transformación realizada en la explotación";"4";"Trenzados e hilados";"3";"Tejido de Lanas";17/04/2023;;
"1";"Actividad de transformación realizada en la explotación";"5";"Otros Productos";"0";"Sin descripción";17/04/2023;;
"2";"Calibrado o acondicionamiento de productos";"1";"Calibrado y acondicionamiento de productos";"0";"Sin descripción";17/04/2023;;
"3";"Actividad Agroturística y Cinegética";"1";"Restauración";"2";"Degustación";17/04/2023;;
"3";"Actividad Agroturística y Cinegética";"1";"Restauración";"3";"Tienda de comercio al por menor";17/04/2023;;
"3";"Actividad Agroturística y Cinegética";"2";"Alojamiento";"1";"Hotel";17/04/2023;;
"3";"Actividad Agroturística y Cinegética";"2";"Alojamiento";"2";"Alojamiento rural";17/04/2023;;
"3";"Actividad Agroturística y Cinegética";"2";"Alojamiento";"3";"Camping";17/04/2023;;
"3";"Actividad Agroturística y Cinegética";"2";"Alojamiento";"4";" Refugio";17/04/2023;;
"3";"Actividad Agroturística y Cinegética";"3";"Otras actividades agroturísticas";"1";"Excursiones";17/04/2023;;
"3";"Actividad Agroturística y Cinegética";"3";"Otras actividades agroturísticas";"2";"Senderismo";17/04/2023;;
"3";"Actividad Agroturística y Cinegética";"3";"Otras actividades agroturísticas";"3";"Escalada";17/04/2023;;
"3";"Actividad Agroturística y Cinegética";"3";"Otras actividades agroturísticas";"4";"Espeleología";17/04/2023;;
"3";"Actividad Agroturística y Cinegética";"3";"Otras actividades agroturísticas";"5";"Rutas en bicicleta";17/04/2023;;
"3";"Actividad Agroturística y Cinegética";"3";"Otras actividades agroturísticas";"6";"Equitación";17/04/2023;;
"3";"Actividad Agroturística y Cinegética";"3";"Otras actividades agroturísticas";"7";"Golf";17/04/2023;;
"3";"Actividad Agroturística y Cinegética";"3";"Otras actividades agroturísticas";"8";"Pesca";17/04/2023;;
"3";"Actividad Agroturística y Cinegética";"4";"Caza";"0";"Sin descripción";17/04/2023;;
"4";"Servicios";"1";"A terceros";"1";"Alquiler y reparación de maquinaria agraria";17/04/2023;;
"4";"Servicios";"1";"A terceros";"2";"Proyectos de regadío";17/04/2023;;
"4";"Servicios";"1";"A terceros";"3";"Asesoramiento agrario";17/04/2023;;
"4";"Servicios";"1";"A terceros";"4";"Almacenamiento de productos";17/04/2023;;
"4";"Servicios";"1";"A terceros";"5";"Mantenimiento de edificios agrarios";17/04/2023;;
"4";"Servicios";"1";"A terceros";"6";"Agentes comerciales de productos agrarios";17/04/2023;;
"4";"Servicios";"1";"A terceros";"7";"Transporte de productos agrarios";17/04/2023;;
"4";"Servicios";"2";"Conservación del paisaje";"1";"Corte de hierba y setos";17/04/2023;;
"4";"Servicios";"2";"Conservación del paisaje";"2";"Eliminación de nieve";17/04/2023;;
"4";"Servicios";"2";"Conservación del paisaje";"3";"Diseño paisajístico";17/04/2023;;
"4";"Servicios";"2";"Conservación del paisaje";"4";"Conservación y plantación de espacios verdes";17/04/2023;;
"5";"Otras actividades complementarias";"1";"Energías Renovables";"1";"Solar";17/04/2023;;
"5";"Otras actividades complementarias";"1";"Energías Renovables";"2";"Eólica";17/04/2023;;
"5";"Otras actividades complementarias";"1";"Energías Renovables";"3";"Hidraúlica";17/04/2023;;
"5";"Otras actividades complementarias";"1";"Energías Renovables";"4";"Biomasa";17/04/2023;;
"5";"Otras actividades complementarias";"1";"Energías Renovables";"5";"Bioetanol";17/04/2023;;
"5";"Otras actividades complementarias";"1";"Energías Renovables";"6";"Biodiésel";17/04/2023;;
"5";"Otras actividades complementarias";"2";"Otras actividades en que se utilizan la tierra y los medios de producción agraria";"0";"Sin descripción";17/04/2023;;
