"CONDICIÓN 1 (C1)";"CONDICIÓN 2 (C2)";"CONDICIÓN 3 (C3)";"OTE Particular";"Descripción OTE Particular"
"P1 > 2/3 PET";"P15 + P16 + CLND014 > 2/3 PET";"P151 + P16 + CLND014 > 2/3 PET";"151";"Explotaciones especializadas en el cultivo de cereales (distintos del arroz), semillas oleaginosas y proteaginosas"
"P1 > 2/3 PET";"P15 + P16 + CLND014 > 2/3 PET";"CLND013 > 2/3 PET";"152";"Explotaciones especializadas en arroz"
"P1 > 2/3 PET";"P15 + P16 + CLND014 > 2/3 PET";;"153";"Explotaciones que combinen cereales, semillas oleaginosas, proteaginosas y arroz"
"P1 > 2/3 PET";"P15 + P16 + CLND014 <= 2/3 PET";"P17 > 2/3 PET";"161";"Explotaciones especializadas en el cultivo de raíces y tubérculos"
"P1 > 2/3 PET";"P15 + P16 + CLND014 <= 2/3 PET";"P15 + P16 + CLND014 > 1/3 PET; P17 > 1/3 PET";"162";"Explotaciones que combinen cereales, oleaginosas, proteaginosas y raíces y tubérculos"
"P1 > 2/3 PET";"P15 + P16 + CLND014 <= 2/3 PET";"CLND045 > 2/3 PET";"163";"Explotaciones especializadas en el cultivo de hortalizas producidas al aire libre"
"P1 > 2/3 PET";"P15 + P16 + CLND014 <= 2/3 PET";"CLND032 > 2/3 PET";"164";"Explotaciones especializadas en el cultivo de tabaco"
"P1 > 2/3 PET";"P15 + P16 + CLND014 <= 2/3 PET";"CLND030 > 2/3 PET";"165";"Explotaciones especializadas en el cultivo de algodón"
"P1 > 2/3 PET";"P15 + P16 + CLND014 <= 2/3 PET";;"166";"Explotaciones que combinen varios grandes cultivos"
"P2 > 2/3 PET";"CLND081 + CLND082 > 2/3 PET";"CLND081 > 2/3 PET";"211";"Explotaciones especializadas en hortalizas en invernadero"
"P2 > 2/3 PET";"CLND081 + CLND082 > 2/3 PET";"CLND082 > 2/3 PET";"212";"Explotaciones especializadas en floricultura y plantas ornamentales en invernadero"
"P2 > 2/3 PET";"CLND081 + CLND082 > 2/3 PET";;"213";"Explotaciones especializadas en policultivo hortícola en invernadero"
"P2 > 2/3 PET";"CLND044 + CLND046 > 2/3 PET";"CLND044 > 2/3 PET";"221";"Explotaciones especializadas en hortalizas al aire libre"
"P2 > 2/3 PET";"CLND044 + CLND046 > 2/3 PET";"CLND046 > 2/3 PET";"222";"Explotaciones especializadas en floricultura y plantas ornamentales al aire libre"
"P2 > 2/3 PET";"CLND044 + CLND046 > 2/3 PET";;"223";"Explotaciones especializadas en policultivo hortícola al aire libre"
"P2 > 2/3 PET";"CLND044 + CLND046 <= 2/3 PET; CLND081 + CLND082 <= 2/3 PET";"CLND079 > 2/3 PET";"231";"Explotaciones especializadas en el cultivo de setas"
"P2 > 2/3 PET";"CLND044 + CLND046 <= 2/3 PET; CLND081 + CLND082 <= 2/3 PET";"CLND070 > 2/3 PET";"232";"Explotaciones especializadas en viveros"
"P2 > 2/3 PET";"CLND044 + CLND046 <= 2/3 PET; CLND081 + CLND082 <= 2/3 PET";;"233";"Horticultura diversa"
"P3 > 2/3 PET";"CLND062 + CLND064 + CLND065 + CLND066 + CLND067 + CLND068 > 2/3 PET";"CLND064 + CLND065 > 2/3 PET";"351";"Explotaciones vinícolas especializadas en vinos de calidad"
"P3 > 2/3 PET";"CLND062 + CLND064 + CLND065 + CLND066 + CLND067 + CLND068 > 2/3 PET";"CLND066 > 2/3 PET";"352";"Explotaciones vinícolas especializadas en vinos distintos de los vinos de calidad"
"P3 > 2/3 PET";"CLND062 + CLND064 + CLND065 + CLND066 + CLND067 + CLND068 > 2/3 PET";"CLND067 > 2/3 PET";"353";"Explotaciones especializadas en uva de mesa"
"P3 > 2/3 PET";"CLND062 + CLND064 + CLND065 + CLND066 + CLND067 + CLND068 > 2/3 PET";;"354";"Otros viñedos"
"P3 > 2/3 PET";"CLND056 + CLND057 + CLND058 + CLND059 + CLND060 + CLND061 > 2/3 PET";"CLND056 + CLND057 + CLND059 > 2/3 PET";"361";"Explotaciones frutícolas especializadas (distintos de los cítricos, las frutas tropicales y subtropicales y los frutos de cáscara)"
"P3 > 2/3 PET";"CLND056 + CLND057 + CLND058 + CLND059 + CLND060 + CLND061 > 2/3 PET";"CLND061 > 2/3 PET";"362";"Explotaciones especializadas en cítricos"
"P3 > 2/3 PET";"CLND056 + CLND057 + CLND058 + CLND059 + CLND060 + CLND061 > 2/3 PET";"CLND060 > 2/3 PET";"363";"Explotaciones especializadas en frutos de cáscara"
"P3 > 2/3 PET";"CLND056 + CLND057 + CLND058 + CLND059 + CLND060 + CLND061 > 2/3 PET";"CLND058 > 2/3 PET";"364";"Explotaciones especializadas en frutas tropicales y subtropicales"
"P3 > 2/3 PET";"CLND056 + CLND057 + CLND058 + CLND059 + CLND060 + CLND061 > 2/3 PET";;"365";"Explotaciones frutícolas especializadas en cítricos, frutas tropicales y subtropicales y frutos de cáscara: producción mixta"
"P3 > 2/3 PET";"CLND069 > 2/3 PET";;"370";"Explotaciones especializadas en aceitunas"
"P3 > 2/3 PET";;;"380";"Explotaciones que combinen varios cultivos permanentes"
"P4 > 2/3 PET";"CLVS009 + CLVS011 > 3/4 GL; GL > 1/10 P4";;"450";"Explotaciones de bovinos especializadas en la producción de leche"
"P4 > 2/3 PET";"P46 > 2/3 GL; CLVS009 + CLVS011 <= 1/10 GL; GL > 1/10 P4";;"460";"Explotaciones de bovinos especializadas en la cría y en la producción de carne"
"P4 > 2/3 PET";"P46 > 2/3 GL; CLVS009 + CLVS011 > 1/10 GL; GL > 1/10 P4; P1 > P4, con exclusión de la clase 450";;"470";"Explotaciones de bovinos que combinen la producción de leche y carne y la cría"
"P4 > 2/3 PET";"Explotaciones que cumplan la condición C1, con exclusión de las de las clases 450, 460 y 470";"CLVS013 + CLVS014 > 2/3 GL; GL > 1/10 P4";"481";"Explotaciones especializadas en ovinos"
"P4 > 2/3 PET";"Explotaciones que cumplan la condición C1, con exclusión de las de las clases 450, 460 y 470";"P46 > 1/3 GL; CLVS013 + CLVS014 > 1/3 GL; GL > 1/10 P4";"482";"Explotaciones que combinen ovinos y bovinos"
"P4 > 2/3 PET";"Explotaciones que cumplan la condición C1, con exclusión de las de las clases 450, 460 y 470";"CLVS016 + CLVS017 > 2/3 GL; GL > 1/10 P4";"483";"Explotaciones especializadas en caprinos"
"P4 > 2/3 PET";"Explotaciones que cumplan la condición C1, con exclusión de las de las clases 450, 460 y 470";;"484";"Explotaciones de herbívoros"
"P5 > 2/3 PET";"P51 > 2/3 PET";"CLVS019 > 2/3 PET";"511";"Explotaciones especializadas en la cría de porcinos"
"P5 > 2/3 PET";"P51 > 2/3 PET";"CLVS018 + CLVS020 > 2/3 PET";"512";"Explotaciones especializadas en el engorde de porcinos"
"P5 > 2/3 PET";"P51 > 2/3 PET";;"513";"Explotaciones que combinen la cría y el engorde de porcinos"
"P5 > 2/3 PET";"P52 > 2/3 PET";"CLVS022 > 2/3 PET";"521";"Explotaciones especializadas en gallinas ponedoras"
"P5 > 2/3 PET";"P52 > 2/3 PET";"CLVS021 + CLVS023 > 2/3 PET";"522";"Explotaciones especializadas en aves de corral de carne"
"P5 > 2/3 PET";"P52 > 2/3 PET";;"523";"Explotaciones que combinen gallinas ponedoras y aves de corral de carne"
"P5 > 2/3 PET";;;"530";"Explotaciones que combinen varios tipos de granívoros"
"(P1 + P2 + P3) > 2/3 PET; P1 <= 2/3 PET; P2 <= 2/3 PET; P3 <= 2/3 PET";"P2 > 1/3 PET; P3 > 1/3 PET";;"611";"Explotaciones que combinen horticultura y cultivos permanentes"
"(P1 + P2 + P3) > 2/3 PET; P1 <= 2/3 PET; P2 <= 2/3 PET; P3 <= 2/3 PET";"P1 > 1/3 PET; P2 > 1/3 PET";;"612";"Explotaciones que combinen grandes cultivos y horticultura"
"(P1 + P2 + P3) > 2/3 PET; P1 <= 2/3 PET; P2 <= 2/3 PET; P3 <= 2/3 PET";"P1 > 1/3 PET; CLND062 + CLND064 + CLND065 + CLND066 + CLND067 + CLND068 > 1/3 PET";;"613";"Explotaciones que combinen grandes cultivos y vides"
"(P1 + P2 + P3) > 2/3 PET; P1 <= 2/3 PET; P2 <= 2/3 PET; P3 <= 2/3 PET";"P1 > 1/3 PET; P3 > 1/3 PET; CLND062 + CLND064 + CLND065 + CLND066 + CLND067 + CLND068 <= 1/3 PET";;"614";"Explotaciones que combinen grandes cultivos y cultivos permanentes"
"(P1 + P2 + P3) > 2/3 PET; P1 <= 2/3 PET; P2 <= 2/3 PET; P3 <= 2/3 PET";"P1 > 1/3 PET; P2 <= 1/3 PET; P3 <= 1/3 PET";;"615";"Explotaciones de policultivo con orientación grandes cultivos"
"(P1 + P2 + P3) > 2/3 PET; P1 <= 2/3 PET; P2 <= 2/3 PET; P3 <= 2/3 PET";;;"616";"Explotaciones de otros policultivos"
"P4 + P5 > 2/3 PET; P4 <= 2/3 PET; P5 <= 2/3 PET";"P4 > P5";"P45 > 1/3 GL; CLVS009 + CLVS011 > 1/2 P45";"731";"Explotaciones de poliganadería con orientación lechera"
"P4 + P5 > 2/3 PET; P4 <= 2/3 PET; P5 <= 2/3 PET";"P4 > P5";;"732";"Explotaciones de poliganadería con orientación herbívoros no lecheros"
"P4 + P5 > 2/3 PET; P4 <= 2/3 PET; P5 <= 2/3 PET";"P4 <= P5";"P45 > 1/3 GL; P5 > 1/3 PET; CLVS009 + CLVS011 > 1/2 P45";"741";"Explotaciones de poliganadería: granívoros y bovinos lecheros"
"P4 + P5 > 2/3 PET; P4 <= 2/3 PET; P5 <= 2/3 PET";"P4 <= P5";;"742";"Explotaciones de poliganadería: granívoros y herbívoros no lecheros"
"Explotaciones no incluidas en las clases 151-742 y 999";"P1 > 1/3 PET; P4 > 1/3 PET";"P45 > 1/3 GL; CLVS009 + CLVS011 > 1/2 P45; P45 < P1";"831";"Explotaciones mixtas de grandes cultivos y bovinos lecheros"
"Explotaciones no incluidas en las clases 151-742 y 999";"P1 > 1/3 PET; P4 > 1/3 PET";"P45 > 1/3 GL; CLVS009 + CLVS011 > 1/2 P45; P45 >= P1";"832";"Explotaciones mixtas de bovinos lecheros y grandes cultivos"
"Explotaciones no incluidas en las clases 151-742 y 999";"P1 > 1/3 PET; P4 > 1/3 PET";"P1 > P4; con exclusión de la clase 831";"833";"Explotaciones mixtas grandes cultivos y herbívoros no lecheros"
"Explotaciones no incluidas en las clases 151-742 y 999";"P1 > 1/3 PET; P4 > 1/3 PET";;"834";"Explotaciones mixtas de grandes cultivos y herbívoros"
"Explotaciones no incluidas en las clases 151-742 y 999";"Explotaciones que cumplan la condición C1, con exclusión de las explotaciones de las clases 831, 832, 833 y 834";"P1 > 1/3 PET; P5 > 1/3 PET";"841";"Explotaciones mixtas de grandes cultivos y granívoros"
"Explotaciones no incluidas en las clases 151-742 y 999";"Explotaciones que cumplan la condición C1, con exclusión de las explotaciones de las clases 831, 832, 833 y 834";"P3 > 1/3 PET; P4 > 1/3 PET";"842";"Explotaciones mixtas de cultivos permanentes y herbívoros"
"Explotaciones no incluidas en las clases 151-742 y 999";"Explotaciones que cumplan la condición C1, con exclusión de las explotaciones de las clases 831, 832, 833 y 834";"CLVS030 > 2/3 PET";"843";"Explotaciones apícolas"
"Explotaciones no incluidas en las clases 151-742 y 999";"Explotaciones que cumplan la condición C1, con exclusión de las explotaciones de las clases 831, 832, 833 y 834";;"844";"Explotaciones mixtas de policultivo y poliganadería"
"PET = 0";;;"999";"Explotaciones no clasificadas"
