"Código cultivo SIEX";"Cultivo SIEX";"Asociación de cultivos";"Código CPE";"Categoría del CPE"
"1";"TRIGO BLANDO";"NO";"SOC_CLND004";"Trigo blando y escanda"
"2";"ESPELTA";"NO";"SOC_CLND004";"Trigo blando y escanda"
"3";"TRIGO DURO";"NO";"SOC_CLND005";"Trigo duro"
"4";"MAÍZ";"NO";"SOC_CLND009";"Maíz en grano y mezcla de mazorca de maíz"
"5";"CEBADA";"NO";"SOC_CLND007";"Cebada"
"6";"CENTENO";"NO";"SOC_CLND006";"Centeno y mezclas de cereales de invierno (tranquillón)"
"7";"SORGO";"NO";"SOC_CLND010_011_012";"Triticale, sorgo y otros cereales n.c.o.p. (alforfón, mijo, alpiste, etc.)"
"8";"AVENA";"NO";"SOC_CLND008";"Avena y mezclas de cereales de primavera (mezcla de cereales distintos del tranquillón)"
"9";"ALFORFÓN";"NO";"SOC_CLND010_011_012";"Triticale, sorgo y otros cereales n.c.o.p. (alforfón, mijo, alpiste, etc.)"
"10";"MIJO";"NO";"SOC_CLND010_011_012";"Triticale, sorgo y otros cereales n.c.o.p. (alforfón, mijo, alpiste, etc.)"
"11";"ALPISTE";"NO";"SOC_CLND010_011_012";"Triticale, sorgo y otros cereales n.c.o.p. (alforfón, mijo, alpiste, etc.)"
"12";"TRANQUILLÓN";"NO";"SOC_CLND010_011_012";"Triticale, sorgo y otros cereales n.c.o.p. (alforfón, mijo, alpiste, etc.)"
"13";"TRITICALE";"NO";"SOC_CLND010_011_012";"Triticale, sorgo y otros cereales n.c.o.p. (alforfón, mijo, alpiste, etc.)"
"14";"TRITORDEUM";"NO";"SOC_CLND010_011_012";"Triticale, sorgo y otros cereales n.c.o.p. (alforfón, mijo, alpiste, etc.)"
"19";"TEFF";"NO";"SOC_CLND010_011_012";"Triticale, sorgo y otros cereales n.c.o.p. (alforfón, mijo, alpiste, etc.)"
"20";"BARBECHO TRADICIONAL";"NO";"SOC_CLND049";"Barbecho"
"23";"BARBECHO MEDIOAMBIENTAL";"NO";"SOC_CLND049";"Barbecho"
"33";"GIRASOL";"NO";"SOC_CLND023";"Semillas de girasol"
"34";"SOJA";"NO";"SOC_CLND024";"Soja"
"35";"COLZA";"NO";"SOC_CLND022";"Semillas de colza y nabina"
"36";"CAMELINA";"NO";"SOC_CLND026";"Otros cultivos de semillas oleaginosas n.c.o.p."
"40";"GUISANTE";"NO";"SOC_CLND014";"Leguminosas y proteaginosas secas para la producción de grano (incluidas las semillas y las mezclas de cereales con leguminosas)"
"41";"HABA";"NO";"SOC_CLND014";"Leguminosas y proteaginosas secas para la producción de grano (incluidas las semillas y las mezclas de cereales con leguminosas)"
"43";"ALTRAMUZ BLANCO";"NO";"SOC_CLND014";"Leguminosas y proteaginosas secas para la producción de grano (incluidas las semillas y las mezclas de cereales con leguminosas)"
"49";"ALUBIA";"NO";"SOC_CLND014";"Leguminosas y proteaginosas secas para la producción de grano (incluidas las semillas y las mezclas de cereales con leguminosas)"
"50";"GARBANZO";"NO";"SOC_CLND014";"Leguminosas y proteaginosas secas para la producción de grano (incluidas las semillas y las mezclas de cereales con leguminosas)"
"51";"LENTEJA";"NO";"SOC_CLND014";"Leguminosas y proteaginosas secas para la producción de grano (incluidas las semillas y las mezclas de cereales con leguminosas)"
"52";"VEZA";"NO";"SOC_CLND014";"Leguminosas y proteaginosas secas para la producción de grano (incluidas las semillas y las mezclas de cereales con leguminosas)"
"53";"YEROS";"NO";"SOC_CLND014";"Leguminosas y proteaginosas secas para la producción de grano (incluidas las semillas y las mezclas de cereales con leguminosas)"
"60";"ALFALFA";"NO";"SOC_CLND039";"Leguminosas cosechadas en verde"
"61";"ALHOLVA";"NO";"SOC_CLND039";"Leguminosas cosechadas en verde"
"62";"PASTOS PERMANENTES DE 5 O MÁS AÑOS";"NO";"SOC_CLND051";"Prados permanentes y pastos, excepto los pastos pobres"
"63";"PASTOS DE MENOS DE 5 AÑOS";"NO";"SOC_CLND038";"Pastos y prados temporales"
"67";"ESPARCETA";"NO";"SOC_CLND038";"Pastos y prados temporales"
"68";"FESTUCA";"NO";"SOC_CLND038";"Pastos y prados temporales"
"69";"RAYGRASS PERENNE";"NO";"SOC_CLND038";"Pastos y prados temporales"
"70";"AGROSTIS";"NO";"SOC_CLND038";"Pastos y prados temporales"
"71";"ARRHENATHERUM";"NO";"SOC_CLND038";"Pastos y prados temporales"
"72";"DACTILO";"NO";"SOC_CLND038";"Pastos y prados temporales"
"73";"FLEO";"NO";"SOC_CLND038";"Pastos y prados temporales"
"74";"POA";"NO";"SOC_CLND038";"Pastos y prados temporales"
"76";"ZULLA";"NO";"SOC_CLND038";"Pastos y prados temporales"
"77";"TRÉBOL";"NO";"SOC_CLND038";"Pastos y prados temporales"
"78";"RAYGRASS ANUAL";"NO";"SOC_CLND038";"Pastos y prados temporales"
"80";"ARROZ";"NO";"SOC_CLND013";"Arroz"
"81";"ALGODÓN";"NO";"SOC_CLND030";"Algodón"
"82";"REMOLACHA";"NO";"SOC_CLND018";"Remolacha azucarera (excepto semillas)"
"83";"TABACO";"NO";"SOC_CLND032";"Tabaco"
"84";"LÚPULO";"NO";"SOC_CLND033";"Lúpulo"
"85";"LINO";"NO";"SOC_CLND025";"Lino oleaginoso (linaza)"
"86";"CÁÑAMO";"NO";"SOC_CLND029";"Cáñamo"
"87";"CACAHUETE";"NO";"SOC_CLND026";"Otros cultivos de semillas oleaginosas n.c.o.p."
"88";"CÁRTAMO";"NO";"SOC_CLND026";"Otros cultivos de semillas oleaginosas n.c.o.p."
"89";"CHUFA";"NO";"SOC_CLND026";"Otros cultivos de semillas oleaginosas n.c.o.p."
"90";"REGALIZ";"NO";"SOC_CLND034";"Plantas aromáticas, medicinales y culinarias"
"91";"FLORES";"NO";"SOC_CLND046";"Flores y plantas ornamentales (excepto viveros) - Producidas al aire libre"
"92";"ROMANESCU";"NO";"SOC_CLND044";"Hortalizas frescas (incluidos melones) y fresas - Horticultura comercial"
"96";"ESPECIES AROMÁTICAS HERBÁCEAS";"NO";"SOC_CLND034";"Plantas aromáticas, medicinales y culinarias"
"97";"SETAS";"NO";"SOC_CLND079";"Setas cultivadas"
"99";"PATATA";"NO";"SOC_CLND017";"Patatas (incluidas las patatas de siembra)"
"101";"OLIVO";"NO";"SOC_CLND069";"Aceitunas"
"102";"VIÑA";"NO";"SOC_CLND062";"Uvas"
"104";"ALMENDRO";"NO";"SOC_CLND060";"Frutos de cáscara"
"105";"MELOCOTONERO";"NO";"SOC_CLND057";"Frutas de hueso"
"106";"NECTARINO";"NO";"SOC_CLND057";"Frutas de hueso"
"107";"ALBARICOQUERO";"NO";"SOC_CLND057";"Frutas de hueso"
"108";"PERAL";"NO";"SOC_CLND056";"Frutas de pepita"
"109";"MANZANO";"NO";"SOC_CLND056";"Frutas de pepita"
"110";"CEREZO";"NO";"SOC_CLND057";"Frutas de hueso"
"111";"CIRUELO";"NO";"SOC_CLND057";"Frutas de hueso"
"112";"NOGAL";"NO";"SOC_CLND060";"Frutos de cáscara"
"113";"OTROS FRUTALES";"NO";"SOC_CLND056";"Frutas de pepita"
"117";"CASTAÑO";"NO";"SOC_CLND060";"Frutos de cáscara"
"118";"ESPECIES AROMÁTICAS LEÑOSAS";"NO";"SOC_CLND034";"Plantas aromáticas, medicinales y culinarias"
"119";"VIVERO - PRODUCTOR MVR";"NO";"SOC_CLND070";"Viveros"
"120";"VIÑA - OLIVAR";"SI";"SOC_CLND062";"Uvas"
"120";"VIÑA - OLIVAR";"SI";"SOC_CLND069";"Aceitunas"
"121";"BONIATO";"NO";"SOC_CLND044";"Hortalizas frescas (incluidos melones) y fresas - Horticultura comercial"
"122";"ALGARROBO";"NO";"SOC_CLND060";"Frutos de cáscara"
"123";"AVELLANO";"NO";"SOC_CLND060";"Frutos de cáscara"
"124";"PISTACHO";"NO";"SOC_CLND060";"Frutos de cáscara"
"125";"FRUTOS DE CÁSCARA";"NO";"SOC_CLND060";"Frutos de cáscara"
"138";"ADORMIDERA";"NO";"SOC_CLND026";"Otros cultivos de semillas oleaginosas n.c.o.p."
"139";"HIERBA CINTA";"NO";"SOC_CLND038";"Pastos y prados temporales"
"140";"ABACA ALIAS MANILA";"NO";"SOC_CLND031";"Otros cultivos fibrosos n.c.o.p."
"141";"KENAF";"NO";"SOC_CLND031";"Otros cultivos fibrosos n.c.o.p."
"142";"YUTE";"NO";"SOC_CLND031";"Otros cultivos fibrosos n.c.o.p."
"143";"SISAL";"NO";"SOC_CLND031";"Otros cultivos fibrosos n.c.o.p."
"149";"ZARZAMORA";"NO";"SOC_CLND059";"Bayas (excepto fresas)"
"151";"PUERRO";"NO";"SOC_CLND044";"Hortalizas frescas (incluidos melones) y fresas - Horticultura comercial"
"152";"PIMIENTO";"NO";"SOC_CLND044";"Hortalizas frescas (incluidos melones) y fresas - Horticultura comercial"
"153";"MELÓN";"NO";"SOC_CLND044";"Hortalizas frescas (incluidos melones) y fresas - Horticultura comercial"
"154";"BRÓCOLI";"NO";"SOC_CLND044";"Hortalizas frescas (incluidos melones) y fresas - Horticultura comercial"
"155";"LECHUGA";"NO";"SOC_CLND044";"Hortalizas frescas (incluidos melones) y fresas - Horticultura comercial"
"156";"SANDÍA";"NO";"SOC_CLND044";"Hortalizas frescas (incluidos melones) y fresas - Horticultura comercial"
"157";"CEBOLLA";"NO";"SOC_CLND044";"Hortalizas frescas (incluidos melones) y fresas - Horticultura comercial"
"158";"APIO";"NO";"SOC_CLND044";"Hortalizas frescas (incluidos melones) y fresas - Horticultura comercial"
"159";"COLIRRÁBANO";"NO";"SOC_CLND044";"Hortalizas frescas (incluidos melones) y fresas - Horticultura comercial"
"160";"COLIFLOR";"NO";"SOC_CLND044";"Hortalizas frescas (incluidos melones) y fresas - Horticultura comercial"
"162";"BERENJENA";"NO";"SOC_CLND044";"Hortalizas frescas (incluidos melones) y fresas - Horticultura comercial"
"163";"CALABACÍN";"NO";"SOC_CLND044";"Hortalizas frescas (incluidos melones) y fresas - Horticultura comercial"
"164";"ALCACHOFA";"NO";"SOC_CLND044";"Hortalizas frescas (incluidos melones) y fresas - Horticultura comercial"
"165";"PEPINO";"NO";"SOC_CLND044";"Hortalizas frescas (incluidos melones) y fresas - Horticultura comercial"
"166";"ACELGA";"NO";"SOC_CLND044";"Hortalizas frescas (incluidos melones) y fresas - Horticultura comercial"
"167";"CEBOLLETA";"NO";"SOC_CLND044";"Hortalizas frescas (incluidos melones) y fresas - Horticultura comercial"
"168";"CHALOTA";"NO";"SOC_CLND044";"Hortalizas frescas (incluidos melones) y fresas - Horticultura comercial"
"169";"AJO";"NO";"SOC_CLND044";"Hortalizas frescas (incluidos melones) y fresas - Horticultura comercial"
"171";"CHIRIVÍA";"NO";"SOC_CLND044";"Hortalizas frescas (incluidos melones) y fresas - Horticultura comercial"
"172";"REPOLLO";"NO";"SOC_CLND044";"Hortalizas frescas (incluidos melones) y fresas - Horticultura comercial"
"173";"COL ROJA O LOMBARDA";"NO";"SOC_CLND044";"Hortalizas frescas (incluidos melones) y fresas - Horticultura comercial"
"174";"COL MILÁN O SAVOY";"NO";"SOC_CLND044";"Hortalizas frescas (incluidos melones) y fresas - Horticultura comercial"
"175";"BERZA";"NO";"SOC_CLND044";"Hortalizas frescas (incluidos melones) y fresas - Horticultura comercial"
"176";"COL DE BRUSELAS";"NO";"SOC_CLND044";"Hortalizas frescas (incluidos melones) y fresas - Horticultura comercial"
"177";"ENDIVIA";"NO";"SOC_CLND044";"Hortalizas frescas (incluidos melones) y fresas - Horticultura comercial"
"178";"ZANAHORIA";"NO";"SOC_CLND044";"Hortalizas frescas (incluidos melones) y fresas - Horticultura comercial"
"179";"NABO";"NO";"SOC_CLND044";"Hortalizas frescas (incluidos melones) y fresas - Horticultura comercial"
"181";"ACHICORIA";"NO";"SOC_CLND035_036";"Cultivos energéticos y otros cultivos industriales n.c.o.p."
"182";"GUINDILLA";"NO";"SOC_CLND044";"Hortalizas frescas (incluidos melones) y fresas - Horticultura comercial"
"183";"ESPINACA";"NO";"SOC_CLND044";"Hortalizas frescas (incluidos melones) y fresas - Horticultura comercial"
"184";"CARDO";"NO";"SOC_CLND044";"Hortalizas frescas (incluidos melones) y fresas - Horticultura comercial"
"185";"CALABAZA";"NO";"SOC_CLND044";"Hortalizas frescas (incluidos melones) y fresas - Horticultura comercial"
"186";"CALABAZA DEL PEREGRINO";"NO";"SOC_CLND026";"Otros cultivos de semillas oleaginosas n.c.o.p."
"187";"BORRAJA";"NO";"SOC_CLND044";"Hortalizas frescas (incluidos melones) y fresas - Horticultura comercial"
"189";"ESCAROLA";"NO";"SOC_CLND044";"Hortalizas frescas (incluidos melones) y fresas - Horticultura comercial"
"190";"RÁBANO";"NO";"SOC_CLND044";"Hortalizas frescas (incluidos melones) y fresas - Horticultura comercial"
"191";"BERRO DE AGUA";"NO";"SOC_CLND044";"Hortalizas frescas (incluidos melones) y fresas - Horticultura comercial"
"192";"FRAMBUESA";"NO";"SOC_CLND059";"Bayas (excepto fresas)"
"193";"HUERTA";"NO";"SOC_CLND044";"Hortalizas frescas (incluidos melones) y fresas - Horticultura comercial"
"194";"CHAMPIÑÓN";"NO";"SOC_CLND079";"Setas cultivadas"
"197";"TOMATE";"NO";"SOC_CLND044";"Hortalizas frescas (incluidos melones) y fresas - Horticultura comercial"
"201";"PLATERINA";"NO";"SOC_CLND057";"Frutas de hueso"
"202";"PARAGUAYO";"NO";"SOC_CLND057";"Frutas de hueso"
"203";"ENDRINO o ARAÑÓN";"NO";"SOC_CLND059";"Bayas (excepto fresas)"
"204";"CLEMENTINA";"NO";"SOC_CLND061";"Cítricos"
"205";"SATSUMA";"NO";"SOC_CLND061";"Cítricos"
"206";"NARANJO";"NO";"SOC_CLND061";"Cítricos"
"207";"LIMONERO";"NO";"SOC_CLND061";"Cítricos"
"208";"POMELO O TORONJA";"NO";"SOC_CLND061";"Cítricos"
"209";"MANDARINO";"NO";"SOC_CLND061";"Cítricos"
"210";"MANDARINO HÍBRIDO";"NO";"SOC_CLND061";"Cítricos"
"211";"MEMBRILLO";"NO";"SOC_CLND056";"Frutas de pepita"
"212";"KIWI";"NO";"SOC_CLND058";"Frutas de zonas de clima subtropical y tropical"
"213";"CAQUI o PALOSANTO";"NO";"SOC_CLND058";"Frutas de zonas de clima subtropical y tropical"
"214";"NÍSPERO";"NO";"SOC_CLND056";"Frutas de pepita"
"215";"GROSELLERO";"NO";"SOC_CLND059";"Bayas (excepto fresas)"
"216";"ARÁNDANO";"NO";"SOC_CLND059";"Bayas (excepto fresas)"
"217";"GRANADO";"NO";"SOC_CLND058";"Frutas de zonas de clima subtropical y tropical"
"218";"HIGUERA";"NO";"SOC_CLND058";"Frutas de zonas de clima subtropical y tropical"
"219";"FRESA";"NO";"SOC_CLND044";"Hortalizas frescas (incluidos melones) y fresas - Horticultura comercial"
"220";"CAÑA DE AZÚCAR";"NO";"SOC_CLND035_036";"Cultivos energéticos y otros cultivos industriales n.c.o.p."
"222";"QUINOA";"NO";"SOC_CLND010_011_012";"Triticale, sorgo y otros cereales n.c.o.p. (alforfón, mijo, alpiste, etc.)"
"223";"MISCANTHUS";"NO";"SOC_CLND038";"Pastos y prados temporales"
"226";"OPUNTIA";"NO";"SOC_CLND058";"Frutas de zonas de clima subtropical y tropical"
"236";"CAÑA COMÚN";"NO";"SOC_CLND038";"Pastos y prados temporales"
"238";"ALTRAMUZ AMARILLO";"NO";"SOC_CLND014";"Leguminosas y proteaginosas secas para la producción de grano (incluidas las semillas y las mezclas de cereales con leguminosas)"
"239";"ALMORTA";"NO";"SOC_CLND014";"Leguminosas y proteaginosas secas para la producción de grano (incluidas las semillas y las mezclas de cereales con leguminosas)"
"240";"TITARROS";"NO";"SOC_CLND014";"Leguminosas y proteaginosas secas para la producción de grano (incluidas las semillas y las mezclas de cereales con leguminosas)"
"241";"MEZCLA AVENA-VEZA";"NO";"SOC_CLND038";"Pastos y prados temporales"
"242";"MEZCLA TRITICALE-VEZA";"NO";"SOC_CLND038";"Pastos y prados temporales"
"243";"MEZCLA TRIGO-VEZA";"NO";"SOC_CLND038";"Pastos y prados temporales"
"244";"MEZCLA CEBADA-VEZA";"NO";"SOC_CLND038";"Pastos y prados temporales"
"245";"MEZCLA AVENA-ZULLA";"NO";"SOC_CLND038";"Pastos y prados temporales"
"246";"MEZCLA CEBADA-ZULLA";"NO";"SOC_CLND038";"Pastos y prados temporales"
"247";"CULTIVOS MIXTOS DE ESPECIES PRATENSES";"NO";"SOC_CLND038";"Pastos y prados temporales"
"248";"ALGARROBA";"NO";"SOC_CLND014";"Leguminosas y proteaginosas secas para la producción de grano (incluidas las semillas y las mezclas de cereales con leguminosas)"
"249";"ALVERJA";"NO";"SOC_CLND014";"Leguminosas y proteaginosas secas para la producción de grano (incluidas las semillas y las mezclas de cereales con leguminosas)"
"250";"ALBERJÓN";"NO";"SOC_CLND014";"Leguminosas y proteaginosas secas para la producción de grano (incluidas las semillas y las mezclas de cereales con leguminosas)"
"251";"AJEDREA";"NO";"SOC_CLND034";"Plantas aromáticas, medicinales y culinarias"
"252";"CILANTRO";"NO";"SOC_CLND034";"Plantas aromáticas, medicinales y culinarias"
"253";"ANÍS DULCE";"NO";"SOC_CLND034";"Plantas aromáticas, medicinales y culinarias"
"254";"ENELDO";"NO";"SOC_CLND034";"Plantas aromáticas, medicinales y culinarias"
"256";"VALERIANA";"NO";"SOC_CLND034";"Plantas aromáticas, medicinales y culinarias"
"257";"ARTEMISA";"NO";"SOC_CLND034";"Plantas aromáticas, medicinales y culinarias"
"258";"GENCIANA";"NO";"SOC_CLND034";"Plantas aromáticas, medicinales y culinarias"
"259";"HISOPO";"NO";"SOC_CLND034";"Plantas aromáticas, medicinales y culinarias"
"260";"HINOJO";"NO";"SOC_CLND034";"Plantas aromáticas, medicinales y culinarias"
"261";"PEREJIL";"NO";"SOC_CLND034";"Plantas aromáticas, medicinales y culinarias"
"262";"AZAFRÁN";"NO";"SOC_CLND035_036";"Cultivos energéticos y otros cultivos industriales n.c.o.p."
"263";"TOMILLO";"NO";"SOC_CLND034";"Plantas aromáticas, medicinales y culinarias"
"264";"ALBAHACA";"NO";"SOC_CLND034";"Plantas aromáticas, medicinales y culinarias"
"265";"MELISA O TORONJIL";"NO";"SOC_CLND034";"Plantas aromáticas, medicinales y culinarias"
"266";"MENTA";"NO";"SOC_CLND034";"Plantas aromáticas, medicinales y culinarias"
"267";"ORÉGANO";"NO";"SOC_CLND034";"Plantas aromáticas, medicinales y culinarias"
"268";"SALVIA";"NO";"SOC_CLND034";"Plantas aromáticas, medicinales y culinarias"
"269";"PERIFOLLO";"NO";"SOC_CLND034";"Plantas aromáticas, medicinales y culinarias"
"270";"ESTRAGÓN";"NO";"SOC_CLND034";"Plantas aromáticas, medicinales y culinarias"
"271";"MEJORANA";"NO";"SOC_CLND034";"Plantas aromáticas, medicinales y culinarias"
"272";"CALÉNDULA";"NO";"SOC_CLND034";"Plantas aromáticas, medicinales y culinarias"
"273";"COMINO";"NO";"SOC_CLND034";"Plantas aromáticas, medicinales y culinarias"
"274";"ESTEVIA";"NO";"SOC_CLND034";"Plantas aromáticas, medicinales y culinarias"
"275";"HIPÉRICO";"NO";"SOC_CLND034";"Plantas aromáticas, medicinales y culinarias"
"276";"HIERBABUENA";"NO";"SOC_CLND034";"Plantas aromáticas, medicinales y culinarias"
"277";"VERBENA";"NO";"SOC_CLND034";"Plantas aromáticas, medicinales y culinarias"
"278";"FRUTOS DEL BOSQUE";"NO";"SOC_CLND059";"Bayas (excepto fresas)"
"279";"ESPÁRRAGO";"NO";"SOC_CLND044";"Hortalizas frescas (incluidos melones) y fresas - Horticultura comercial"
"280";"TRUFA";"NO";"SOC_CLND071";"Otros cultivos permanentes"
"281";"LAVANDA";"NO";"SOC_CLND035_036";"Cultivos energéticos y otros cultivos industriales n.c.o.p."
"282";"LAVANDÍN";"NO";"SOC_CLND035_036";"Cultivos energéticos y otros cultivos industriales n.c.o.p."
"283";"ALCAPARRA";"NO";"SOC_CLND071";"Otros cultivos permanentes"
"284";"AJENJO";"NO";"SOC_CLND034";"Plantas aromáticas, medicinales y culinarias"
"285";"ESPLIEGO";"NO";"SOC_CLND034";"Plantas aromáticas, medicinales y culinarias"
"286";"HELICRISO";"NO";"SOC_CLND034";"Plantas aromáticas, medicinales y culinarias"
"287";"HIERBALUISA";"NO";"SOC_CLND034";"Plantas aromáticas, medicinales y culinarias"
"288";"ROMERO";"NO";"SOC_CLND034";"Plantas aromáticas, medicinales y culinarias"
"289";"SANTOLINA";"NO";"SOC_CLND034";"Plantas aromáticas, medicinales y culinarias"
"290";"ALOE VERA";"NO";"SOC_CLND034";"Plantas aromáticas, medicinales y culinarias"
"291";"CAFÉ";"NO";"SOC_CLND035_036";"Cultivos energéticos y otros cultivos industriales n.c.o.p."
"292";"GROSELLERO NEGRO";"NO";"SOC_CLND059";"Bayas (excepto fresas)"
"298";"MEZCLA CEBADA-GUISANTE";"NO";"SOC_CLND014";"Leguminosas y proteaginosas secas para la producción de grano (incluidas las semillas y las mezclas de cereales con leguminosas)"
"299";"MEZCLA AVENA-GUISANTE";"NO";"SOC_CLND014";"Leguminosas y proteaginosas secas para la producción de grano (incluidas las semillas y las mezclas de cereales con leguminosas)"
"304";"COL CHINA";"NO";"SOC_CLND044";"Hortalizas frescas (incluidos melones) y fresas - Horticultura comercial"
"305";"MEZCLA AVENA-TRIGO";"NO";"SOC_CLND008";"Avena y mezclas de cereales de primavera (mezcla de cereales distintos del tranquillón)"
"306";"MEZCLA AVENA-CEBADA";"NO";"SOC_CLND008";"Avena y mezclas de cereales de primavera (mezcla de cereales distintos del tranquillón)"
"307";"MEZCLA AVENA-TRITICALE";"NO";"SOC_CLND008";"Avena y mezclas de cereales de primavera (mezcla de cereales distintos del tranquillón)"
"308";"AGRIMONIA";"NO";"SOC_CLND034";"Plantas aromáticas, medicinales y culinarias"
"309";"BARDANA";"NO";"SOC_CLND034";"Plantas aromáticas, medicinales y culinarias"
"310";"DIENTE DE LEÓN";"NO";"SOC_CLND034";"Plantas aromáticas, medicinales y culinarias"
"311";"ENULA";"NO";"SOC_CLND034";"Plantas aromáticas, medicinales y culinarias"
"312";"EQUINACEA";"NO";"SOC_CLND034";"Plantas aromáticas, medicinales y culinarias"
"313";"GINSENG";"NO";"SOC_CLND034";"Plantas aromáticas, medicinales y culinarias"
"315";"LLANTÉN";"NO";"SOC_CLND034";"Plantas aromáticas, medicinales y culinarias"
"316";"MALVAVISCO";"NO";"SOC_CLND034";"Plantas aromáticas, medicinales y culinarias"
"317";"MANZANILLA AMARGA";"NO";"SOC_CLND034";"Plantas aromáticas, medicinales y culinarias"
"318";"MANZANILLA DULCE";"NO";"SOC_CLND034";"Plantas aromáticas, medicinales y culinarias"
"319";"MILENRAMA";"NO";"SOC_CLND034";"Plantas aromáticas, medicinales y culinarias"
"320";"POLEO";"NO";"SOC_CLND034";"Plantas aromáticas, medicinales y culinarias"
"321";"RÁBANO NEGRO";"NO";"SOC_CLND034";"Plantas aromáticas, medicinales y culinarias"
"322";"ROMPEPIEDRA";"NO";"SOC_CLND034";"Plantas aromáticas, medicinales y culinarias"
"323";"TRAVALERA";"NO";"SOC_CLND034";"Plantas aromáticas, medicinales y culinarias"
"324";"VARA DE ORO";"NO";"SOC_CLND034";"Plantas aromáticas, medicinales y culinarias"
"325";"TRIGO KHORASAN";"NO";"SOC_CLND010_011_012";"Triticale, sorgo y otros cereales n.c.o.p. (alforfón, mijo, alpiste, etc.)"
"326";"MAÍZ DULCE";"NO";"SOC_CLND044";"Hortalizas frescas (incluidos melones) y fresas - Horticultura comercial"
"327";"REMOLACHA DE MESA";"NO";"SOC_CLND045";"Hortalizas frescas (incluidos melones) y fresas - Producidas al aire libre"
"328";"PASTO DEL SUDÁN";"NO";"SOC_CLND038";"Pastos y prados temporales"
"329";"AMARANTO";"NO";"SOC_CLND014";"Leguminosas y proteaginosas secas para la producción de grano (incluidas las semillas y las mezclas de cereales con leguminosas)"
"331";"MORINGA";"NO";"SOC_CLND034";"Plantas aromáticas, medicinales y culinarias"
"332";"MOSTAZA";"NO";"SOC_CLND034";"Plantas aromáticas, medicinales y culinarias"
"333";"PORTAINJERTOS DE VID";"NO";"SOC_CLND070";"Viveros"
"334";"BARBECHO DE BIODIVERSIDAD (INCLUYE MELÍFERAS)";"NO";"SOC_CLND049";"Barbecho"
"335";"CABECERA Y CONTORNOS DE CULTIVO PERMANENTE";"NO";"SOC_CLND071";"Otros cultivos permanentes"
"336";"MEZCLA ALGARROBA-AVENA";"NO";"SOC_CLND038";"Pastos y prados temporales"
"337";"MEZCLA ALGARROBA-CEBADA";"NO";"SOC_CLND038";"Pastos y prados temporales"
"338";"MEZCLA RAYGRASS-VEZA";"NO";"SOC_CLND038";"Pastos y prados temporales"
"339";"MEZCLA AVENA-YEROS";"NO";"SOC_CLND038";"Pastos y prados temporales"
"340";"MEZCLA CEBADA-YEROS";"NO";"SOC_CLND038";"Pastos y prados temporales"
"341";"SILPHIUM";"NO";"SOC_CLND034";"Plantas aromáticas, medicinales y culinarias"
"343";"AGUACATE";"NO";"SOC_CLND058";"Frutas de zonas de clima subtropical y tropical"
"344";"MANGO";"NO";"SOC_CLND058";"Frutas de zonas de clima subtropical y tropical"
"345";"CHIRIMOYO";"NO";"SOC_CLND058";"Frutas de zonas de clima subtropical y tropical"
"346";"PAPAYA";"NO";"SOC_CLND058";"Frutas de zonas de clima subtropical y tropical"
"347";"MORERA";"NO";"SOC_CLND059";"Bayas (excepto fresas)"
"348";"VIÑA - FRUTAL";"SI";"SOC_CLND056";"Frutas de pepita"
"348";"VIÑA - FRUTAL";"SI";"SOC_CLND062";"Uvas"
"349";"OLIVAR - FRUTAL";"SI";"SOC_CLND056";"Frutas de pepita"
"349";"OLIVAR - FRUTAL";"SI";"SOC_CLND069";"Aceitunas"
"351";"CÍTRICOS HÍBRIDOS-CAQUI";"SI";"SOC_CLND058";"Frutas de zonas de clima subtropical y tropical"
"351";"CÍTRICOS HÍBRIDOS-CAQUI";"SI";"SOC_CLND061";"Cítricos"
"352";"NARANJO-AGUACATE";"SI";"SOC_CLND058";"Frutas de zonas de clima subtropical y tropical"
"352";"NARANJO-AGUACATE";"SI";"SOC_CLND061";"Cítricos"
"353";"CEREZO-OLIVAR";"SI";"SOC_CLND057";"Frutas de hueso"
"353";"CEREZO-OLIVAR";"SI";"SOC_CLND069";"Aceitunas"
"354";"CEREZO-ALGARROBO";"SI";"SOC_CLND057";"Frutas de hueso"
"354";"CEREZO-ALGARROBO";"SI";"SOC_CLND060";"Frutos de cáscara"
"355";"RICINO";"NO";"SOC_CLND058";"Frutas de zonas de clima subtropical y tropical"
"356";"NARANJO AMARGO";"NO";"SOC_CLND061";"Cítricos"
"359";"HIERBA DE GUINEA";"NO";"SOC_CLND041_042";"Otros cultivos y cereales (excepto maíz) cosechados en verde n.c.o.p."
"374";"CHÍA";"NO";"SOC_CLND035_036";"Cultivos energéticos y otros cultivos industriales n.c.o.p."
"388";"YUCA";"NO";"SOC_CLND044";"Hortalizas frescas (incluidos melones) y fresas - Horticultura comercial"
"390";"HABONCILLO";"NO";"SOC_CLND014";"Leguminosas y proteaginosas secas para la producción de grano (incluidas las semillas y las mezclas de cereales con leguminosas)"
"392";"MEZCLA ALUBIA-MAÍZ";"NO";"SOC_CLND014";"Leguminosas y proteaginosas secas para la producción de grano (incluidas las semillas y las mezclas de cereales con leguminosas)"
"393";"ESCANDA";"NO";"SOC_CLND004";"Trigo blando y escanda"
"394";"ESCAÑA";"NO";"SOC_CLND004";"Trigo blando y escanda"
"395";"PANIZO";"NO";"SOC_CLND010_011_012";"Triticale, sorgo y otros cereales n.c.o.p. (alforfón, mijo, alpiste, etc.)"
"397";"JUDÍA ESCARLATA";"NO";"SOC_CLND044";"Hortalizas frescas (incluidos melones) y fresas - Horticultura comercial"
"398";"RAMIO";"NO";"SOC_CLND031";"Otros cultivos fibrosos n.c.o.p."
"399";"SÉSAMO";"NO";"SOC_CLND026";"Otros cultivos de semillas oleaginosas n.c.o.p."
"401";"CEBOLLINO";"NO";"SOC_CLND044";"Hortalizas frescas (incluidos melones) y fresas - Horticultura comercial"
"402";"ACEDERILLA";"NO";"SOC_CLND034";"Plantas aromáticas, medicinales y culinarias"
"403";"ANÍS ESTRELLADO";"NO";"SOC_CLND034";"Plantas aromáticas, medicinales y culinarias"
"404";"BOTÓN DE ORO";"NO";"SOC_CLND034";"Plantas aromáticas, medicinales y culinarias"
"405";"AJOWAN";"NO";"SOC_CLND034";"Plantas aromáticas, medicinales y culinarias"
"406";"CHUPAMIELES";"NO";"SOC_CLND034";"Plantas aromáticas, medicinales y culinarias"
"409";"DEDALERA O DIGITAL";"NO";"SOC_CLND034";"Plantas aromáticas, medicinales y culinarias"
"410";"CICUTA";"NO";"SOC_CLND034";"Plantas aromáticas, medicinales y culinarias"
"411";"JABONERA";"NO";"SOC_CLND034";"Plantas aromáticas, medicinales y culinarias"
"412";"MALVA COMÚN";"NO";"SOC_CLND034";"Plantas aromáticas, medicinales y culinarias"
"413";"PULMONARIA";"NO";"SOC_CLND034";"Plantas aromáticas, medicinales y culinarias"
"414";"CARDO DE FULLER";"NO";"SOC_CLND034";"Plantas aromáticas, medicinales y culinarias"
"415";"TÁRTAGO";"NO";"SOC_CLND034";"Plantas aromáticas, medicinales y culinarias"
"416";"PATACA";"NO";"SOC_CLND034";"Plantas aromáticas, medicinales y culinarias"
"417";"CANÓNIGO";"NO";"SOC_CLND044";"Hortalizas frescas (incluidos melones) y fresas - Horticultura comercial"
"418";"ACEDERA";"NO";"SOC_CLND044";"Hortalizas frescas (incluidos melones) y fresas - Horticultura comercial"
"419";"BERRO HORTELANO";"NO";"SOC_CLND044";"Hortalizas frescas (incluidos melones) y fresas - Horticultura comercial"
"420";"RUIBARBO";"NO";"SOC_CLND044";"Hortalizas frescas (incluidos melones) y fresas - Horticultura comercial"
"421";"VERDOLAGA";"NO";"SOC_CLND044";"Hortalizas frescas (incluidos melones) y fresas - Horticultura comercial"
"422";"KIWANO";"NO";"SOC_CLND044";"Hortalizas frescas (incluidos melones) y fresas - Horticultura comercial"
"423";"TOMATILLO";"NO";"SOC_CLND044";"Hortalizas frescas (incluidos melones) y fresas - Horticultura comercial"
"424";"ALCACHOFA CHINA";"NO";"SOC_CLND044";"Hortalizas frescas (incluidos melones) y fresas - Horticultura comercial"
"425";"GALANGA MENOR";"NO";"SOC_CLND034";"Plantas aromáticas, medicinales y culinarias"
"426";"PEREJIL TUBEROSO";"NO";"SOC_CLND034";"Plantas aromáticas, medicinales y culinarias"
"427";"RÁBANO PICANTE";"NO";"SOC_CLND034";"Plantas aromáticas, medicinales y culinarias"
"428";"PHASEOLUS LUNATUS";"NO";"SOC_CLND044";"Hortalizas frescas (incluidos melones) y fresas - Horticultura comercial"
"429";"COLLEJA";"NO";"SOC_CLND044";"Hortalizas frescas (incluidos melones) y fresas - Horticultura comercial"
"430";"BERGAMOTO";"NO";"SOC_CLND061";"Cítricos"
"431";"CIDRO";"NO";"SOC_CLND061";"Cítricos"
"432";"LIMÓN MANDARINA";"NO";"SOC_CLND061";"Cítricos"
"433";"LIMERO DULCE";"NO";"SOC_CLND061";"Cítricos"
"434";"LIMÓN DULCE DEL MEDITERRÁNEO";"NO";"SOC_CLND061";"Cítricos"
"435";"NARANJO MORUNO";"NO";"SOC_CLND061";"Cítricos"
"436";"ACEROLO";"NO";"SOC_CLND056";"Frutas de pepita"
"437";"GUINDO";"NO";"SOC_CLND057";"Frutas de hueso"
"438";"SAÚCO";"NO";"SOC_CLND059";"Bayas (excepto fresas)"
"439";"ESPINO AMARILLO";"NO";"SOC_CLND059";"Bayas (excepto fresas)"
"440";"PITA";"NO";"SOC_CLND035_036";"Cultivos energéticos y otros cultivos industriales n.c.o.p."
"441";"TÉ";"NO";"SOC_CLND034";"Plantas aromáticas, medicinales y culinarias"
"442";"MIMBRERA";"NO";"SOC_CLND031";"Otros cultivos fibrosos n.c.o.p."
"443";"BAMBÚ";"NO";"SOC_CLND031";"Otros cultivos fibrosos n.c.o.p."
"444";"ZUMAQUE";"NO";"SOC_CLND034";"Plantas aromáticas, medicinales y culinarias"
"445";"COL CRESPA";"NO";"SOC_CLND044";"Hortalizas frescas (incluidos melones) y fresas - Horticultura comercial"
"446";"SERRADELLA";"NO";"SOC_CLND039";"Leguminosas cosechadas en verde"
"447";"MEZCLA CEREAL-RAYGRASS";"NO";"SOC_CLND041_042";"Otros cultivos y cereales (excepto maíz) cosechados en verde n.c.o.p."
"448";"MEZCLA AVENA-MAÍZ";"NO";"SOC_CLND041_042";"Otros cultivos y cereales (excepto maíz) cosechados en verde n.c.o.p."
"449";"MEZCLA HABA-VEZA";"NO";"SOC_CLND039";"Leguminosas cosechadas en verde"
"450";"MEZCLA CEBADA-TRIGO";"NO";"SOC_CLND006";"Centeno y mezclas de cereales de invierno (tranquillón)"
"451";"MEZCLA CENTENO-TRIGO";"NO";"SOC_CLND006";"Centeno y mezclas de cereales de invierno (tranquillón)"
"452";"MEZCLA AVENA-MAÍZ-VEZA";"NO";"SOC_CLND041_042";"Otros cultivos y cereales (excepto maíz) cosechados en verde n.c.o.p."
"453";"MEZCLA CEBADA-MAÍZ-VEZA";"NO";"SOC_CLND041_042";"Otros cultivos y cereales (excepto maíz) cosechados en verde n.c.o.p."
"454";"MEZCLA ALTRAMUZ-AVENA";"NO";"SOC_CLND041_042";"Otros cultivos y cereales (excepto maíz) cosechados en verde n.c.o.p."
"455";"MEZCLA AVENA-CENTENO";"NO";"SOC_CLND041_042";"Otros cultivos y cereales (excepto maíz) cosechados en verde n.c.o.p."
"456";"MEZCLA CENTENO-MAÍZ";"NO";"SOC_CLND041_042";"Otros cultivos y cereales (excepto maíz) cosechados en verde n.c.o.p."
"457";"MEZCLA MAÍZ-SORGO";"NO";"SOC_CLND041_042";"Otros cultivos y cereales (excepto maíz) cosechados en verde n.c.o.p."
"458";"MARALFALFA";"NO";"SOC_CLND039";"Leguminosas cosechadas en verde"
"459";"TEDERA";"NO";"SOC_CLND039";"Leguminosas cosechadas en verde"
"460";"CAUPÍ";"NO";"SOC_CLND014";"Leguminosas y proteaginosas secas para la producción de grano (incluidas las semillas y las mezclas de cereales con leguminosas)"
"461";"MELILOTO AMARILLO";"NO";"SOC_CLND014";"Leguminosas y proteaginosas secas para la producción de grano (incluidas las semillas y las mezclas de cereales con leguminosas)"
"462";"OJO DE BUEY";"NO";"SOC_CLND034";"Plantas aromáticas, medicinales y culinarias"
"463";"CHOISUM";"NO";"SOC_CLND044";"Hortalizas frescas (incluidos melones) y fresas - Horticultura comercial"
"464";"BRÓCOLI CHINO";"NO";"SOC_CLND044";"Hortalizas frescas (incluidos melones) y fresas - Horticultura comercial"
"465";"BATATA ACUÁTICA";"NO";"SOC_CLND044";"Hortalizas frescas (incluidos melones) y fresas - Horticultura comercial"
"466";"CEBOLLINO CHINO";"NO";"SOC_CLND044";"Hortalizas frescas (incluidos melones) y fresas - Horticultura comercial"
"467";"LEMONGRASS";"NO";"SOC_CLND034";"Plantas aromáticas, medicinales y culinarias"
"468";"ESPINACA DE MALABAR";"NO";"SOC_CLND044";"Hortalizas frescas (incluidos melones) y fresas - Horticultura comercial"
"469";"LUFFA";"NO";"SOC_CLND031";"Otros cultivos fibrosos n.c.o.p."
"470";"JUDÍA DE EGIPTO";"NO";"SOC_CLND014";"Leguminosas y proteaginosas secas para la producción de grano (incluidas las semillas y las mezclas de cereales con leguminosas)"
"471";"CALABAZA AMARGA";"NO";"SOC_CLND044";"Hortalizas frescas (incluidos melones) y fresas - Horticultura comercial"
"472";"PEPINO CULEBRA";"NO";"SOC_CLND044";"Hortalizas frescas (incluidos melones) y fresas - Horticultura comercial"
"473";"CALABAZA CHINA";"NO";"SOC_CLND044";"Hortalizas frescas (incluidos melones) y fresas - Horticultura comercial"
"474";"AROS EGIPCIOS";"NO";"SOC_CLND034";"Plantas aromáticas, medicinales y culinarias"
"475";"RÁBANO SILVESTRE";"NO";"SOC_CLND044";"Hortalizas frescas (incluidos melones) y fresas - Horticultura comercial"
"477";"SALSIFÍ";"NO";"SOC_CLND044";"Hortalizas frescas (incluidos melones) y fresas - Horticultura comercial"
"478";"COLINABO";"NO";"SOC_CLND044";"Hortalizas frescas (incluidos melones) y fresas - Horticultura comercial"
"479";"ESCORZONERA";"NO";"SOC_CLND044";"Hortalizas frescas (incluidos melones) y fresas - Horticultura comercial"
"480";"BARBAREA";"NO";"SOC_CLND044";"Hortalizas frescas (incluidos melones) y fresas - Horticultura comercial"
"481";"NUEZ DE COLA";"NO";"SOC_CLND058";"Frutas de zonas de clima subtropical y tropical"
"482";"ALTRAMUZ AZUL";"NO";"SOC_CLND014";"Leguminosas y proteaginosas secas para la producción de grano (incluidas las semillas y las mezclas de cereales con leguminosas)"
"483";"VEZA VELLOSA";"NO";"SOC_CLND039";"Leguminosas cosechadas en verde"
"484";"GRELOS";"NO";"SOC_CLND044";"Hortalizas frescas (incluidos melones) y fresas - Horticultura comercial"
"485";"BAYAS DE GOJI";"NO";"SOC_CLND059";"Bayas (excepto fresas)"
"486";"ALVERJA HÚNGARA";"NO";"SOC_CLND014";"Leguminosas y proteaginosas secas para la producción de grano (incluidas las semillas y las mezclas de cereales con leguminosas)"
"487";"CALIFORNIA BLUEBELL";"NO";"SOC_CLND041_042";"Otros cultivos y cereales (excepto maíz) cosechados en verde n.c.o.p."
"488";"BISERRULA";"NO";"SOC_CLND039";"Leguminosas cosechadas en verde"
"489";"GRAMA COMÚN";"NO";"SOC_CLND038";"Pastos y prados temporales"
"490";"MEDICAGO";"NO";"SOC_CLND039";"Leguminosas cosechadas en verde"
"491";"ESPIGUILLA DE BURRO";"NO";"SOC_CLND038";"Pastos y prados temporales"
"492";"AÑIL";"NO";"SOC_CLND034";"Plantas aromáticas, medicinales y culinarias"
"493";"ÍNDIGO CHINO";"NO";"SOC_CLND034";"Plantas aromáticas, medicinales y culinarias"
"494";"VIÑA - HUERTA";"SI";"SOC_CLND044";"Hortalizas frescas (incluidos melones) y fresas - Horticultura comercial"
"494";"VIÑA - HUERTA";"SI";"SOC_CLND062";"Uvas"
"495";"FRUTAL - HUERTA";"SI";"SOC_CLND044";"Hortalizas frescas (incluidos melones) y fresas - Horticultura comercial"
"495";"FRUTAL - HUERTA";"SI";"SOC_CLND056";"Frutas de pepita"
"496";"MEZCLA RAYGRASS-TRÉBOL";"NO";"SOC_CLND041_042";"Otros cultivos y cereales (excepto maíz) cosechados en verde n.c.o.p."
"497";"APIO-RÁBANO";"NO";"SOC_CLND044";"Hortalizas frescas (incluidos melones) y fresas - Horticultura comercial"
"498";"BROCCOLINI";"NO";"SOC_CLND044";"Hortalizas frescas (incluidos melones) y fresas - Horticultura comercial"
"501";"NOGAL PECANO";"NO";"SOC_CLND060";"Frutos de cáscara"
"502";"CALABAZA MOSCADA";"NO";"SOC_CLND044";"Hortalizas frescas (incluidos melones) y fresas - Horticultura comercial"
"503";"NABO SILVESTRE";"NO";"SOC_CLND044";"Hortalizas frescas (incluidos melones) y fresas - Horticultura comercial"
"504";"ALCARAVEA";"NO";"SOC_CLND034";"Plantas aromáticas, medicinales y culinarias"
"505";"PORTAINJERTOS DE CALABAZA";"NO";"SOC_CLND044";"Hortalizas frescas (incluidos melones) y fresas - Horticultura comercial"
"506";"CIRUELO JAPONÉS";"NO";"SOC_CLND057";"Frutas de hueso"
"507";"ACHICORIA DE CAFÉ";"NO";"SOC_CLND035_036";"Cultivos energéticos y otros cultivos industriales n.c.o.p."
"508";"RÁBANO OLEÍFERO";"NO";"SOC_CLND026";"Otros cultivos de semillas oleaginosas n.c.o.p."
"509";"COL TRONCHUDA";"NO";"SOC_CLND044";"Hortalizas frescas (incluidos melones) y fresas - Horticultura comercial"
"510";"TRISETUM FLAVESCENS";"NO";"SOC_CLND038";"Pastos y prados temporales"
"511";"AGROSTIS CANINA";"NO";"SOC_CLND038";"Pastos y prados temporales"
"512";"AGROSTIS CAPILLARIS";"NO";"SOC_CLND038";"Pastos y prados temporales"
"513";"AGROSTIS GIGANTEA";"NO";"SOC_CLND038";"Pastos y prados temporales"
"514";"AGROSTIS STOLONIFERA";"NO";"SOC_CLND038";"Pastos y prados temporales"
"515";"COLA DE ZORRA";"NO";"SOC_CLND038";"Pastos y prados temporales"
"516";"BROMO DE SITKA";"NO";"SOC_CLND038";"Pastos y prados temporales"
"517";"FESTUCA ALTA";"NO";"SOC_CLND038";"Pastos y prados temporales"
"518";"FESTUCA OVINA DE HOJA FINA";"NO";"SOC_CLND038";"Pastos y prados temporales"
"519";"FESTUCA OVINA";"NO";"SOC_CLND038";"Pastos y prados temporales"
"520";"FESTUCA PRATENSE";"NO";"SOC_CLND038";"Pastos y prados temporales"
"521";"FESTUCA ROJA";"NO";"SOC_CLND038";"Pastos y prados temporales"
"522";"FESTUCA DURA";"NO";"SOC_CLND038";"Pastos y prados temporales"
"523";"GALEGA DE ORIENTE";"NO";"SOC_CLND038";"Pastos y prados temporales"
"524";"RAYGRASS ITALIANO";"NO";"SOC_CLND038";"Pastos y prados temporales"
"525";"RAYGRASS WESTERNWORLD";"NO";"SOC_CLND038";"Pastos y prados temporales"
"526";"RAYGRASS HÍBRIDO";"NO";"SOC_CLND038";"Pastos y prados temporales"
"527";"CARRETÓN";"NO";"SOC_CLND039";"Leguminosas cosechadas en verde"
"528";"ALFALFA ITALIANA";"NO";"SOC_CLND039";"Leguminosas cosechadas en verde"
"529";"ALFALFA LITORAL";"NO";"SOC_CLND039";"Leguminosas cosechadas en verde"
"530";"LUPULINA";"NO";"SOC_CLND039";"Leguminosas cosechadas en verde"
"531";"ALFALFA ESPINOSA";"NO";"SOC_CLND039";"Leguminosas cosechadas en verde"
"532";"ALFALFA DE BURRO";"NO";"SOC_CLND039";"Leguminosas cosechadas en verde"
"533";"ALFALFA RUGOSA";"NO";"SOC_CLND039";"Leguminosas cosechadas en verde"
"534";"ALFALFA DE ARENA";"NO";"SOC_CLND039";"Leguminosas cosechadas en verde"
"535";"ALFALFA ESCUDETEADA";"NO";"SOC_CLND039";"Leguminosas cosechadas en verde"
"536";"MEDICAGO TRUNCATULA";"NO";"SOC_CLND039";"Leguminosas cosechadas en verde"
"537";"SERRADELLA AMARILLA";"NO";"SOC_CLND039";"Leguminosas cosechadas en verde"
"538";"FACELIA FORRAJERA";"NO";"SOC_CLND038";"Pastos y prados temporales"
"539";"ALPISTE BULBOSO";"NO";"SOC_CLND038";"Pastos y prados temporales"
"540";"FLEO BULBOSO";"NO";"SOC_CLND038";"Pastos y prados temporales"
"541";"LLANTÉN MENOR";"NO";"SOC_CLND038";"Pastos y prados temporales"
"542";"POA ANNUA";"NO";"SOC_CLND038";"Pastos y prados temporales"
"543";"POA DE LOS BOSQUES";"NO";"SOC_CLND038";"Pastos y prados temporales"
"544";"POA DE LOS PANTANOS";"NO";"SOC_CLND038";"Pastos y prados temporales"
"545";"POA DE LOS PRADOS";"NO";"SOC_CLND038";"Pastos y prados temporales"
"546";"POA COMÚN";"NO";"SOC_CLND038";"Pastos y prados temporales"
"547";"TRÉBOL DE ALEJANDRÍA";"NO";"SOC_CLND039";"Leguminosas cosechadas en verde"
"548";"TRÉBOL FRESERO";"NO";"SOC_CLND039";"Leguminosas cosechadas en verde"
"549";"TRÉBOL GLANDULAR";"NO";"SOC_CLND039";"Leguminosas cosechadas en verde"
"550";"TRÉBOL VELLOSO";"NO";"SOC_CLND039";"Leguminosas cosechadas en verde"
"551";"TRÉBOL HÍBRIDO";"NO";"SOC_CLND039";"Leguminosas cosechadas en verde"
"552";"TRÉBOL ENCARNADO";"NO";"SOC_CLND039";"Leguminosas cosechadas en verde"
"553";"TRÉBOL DE FRUTO ANGOSTO";"NO";"SOC_CLND039";"Leguminosas cosechadas en verde"
"554";"TRÉBOL BALANSA";"NO";"SOC_CLND039";"Leguminosas cosechadas en verde"
"555";"TRÉBOL VIOLETA";"NO";"SOC_CLND039";"Leguminosas cosechadas en verde"
"556";"TRÉBOL BLANCO";"NO";"SOC_CLND039";"Leguminosas cosechadas en verde"
"557";"TRÉBOL PERSA";"NO";"SOC_CLND039";"Leguminosas cosechadas en verde"
"558";"TRÉBOL SQUARROSO";"NO";"SOC_CLND039";"Leguminosas cosechadas en verde"
"559";"TRÉBOL SUBTERRANEO";"NO";"SOC_CLND039";"Leguminosas cosechadas en verde"
"560";"TRÉBOL VESICULOSO";"NO";"SOC_CLND039";"Leguminosas cosechadas en verde"
"561";"CAÑUELA";"NO";"SOC_CLND038";"Pastos y prados temporales"
"562";"ARVEJA ROJA";"NO";"SOC_CLND039";"Leguminosas cosechadas en verde"
"563";"BERENJENA ETÍOPE";"NO";"SOC_CLND044";"Hortalizas frescas (incluidos melones) y fresas - Horticultura comercial"
"564";"HÍBRIDOS DE SOLANUM LYCOPERSICUM Y CHESMANIAE";"NO";"SOC_CLND044";"Hortalizas frescas (incluidos melones) y fresas - Horticultura comercial"
"565";"HÍBRIDOS DE SOLANUM LYCOPERSICUM Y PERUVIANUM";"NO";"SOC_CLND044";"Hortalizas frescas (incluidos melones) y fresas - Horticultura comercial"
"566";"HÍBRIDOS DE SOLANUM LYCOPERSICUM Y PIMPINELLIFOLIUM";"NO";"SOC_CLND044";"Hortalizas frescas (incluidos melones) y fresas - Horticultura comercial"
"567";"HÍBRIDOS DE SOLANUM LYCOPERSICUM Y HABROCHAITES";"NO";"SOC_CLND044";"Hortalizas frescas (incluidos melones) y fresas - Horticultura comercial"
"568";"BERENJENA CIMARRONA";"NO";"SOC_CLND044";"Hortalizas frescas (incluidos melones) y fresas - Horticultura comercial"
"569";"HÍBRIDOS DE SOLANUM MELONGENA Y TORVUM";"NO";"SOC_CLND044";"Hortalizas frescas (incluidos melones) y fresas - Horticultura comercial"
"570";"HÍBRIDOS DE SOLANUM MELONGENA Y AETHIOPICUM";"NO";"SOC_CLND044";"Hortalizas frescas (incluidos melones) y fresas - Horticultura comercial"
"571";"TOMATE DE GALÁPAGOS";"NO";"SOC_CLND044";"Hortalizas frescas (incluidos melones) y fresas - Horticultura comercial"
"572";"TOMATE CIMARRÓN";"NO";"SOC_CLND044";"Hortalizas frescas (incluidos melones) y fresas - Horticultura comercial"
"573";"TOMATE PELUDO";"NO";"SOC_CLND044";"Hortalizas frescas (incluidos melones) y fresas - Horticultura comercial"
"574";"TOMATE SILVESTRE";"NO";"SOC_CLND044";"Hortalizas frescas (incluidos melones) y fresas - Horticultura comercial"
"575";"TRÉBOL GLOMERADO";"NO";"SOC_CLND039";"Leguminosas cosechadas en verde"
"576";"CEBADILLA";"NO";"SOC_CLND038";"Pastos y prados temporales"
"577";"FROMENTAL";"NO";"SOC_CLND038";"Pastos y prados temporales"
"578";"AVENA DESNUDA";"NO";"SOC_CLND038";"Pastos y prados temporales"
"579";"AVENA NEGRA";"NO";"SOC_CLND038";"Pastos y prados temporales"
"580";"MOSTAZA NEGRA";"NO";"SOC_CLND034";"Plantas aromáticas, medicinales y culinarias"
"581";"COL DE JERSEY";"NO";"SOC_CLND044";"Hortalizas frescas (incluidos melones) y fresas - Horticultura comercial"
"582";"HÍBRIDOS DE CUCUMIS MELO";"NO";"SOC_CLND044";"Hortalizas frescas (incluidos melones) y fresas - Horticultura comercial"
"583";"CALABAZA DE CABELLO DE ÁNGEL";"NO";"SOC_CLND044";"Hortalizas frescas (incluidos melones) y fresas - Horticultura comercial"
"584";"RABANITO";"NO";"SOC_CLND044";"Hortalizas frescas (incluidos melones) y fresas - Horticultura comercial"
"585";"MAÍZ PALOMITERO";"NO";"SOC_CLND009";"Maíz en grano y mezcla de mazorca de maíz"
"586";"GROSELLERO ROJO";"NO";"SOC_CLND059";"Bayas (excepto fresas)"
"587";"BRACHYPODIUM";"NO";"SOC_CLND038";"Pastos y prados temporales"
"588";"PHACELIA";"NO";"SOC_CLND038";"Pastos y prados temporales"
"589";"REMOLACHA FORRAJERA";"NO";"SOC_CLND019";"Otros cultivos de raíces n.c.o.p."
"590";"REMOLACHA AZUCARERA";"NO";"SOC_CLND018";"Remolacha azucarera (excepto semillas)"
"591";"RABO DE GATO";"NO";"SOC_CLND039";"Leguminosas cosechadas en verde"
"592";"TRÉBOL ÁSPERO";"NO";"SOC_CLND039";"Leguminosas cosechadas en verde"
"593";"SETA DE CHOPO";"NO";"SOC_CLND079";"Setas cultivadas"
"594";"SHIITAKE";"NO";"SOC_CLND079";"Setas cultivadas"
"595";"SETA DE PIE AZUL";"NO";"SOC_CLND079";"Setas cultivadas"
"596";"SETA DE CARDO";"NO";"SOC_CLND079";"Setas cultivadas"
"597";"SETA DE OSTRA";"NO";"SOC_CLND079";"Setas cultivadas"
"598";"HONGO PULMÓN";"NO";"SOC_CLND079";"Setas cultivadas"
"599";"ALGODÓN AMERICANO";"NO";"SOC_CLND030";"Algodón"
"601";"ALGODÓN EGIPCIO";"NO";"SOC_CLND030";"Algodón"
"602";"HÍBRIDOS DE GOSSYPIUM HIRSUTUM Y BARBADENSE";"NO";"SOC_CLND030";"Algodón"
"603";"KIWIÑO";"NO";"SOC_CLND058";"Frutas de zonas de clima subtropical y tropical"
"604";"KIWI AMARILLO";"NO";"SOC_CLND058";"Frutas de zonas de clima subtropical y tropical"
"605";"ACTINIDIA";"NO";"SOC_CLND058";"Frutas de zonas de clima subtropical y tropical"
"606";"KIWI ENANO";"NO";"SOC_CLND058";"Frutas de zonas de clima subtropical y tropical"
"607";"ACTINIDIA VALVATA";"NO";"SOC_CLND058";"Frutas de zonas de clima subtropical y tropical"
"608";"HÍBRIDOS DE ACTINIDIA CHINENSIS Y ARGUTA";"NO";"SOC_CLND058";"Frutas de zonas de clima subtropical y tropical"
"609";"CASTANEA";"NO";"SOC_CLND060";"Frutos de cáscara"
"610";"HÍBRIDOS DE CASTANEA CRENATA Y SATIVA";"NO";"SOC_CLND060";"Frutos de cáscara"
"611";"CASTAÑO JAPONES";"NO";"SOC_CLND060";"Frutos de cáscara"
"612";"HÍBRIDOS DE FRAGARIA IINUMAE Y VESCA";"NO";"SOC_CLND044";"Hortalizas frescas (incluidos melones) y fresas - Horticultura comercial"
"613";"HÍBRIDOS DE JUGLANS MAYOR Y REGIA";"NO";"SOC_CLND060";"Frutos de cáscara"
"614";"ACELGA BRAVA";"NO";"SOC_CLND044";"Hortalizas frescas (incluidos melones) y fresas - Horticultura comercial"
"617";"TRUFA DEL DESIERTO";"NO";"SOC_CLND079";"Setas cultivadas"
"623";"MOSTAZA SILVESTRE";"NO";"SOC_CLND034";"Plantas aromáticas, medicinales y culinarias"
"626";"JUDÍA ESPÁRRAGO";"NO";"SOC_CLND044";"Hortalizas frescas (incluidos melones) y fresas - Horticultura comercial"
"652";"BLEDO VERDE";"NO";"SOC_CLND014";"Leguminosas y proteaginosas secas para la producción de grano (incluidas las semillas y las mezclas de cereales con leguminosas)"
"653";"BLEDO COMÚN";"NO";"SOC_CLND014";"Leguminosas y proteaginosas secas para la producción de grano (incluidas las semillas y las mezclas de cereales con leguminosas)"
"654";"MOCO DE PAVO";"NO";"SOC_CLND014";"Leguminosas y proteaginosas secas para la producción de grano (incluidas las semillas y las mezclas de cereales con leguminosas)"
"655";"AMARANTO ROJO";"NO";"SOC_CLND014";"Leguminosas y proteaginosas secas para la producción de grano (incluidas las semillas y las mezclas de cereales con leguminosas)"
"659";"CLAVEL";"NO";"SOC_CLND046";"Flores y plantas ornamentales (excepto viveros) - Producidas al aire libre"
"660";"ROSA";"NO";"SOC_CLND046";"Flores y plantas ornamentales (excepto viveros) - Producidas al aire libre"
"661";"ANTHURIUM";"NO";"SOC_CLND046";"Flores y plantas ornamentales (excepto viveros) - Producidas al aire libre"
"662";"ASTER";"NO";"SOC_CLND046";"Flores y plantas ornamentales (excepto viveros) - Producidas al aire libre"
"663";"CATTLEYA";"NO";"SOC_CLND046";"Flores y plantas ornamentales (excepto viveros) - Producidas al aire libre"
"664";"FREESIA";"NO";"SOC_CLND046";"Flores y plantas ornamentales (excepto viveros) - Producidas al aire libre"
"665";"GERBERA";"NO";"SOC_CLND046";"Flores y plantas ornamentales (excepto viveros) - Producidas al aire libre"
"666";"GYPSOPHILA";"NO";"SOC_CLND046";"Flores y plantas ornamentales (excepto viveros) - Producidas al aire libre"
"667";"IRIS";"NO";"SOC_CLND046";"Flores y plantas ornamentales (excepto viveros) - Producidas al aire libre"
"668";"LIRIO DE PASCUA";"NO";"SOC_CLND046";"Flores y plantas ornamentales (excepto viveros) - Producidas al aire libre"
"669";"PROTEA";"NO";"SOC_CLND046";"Flores y plantas ornamentales (excepto viveros) - Producidas al aire libre"
"670";"SOLIDASTER";"NO";"SOC_CLND046";"Flores y plantas ornamentales (excepto viveros) - Producidas al aire libre"
"671";"SOLIDAGO";"NO";"SOC_CLND046";"Flores y plantas ornamentales (excepto viveros) - Producidas al aire libre"
"672";"SIEMPREVIVA AZUL";"NO";"SOC_CLND046";"Flores y plantas ornamentales (excepto viveros) - Producidas al aire libre"
"673";"AVE DEL PARAÍSO";"NO";"SOC_CLND046";"Flores y plantas ornamentales (excepto viveros) - Producidas al aire libre"
"674";"CLAVEL CHINO";"NO";"SOC_CLND046";"Flores y plantas ornamentales (excepto viveros) - Producidas al aire libre"
"675";"CLAVEL DEL POETA";"NO";"SOC_CLND046";"Flores y plantas ornamentales (excepto viveros) - Producidas al aire libre"
"676";"ADENANTHOS";"NO";"SOC_CLND046";"Flores y plantas ornamentales (excepto viveros) - Producidas al aire libre"
"677";"AGAPANTHUS";"NO";"SOC_CLND046";"Flores y plantas ornamentales (excepto viveros) - Producidas al aire libre"
"678";"ALOCASIA";"NO";"SOC_CLND046";"Flores y plantas ornamentales (excepto viveros) - Producidas al aire libre"
"679";"ALOE";"NO";"SOC_CLND046";"Flores y plantas ornamentales (excepto viveros) - Producidas al aire libre"
"680";"ALTHERNANTERA";"NO";"SOC_CLND046";"Flores y plantas ornamentales (excepto viveros) - Producidas al aire libre"
"681";"ALYOGYNE";"NO";"SOC_CLND046";"Flores y plantas ornamentales (excepto viveros) - Producidas al aire libre"
"682";"ALYSSUM";"NO";"SOC_CLND046";"Flores y plantas ornamentales (excepto viveros) - Producidas al aire libre"
"683";"ANIGOZANTHOS";"NO";"SOC_CLND046";"Flores y plantas ornamentales (excepto viveros) - Producidas al aire libre"
"684";"AQUILEGIA";"NO";"SOC_CLND046";"Flores y plantas ornamentales (excepto viveros) - Producidas al aire libre"
"685";"ARAUCARIA";"NO";"SOC_CLND046";"Flores y plantas ornamentales (excepto viveros) - Producidas al aire libre"
"686";"ARCTOTIS";"NO";"SOC_CLND046";"Flores y plantas ornamentales (excepto viveros) - Producidas al aire libre"
"687";"ARECA";"NO";"SOC_CLND046";"Flores y plantas ornamentales (excepto viveros) - Producidas al aire libre"
"688";"ARGYRANTEMUM";"NO";"SOC_CLND046";"Flores y plantas ornamentales (excepto viveros) - Producidas al aire libre"
"689";"ARMERIA";"NO";"SOC_CLND046";"Flores y plantas ornamentales (excepto viveros) - Producidas al aire libre"
"690";"ASPLENIUM";"NO";"SOC_CLND046";"Flores y plantas ornamentales (excepto viveros) - Producidas al aire libre"
"691";"ALSTROEMERIA";"NO";"SOC_CLND046";"Flores y plantas ornamentales (excepto viveros) - Producidas al aire libre"
"692";"ANTIRRHINUM";"NO";"SOC_CLND046";"Flores y plantas ornamentales (excepto viveros) - Producidas al aire libre"
"693";"RHODODENDRON";"NO";"SOC_CLND046";"Flores y plantas ornamentales (excepto viveros) - Producidas al aire libre"
"694";"BEGONIA";"NO";"SOC_CLND046";"Flores y plantas ornamentales (excepto viveros) - Producidas al aire libre"
"695";"BEGONIA ELIATOR";"NO";"SOC_CLND046";"Flores y plantas ornamentales (excepto viveros) - Producidas al aire libre"
"696";"BEGONIA SEMPERFLORENS";"NO";"SOC_CLND046";"Flores y plantas ornamentales (excepto viveros) - Producidas al aire libre"
"697";"BELLIS";"NO";"SOC_CLND046";"Flores y plantas ornamentales (excepto viveros) - Producidas al aire libre"
"698";"BEAUCARNEA";"NO";"SOC_CLND046";"Flores y plantas ornamentales (excepto viveros) - Producidas al aire libre"
"699";"BIGNONIA";"NO";"SOC_CLND046";"Flores y plantas ornamentales (excepto viveros) - Producidas al aire libre"
"701";"BORONIA";"NO";"SOC_CLND046";"Flores y plantas ornamentales (excepto viveros) - Producidas al aire libre"
"702";"BULBINE";"NO";"SOC_CLND046";"Flores y plantas ornamentales (excepto viveros) - Producidas al aire libre"
"703";"CAESALPINIA";"NO";"SOC_CLND046";"Flores y plantas ornamentales (excepto viveros) - Producidas al aire libre"
"704";"CALCEOLARIA";"NO";"SOC_CLND046";"Flores y plantas ornamentales (excepto viveros) - Producidas al aire libre"
"705";"CALIBRACHOA";"NO";"SOC_CLND046";"Flores y plantas ornamentales (excepto viveros) - Producidas al aire libre"
"706";"CALLA";"NO";"SOC_CLND046";"Flores y plantas ornamentales (excepto viveros) - Producidas al aire libre"
"707";"CALLISTEMON";"NO";"SOC_CLND046";"Flores y plantas ornamentales (excepto viveros) - Producidas al aire libre"
"708";"CAMELLIA";"NO";"SOC_CLND046";"Flores y plantas ornamentales (excepto viveros) - Producidas al aire libre"
"709";"CANNA";"NO";"SOC_CLND046";"Flores y plantas ornamentales (excepto viveros) - Producidas al aire libre"
"710";"CAREX";"NO";"SOC_CLND046";"Flores y plantas ornamentales (excepto viveros) - Producidas al aire libre"
"711";"CARISSA";"NO";"SOC_CLND046";"Flores y plantas ornamentales (excepto viveros) - Producidas al aire libre"
"712";"CEREZA DE NATAL";"NO";"SOC_CLND046";"Flores y plantas ornamentales (excepto viveros) - Producidas al aire libre"
"713";"CASSIA";"NO";"SOC_CLND046";"Flores y plantas ornamentales (excepto viveros) - Producidas al aire libre"
"714";"CEANOTHUS";"NO";"SOC_CLND046";"Flores y plantas ornamentales (excepto viveros) - Producidas al aire libre"
"715";"CERATONIA";"NO";"SOC_CLND046";"Flores y plantas ornamentales (excepto viveros) - Producidas al aire libre"
"716";"CESTRUM";"NO";"SOC_CLND046";"Flores y plantas ornamentales (excepto viveros) - Producidas al aire libre"
"717";"CYCAS";"NO";"SOC_CLND046";"Flores y plantas ornamentales (excepto viveros) - Producidas al aire libre"
"718";"CINERARIA";"NO";"SOC_CLND046";"Flores y plantas ornamentales (excepto viveros) - Producidas al aire libre"
"719";"CLIVIA";"NO";"SOC_CLND046";"Flores y plantas ornamentales (excepto viveros) - Producidas al aire libre"
"720";"CODIAEUM";"NO";"SOC_CLND046";"Flores y plantas ornamentales (excepto viveros) - Producidas al aire libre"
"721";"CÓLEO";"NO";"SOC_CLND046";"Flores y plantas ornamentales (excepto viveros) - Producidas al aire libre"
"722";"CONVOLVULUS";"NO";"SOC_CLND046";"Flores y plantas ornamentales (excepto viveros) - Producidas al aire libre"
"723";"COPROSMA";"NO";"SOC_CLND046";"Flores y plantas ornamentales (excepto viveros) - Producidas al aire libre"
"724";"CORDYLINE";"NO";"SOC_CLND046";"Flores y plantas ornamentales (excepto viveros) - Producidas al aire libre"
"725";"CORREA";"NO";"SOC_CLND046";"Flores y plantas ornamentales (excepto viveros) - Producidas al aire libre"
"726";"CRASSULA";"NO";"SOC_CLND046";"Flores y plantas ornamentales (excepto viveros) - Producidas al aire libre"
"727";"CYPERUS";"NO";"SOC_CLND046";"Flores y plantas ornamentales (excepto viveros) - Producidas al aire libre"
"728";"DAHLIA";"NO";"SOC_CLND046";"Flores y plantas ornamentales (excepto viveros) - Producidas al aire libre"
"729";"DAPHNE";"NO";"SOC_CLND046";"Flores y plantas ornamentales (excepto viveros) - Producidas al aire libre"
"730";"DASYLIRION";"NO";"SOC_CLND046";"Flores y plantas ornamentales (excepto viveros) - Producidas al aire libre"
"731";"DELOSPERMA";"NO";"SOC_CLND046";"Flores y plantas ornamentales (excepto viveros) - Producidas al aire libre"
"732";"DIANELLA";"NO";"SOC_CLND046";"Flores y plantas ornamentales (excepto viveros) - Producidas al aire libre"
"733";"DIMORPHOTHECA";"NO";"SOC_CLND046";"Flores y plantas ornamentales (excepto viveros) - Producidas al aire libre"
"734";"DIOSMA";"NO";"SOC_CLND046";"Flores y plantas ornamentales (excepto viveros) - Producidas al aire libre"
"735";"DODONAEA";"NO";"SOC_CLND046";"Flores y plantas ornamentales (excepto viveros) - Producidas al aire libre"
"736";"DRACAENA";"NO";"SOC_CLND046";"Flores y plantas ornamentales (excepto viveros) - Producidas al aire libre"
"737";"BOCA DE DRAGÓN";"NO";"SOC_CLND046";"Flores y plantas ornamentales (excepto viveros) - Producidas al aire libre"
"738";"DURANTA";"NO";"SOC_CLND046";"Flores y plantas ornamentales (excepto viveros) - Producidas al aire libre"
"739";"ECHIUM";"NO";"SOC_CLND046";"Flores y plantas ornamentales (excepto viveros) - Producidas al aire libre"
"740";"EPIPREMNUM";"NO";"SOC_CLND046";"Flores y plantas ornamentales (excepto viveros) - Producidas al aire libre"
"741";"EREMOPHILA";"NO";"SOC_CLND046";"Flores y plantas ornamentales (excepto viveros) - Producidas al aire libre"
"742";"ERIOSTEMON";"NO";"SOC_CLND046";"Flores y plantas ornamentales (excepto viveros) - Producidas al aire libre"
"743";"EUONYMUS";"NO";"SOC_CLND046";"Flores y plantas ornamentales (excepto viveros) - Producidas al aire libre"
"744";"EUPHORBIA";"NO";"SOC_CLND046";"Flores y plantas ornamentales (excepto viveros) - Producidas al aire libre"
"745";"FARFUGIUM";"NO";"SOC_CLND046";"Flores y plantas ornamentales (excepto viveros) - Producidas al aire libre"
"746";"FICUS";"NO";"SOC_CLND046";"Flores y plantas ornamentales (excepto viveros) - Producidas al aire libre"
"747";"FLOR DE CERA";"NO";"SOC_CLND046";"Flores y plantas ornamentales (excepto viveros) - Producidas al aire libre"
"748";"FLOR DE PAPEL";"NO";"SOC_CLND046";"Flores y plantas ornamentales (excepto viveros) - Producidas al aire libre"
"749";"FUCHSIA";"NO";"SOC_CLND046";"Flores y plantas ornamentales (excepto viveros) - Producidas al aire libre"
"751";"GALVEZIA";"NO";"SOC_CLND046";"Flores y plantas ornamentales (excepto viveros) - Producidas al aire libre"
"752";"GARDENIA";"NO";"SOC_CLND046";"Flores y plantas ornamentales (excepto viveros) - Producidas al aire libre"
"753";"GAURA";"NO";"SOC_CLND046";"Flores y plantas ornamentales (excepto viveros) - Producidas al aire libre"
"754";"GAZANIA";"NO";"SOC_CLND046";"Flores y plantas ornamentales (excepto viveros) - Producidas al aire libre"
"755";"GITANILLA";"NO";"SOC_CLND046";"Flores y plantas ornamentales (excepto viveros) - Producidas al aire libre"
"756";"HALIMIUM";"NO";"SOC_CLND046";"Flores y plantas ornamentales (excepto viveros) - Producidas al aire libre"
"757";"HEBE";"NO";"SOC_CLND046";"Flores y plantas ornamentales (excepto viveros) - Producidas al aire libre"
"758";"HEDYCHIUM";"NO";"SOC_CLND046";"Flores y plantas ornamentales (excepto viveros) - Producidas al aire libre"
"759";"HORTENSIA";"NO";"SOC_CLND046";"Flores y plantas ornamentales (excepto viveros) - Producidas al aire libre"
"760";"JACOBINIA";"NO";"SOC_CLND046";"Flores y plantas ornamentales (excepto viveros) - Producidas al aire libre"
"761";"JAZMIN ESTRELLADO";"NO";"SOC_CLND046";"Flores y plantas ornamentales (excepto viveros) - Producidas al aire libre"
"762";"JAZMIN CHINO";"NO";"SOC_CLND046";"Flores y plantas ornamentales (excepto viveros) - Producidas al aire libre"
"763";"KALANCHOE";"NO";"SOC_CLND046";"Flores y plantas ornamentales (excepto viveros) - Producidas al aire libre"
"764";"KENTIA";"NO";"SOC_CLND046";"Flores y plantas ornamentales (excepto viveros) - Producidas al aire libre"
"765";"LANTANA";"NO";"SOC_CLND046";"Flores y plantas ornamentales (excepto viveros) - Producidas al aire libre"
"766";"LEPTOSPERMUM";"NO";"SOC_CLND046";"Flores y plantas ornamentales (excepto viveros) - Producidas al aire libre"
"767";"LEWISIA";"NO";"SOC_CLND046";"Flores y plantas ornamentales (excepto viveros) - Producidas al aire libre"
"768";"LIMONIASTRUM";"NO";"SOC_CLND046";"Flores y plantas ornamentales (excepto viveros) - Producidas al aire libre"
"769";"FALSO JAZMÍN";"NO";"SOC_CLND046";"Flores y plantas ornamentales (excepto viveros) - Producidas al aire libre"
"770";"LOBELIA";"NO";"SOC_CLND046";"Flores y plantas ornamentales (excepto viveros) - Producidas al aire libre"
"771";"LOBULARIA";"NO";"SOC_CLND046";"Flores y plantas ornamentales (excepto viveros) - Producidas al aire libre"
"772";"MAGNOLIA";"NO";"SOC_CLND046";"Flores y plantas ornamentales (excepto viveros) - Producidas al aire libre"
"773";"MYRSINE";"NO";"SOC_CLND046";"Flores y plantas ornamentales (excepto viveros) - Producidas al aire libre"
"774";"MYRTUS";"NO";"SOC_CLND046";"Flores y plantas ornamentales (excepto viveros) - Producidas al aire libre"
"775";"MUEHLENBECKIA";"NO";"SOC_CLND046";"Flores y plantas ornamentales (excepto viveros) - Producidas al aire libre"
"776";"MUSA";"NO";"SOC_CLND046";"Flores y plantas ornamentales (excepto viveros) - Producidas al aire libre"
"777";"NEPHROLEPIS";"NO";"SOC_CLND046";"Flores y plantas ornamentales (excepto viveros) - Producidas al aire libre"
"778";"FEIJOA";"NO";"SOC_CLND046";"Flores y plantas ornamentales (excepto viveros) - Producidas al aire libre"
"779";"NERIUM";"NO";"SOC_CLND046";"Flores y plantas ornamentales (excepto viveros) - Producidas al aire libre"
"780";"PATA DE ELEFANTE";"NO";"SOC_CLND046";"Flores y plantas ornamentales (excepto viveros) - Producidas al aire libre"
"781";"OPERCULINA";"NO";"SOC_CLND046";"Flores y plantas ornamentales (excepto viveros) - Producidas al aire libre"
"782";"OZOTHAMNUS";"NO";"SOC_CLND046";"Flores y plantas ornamentales (excepto viveros) - Producidas al aire libre"
"783";"PACHIRA";"NO";"SOC_CLND046";"Flores y plantas ornamentales (excepto viveros) - Producidas al aire libre"
"784";"PAPIRO EGIPCIO";"NO";"SOC_CLND046";"Flores y plantas ornamentales (excepto viveros) - Producidas al aire libre"
"785";"PASSIFLORA";"NO";"SOC_CLND046";"Flores y plantas ornamentales (excepto viveros) - Producidas al aire libre"
"786";"PELARGONIUM";"NO";"SOC_CLND046";"Flores y plantas ornamentales (excepto viveros) - Producidas al aire libre"
"787";"PEROVSKIA";"NO";"SOC_CLND046";"Flores y plantas ornamentales (excepto viveros) - Producidas al aire libre"
"788";"PETUNIA";"NO";"SOC_CLND046";"Flores y plantas ornamentales (excepto viveros) - Producidas al aire libre"
"789";"PHILODENDRON";"NO";"SOC_CLND046";"Flores y plantas ornamentales (excepto viveros) - Producidas al aire libre"
"790";"PIERIS";"NO";"SOC_CLND046";"Flores y plantas ornamentales (excepto viveros) - Producidas al aire libre"
"791";"PIMELEA";"NO";"SOC_CLND046";"Flores y plantas ornamentales (excepto viveros) - Producidas al aire libre"
"792";"RHAPHIOLEPIS";"NO";"SOC_CLND046";"Flores y plantas ornamentales (excepto viveros) - Producidas al aire libre"
"793";"PLUMBAGO";"NO";"SOC_CLND046";"Flores y plantas ornamentales (excepto viveros) - Producidas al aire libre"
"794";"PLUMERIA";"NO";"SOC_CLND046";"Flores y plantas ornamentales (excepto viveros) - Producidas al aire libre"
"795";"POLÍGALA";"NO";"SOC_CLND046";"Flores y plantas ornamentales (excepto viveros) - Producidas al aire libre"
"796";"PORTULACA";"NO";"SOC_CLND046";"Flores y plantas ornamentales (excepto viveros) - Producidas al aire libre"
"797";"PHORMIUM";"NO";"SOC_CLND046";"Flores y plantas ornamentales (excepto viveros) - Producidas al aire libre"
"798";"PRÍMULA";"NO";"SOC_CLND046";"Flores y plantas ornamentales (excepto viveros) - Producidas al aire libre"
"799";"SIDA FALLAX";"NO";"SOC_CLND046";"Flores y plantas ornamentales (excepto viveros) - Producidas al aire libre"
"801";"QUISQUALIS";"NO";"SOC_CLND046";"Flores y plantas ornamentales (excepto viveros) - Producidas al aire libre"
"802";"RHAPIS";"NO";"SOC_CLND046";"Flores y plantas ornamentales (excepto viveros) - Producidas al aire libre"
"803";"PALMA DE VIAJERO";"NO";"SOC_CLND046";"Flores y plantas ornamentales (excepto viveros) - Producidas al aire libre"
"804";"RUSSELIA";"NO";"SOC_CLND046";"Flores y plantas ornamentales (excepto viveros) - Producidas al aire libre"
"805";"SANSEVIERIA";"NO";"SOC_CLND046";"Flores y plantas ornamentales (excepto viveros) - Producidas al aire libre"
"806";"SARCOPOTERIUM";"NO";"SOC_CLND046";"Flores y plantas ornamentales (excepto viveros) - Producidas al aire libre"
"807";"SCHEFFLERA";"NO";"SOC_CLND046";"Flores y plantas ornamentales (excepto viveros) - Producidas al aire libre"
"808";"SPATHIPHYLLUM";"NO";"SOC_CLND046";"Flores y plantas ornamentales (excepto viveros) - Producidas al aire libre"
"809";"STEPHANOTIS";"NO";"SOC_CLND046";"Flores y plantas ornamentales (excepto viveros) - Producidas al aire libre"
"810";"STIPA";"NO";"SOC_CLND046";"Flores y plantas ornamentales (excepto viveros) - Producidas al aire libre"
"811";"SYNGONIUM";"NO";"SOC_CLND046";"Flores y plantas ornamentales (excepto viveros) - Producidas al aire libre"
"812";"TEUCRIUM";"NO";"SOC_CLND046";"Flores y plantas ornamentales (excepto viveros) - Producidas al aire libre"
"813";"THUJA";"NO";"SOC_CLND046";"Flores y plantas ornamentales (excepto viveros) - Producidas al aire libre"
"814";"TRACHELOSPERMUM";"NO";"SOC_CLND046";"Flores y plantas ornamentales (excepto viveros) - Producidas al aire libre"
"815";"TULBAGHIA";"NO";"SOC_CLND046";"Flores y plantas ornamentales (excepto viveros) - Producidas al aire libre"
"816";"VINCA";"NO";"SOC_CLND046";"Flores y plantas ornamentales (excepto viveros) - Producidas al aire libre"
"817";"VITEX";"NO";"SOC_CLND046";"Flores y plantas ornamentales (excepto viveros) - Producidas al aire libre"
"818";"VIBURNUM";"NO";"SOC_CLND046";"Flores y plantas ornamentales (excepto viveros) - Producidas al aire libre"
"819";"WESTRINGIA";"NO";"SOC_CLND046";"Flores y plantas ornamentales (excepto viveros) - Producidas al aire libre"
"820";"YUCCA";"NO";"SOC_CLND046";"Flores y plantas ornamentales (excepto viveros) - Producidas al aire libre"
"821";"METROSIDEROS";"NO";"SOC_CLND046";"Flores y plantas ornamentales (excepto viveros) - Producidas al aire libre"
"823";"EPHEDRA";"NO";"SOC_CLND046";"Flores y plantas ornamentales (excepto viveros) - Producidas al aire libre"
"838";"CHAENOMELES";"NO";"SOC_CLND046";"Flores y plantas ornamentales (excepto viveros) - Producidas al aire libre"
"839";"PYRACANTHA";"NO";"SOC_CLND046";"Flores y plantas ornamentales (excepto viveros) - Producidas al aire libre"
"840";"COTONEASTER";"NO";"SOC_CLND046";"Flores y plantas ornamentales (excepto viveros) - Producidas al aire libre"
"841";"AMELANCHIER";"NO";"SOC_CLND046";"Flores y plantas ornamentales (excepto viveros) - Producidas al aire libre"
"842";"ESPINO ALBAR";"NO";"SOC_CLND046";"Flores y plantas ornamentales (excepto viveros) - Producidas al aire libre"
"843";"NÍSPERO EUROPEO";"NO";"SOC_CLND046";"Flores y plantas ornamentales (excepto viveros) - Producidas al aire libre"
"844";"ÁRBOL DEL PARAÍSO";"NO";"SOC_CLND046";"Flores y plantas ornamentales (excepto viveros) - Producidas al aire libre"
"845";"LIGUSTRUM";"NO";"SOC_CLND046";"Flores y plantas ornamentales (excepto viveros) - Producidas al aire libre"
"846";"LILO";"NO";"SOC_CLND046";"Flores y plantas ornamentales (excepto viveros) - Producidas al aire libre"
"847";"LABIÉRNAGO";"NO";"SOC_CLND046";"Flores y plantas ornamentales (excepto viveros) - Producidas al aire libre"
"848";"JASMINUM";"NO";"SOC_CLND046";"Flores y plantas ornamentales (excepto viveros) - Producidas al aire libre"
"849";"CINAMOMO";"NO";"SOC_CLND046";"Flores y plantas ornamentales (excepto viveros) - Producidas al aire libre"
"851";"TAMARIX";"NO";"SOC_CLND046";"Flores y plantas ornamentales (excepto viveros) - Producidas al aire libre"
"852";"RHAMNUS";"NO";"SOC_CLND046";"Flores y plantas ornamentales (excepto viveros) - Producidas al aire libre"
"853";"HEDERA";"NO";"SOC_CLND046";"Flores y plantas ornamentales (excepto viveros) - Producidas al aire libre"
"854";"CORNICABRA";"NO";"SOC_CLND046";"Flores y plantas ornamentales (excepto viveros) - Producidas al aire libre"
"855";"ÁRBOL DE LAS PELUCAS";"NO";"SOC_CLND046";"Flores y plantas ornamentales (excepto viveros) - Producidas al aire libre"
"857";"BUXUS";"NO";"SOC_CLND046";"Flores y plantas ornamentales (excepto viveros) - Producidas al aire libre"
"858";"BOUGAINVILLEA";"NO";"SOC_CLND046";"Flores y plantas ornamentales (excepto viveros) - Producidas al aire libre"
"859";"CELINDA";"NO";"SOC_CLND046";"Flores y plantas ornamentales (excepto viveros) - Producidas al aire libre"
"860";"HIBISCUS";"NO";"SOC_CLND046";"Flores y plantas ornamentales (excepto viveros) - Producidas al aire libre"
"861";"ERICA";"NO";"SOC_CLND046";"Flores y plantas ornamentales (excepto viveros) - Producidas al aire libre"
"862";"GAYUBA";"NO";"SOC_CLND046";"Flores y plantas ornamentales (excepto viveros) - Producidas al aire libre"
"863";"PARTHENOCISSUS";"NO";"SOC_CLND046";"Flores y plantas ornamentales (excepto viveros) - Producidas al aire libre"
"864";"CISSUS";"NO";"SOC_CLND046";"Flores y plantas ornamentales (excepto viveros) - Producidas al aire libre"
"865";"AGAVE";"NO";"SOC_CLND046";"Flores y plantas ornamentales (excepto viveros) - Producidas al aire libre"
"866";"GUANÁBANO";"NO";"SOC_CLND058";"Frutas de zonas de clima subtropical y tropical"
"867";"ÁRBOL DE LA NUEZ DE MACADAMIA";"NO";"SOC_CLND058";"Frutas de zonas de clima subtropical y tropical"
"868";"HIERBA LIMÓN";"NO";"SOC_CLND034";"Plantas aromáticas, medicinales y culinarias"
"869";"CHAYOTE";"NO";"SOC_CLND044";"Hortalizas frescas (incluidos melones) y fresas - Horticultura comercial"
"870";"ANGÉLICA";"NO";"SOC_CLND034";"Plantas aromáticas, medicinales y culinarias"
"871";"RUDA";"NO";"SOC_CLND034";"Plantas aromáticas, medicinales y culinarias"
"872";"LEVÍSTICO";"NO";"SOC_CLND034";"Plantas aromáticas, medicinales y culinarias"
"873";"HELICHRYSUM";"NO";"SOC_CLND046";"Flores y plantas ornamentales (excepto viveros) - Producidas al aire libre"
"874";"CYCLAMEN";"NO";"SOC_CLND046";"Flores y plantas ornamentales (excepto viveros) - Producidas al aire libre"
"875";"GLADIOLUS";"NO";"SOC_CLND046";"Flores y plantas ornamentales (excepto viveros) - Producidas al aire libre"
"876";"HYACINTHUS";"NO";"SOC_CLND046";"Flores y plantas ornamentales (excepto viveros) - Producidas al aire libre"
"877";"LIRIO ARAÑA";"NO";"SOC_CLND046";"Flores y plantas ornamentales (excepto viveros) - Producidas al aire libre"
"878";"TULIPA";"NO";"SOC_CLND046";"Flores y plantas ornamentales (excepto viveros) - Producidas al aire libre"
"879";"NARCISSUS";"NO";"SOC_CLND046";"Flores y plantas ornamentales (excepto viveros) - Producidas al aire libre"
"880";"LILIUM";"NO";"SOC_CLND046";"Flores y plantas ornamentales (excepto viveros) - Producidas al aire libre"
"881";"VIOLA";"NO";"SOC_CLND046";"Flores y plantas ornamentales (excepto viveros) - Producidas al aire libre"
"882";"CHRYSANTHEMUM";"NO";"SOC_CLND046";"Flores y plantas ornamentales (excepto viveros) - Producidas al aire libre"
"883";"AGERATUM";"NO";"SOC_CLND046";"Flores y plantas ornamentales (excepto viveros) - Producidas al aire libre"
"884";"IMPATIENS";"NO";"SOC_CLND046";"Flores y plantas ornamentales (excepto viveros) - Producidas al aire libre"
"885";"LIRIO DE LOS VALLES";"NO";"SOC_CLND046";"Flores y plantas ornamentales (excepto viveros) - Producidas al aire libre"
"886";"TAGETES";"NO";"SOC_CLND046";"Flores y plantas ornamentales (excepto viveros) - Producidas al aire libre"
"887";"CAPUCHINA";"NO";"SOC_CLND046";"Flores y plantas ornamentales (excepto viveros) - Producidas al aire libre"
"888";"FICUS RABUDO";"NO";"SOC_CLND046";"Flores y plantas ornamentales (excepto viveros) - Producidas al aire libre"
"889";"FICUS BENJAMINA";"NO";"SOC_CLND046";"Flores y plantas ornamentales (excepto viveros) - Producidas al aire libre"
"890";"HIGUERA CAUCHERA";"NO";"SOC_CLND046";"Flores y plantas ornamentales (excepto viveros) - Producidas al aire libre"
"891";"FICUS DE HOJA DE VIOLÍN";"NO";"SOC_CLND046";"Flores y plantas ornamentales (excepto viveros) - Producidas al aire libre"
"892";"HIGUERA DE BAHÍA MORETÓN";"NO";"SOC_CLND046";"Flores y plantas ornamentales (excepto viveros) - Producidas al aire libre"
"893";"LAUREL DE INDIAS";"NO";"SOC_CLND046";"Flores y plantas ornamentales (excepto viveros) - Producidas al aire libre"
"894";"HIGUERA HERRUMBROSA";"NO";"SOC_CLND046";"Flores y plantas ornamentales (excepto viveros) - Producidas al aire libre"
"895";"CAMELIA JAPONESA";"NO";"SOC_CLND046";"Flores y plantas ornamentales (excepto viveros) - Producidas al aire libre"
"896";"CHEFLERA";"NO";"SOC_CLND046";"Flores y plantas ornamentales (excepto viveros) - Producidas al aire libre"
"897";"MIRTO";"NO";"SOC_CLND046";"Flores y plantas ornamentales (excepto viveros) - Producidas al aire libre"
"898";"ADELFA";"NO";"SOC_CLND046";"Flores y plantas ornamentales (excepto viveros) - Producidas al aire libre"
"899";"FLOR DE PASCUA";"NO";"SOC_CLND046";"Flores y plantas ornamentales (excepto viveros) - Producidas al aire libre"
"901";"MOSTAZA ETÍOPE";"NO";"SOC_CLND034";"Plantas aromáticas, medicinales y culinarias"
"902";"MOSTAZA CHINA";"NO";"SOC_CLND034";"Plantas aromáticas, medicinales y culinarias"
"904";"CROTALARIA JUNCEA";"NO";"SOC_CLND014";"Leguminosas y proteaginosas secas para la producción de grano (incluidas las semillas y las mezclas de cereales con leguminosas)"
"905";"PLATANERA";"NO";"SOC_CLND058";"Frutas de zonas de clima subtropical y tropical"
"906";"PIÑA";"NO";"SOC_CLND058";"Frutas de zonas de clima subtropical y tropical"
"907";"AZUFAIFO";"NO";"SOC_CLND057";"Frutas de hueso"
"908";"CARAMBOLO";"NO";"SOC_CLND058";"Frutas de zonas de clima subtropical y tropical"
"909";"NASHI";"NO";"SOC_CLND058";"Frutas de zonas de clima subtropical y tropical"
"910";"LITCHI";"NO";"SOC_CLND058";"Frutas de zonas de clima subtropical y tropical"
"911";"KUMQUAT";"NO";"SOC_CLND058";"Frutas de zonas de clima subtropical y tropical"
"912";"LIMEQUAT";"NO";"SOC_CLND058";"Frutas de zonas de clima subtropical y tropical"
"913";"MANO DE BUDA";"NO";"SOC_CLND058";"Frutas de zonas de clima subtropical y tropical"
"914";"CAVIAR CÍTRICO/ FINGER LIME";"NO";"SOC_CLND061";"Cítricos"
"915";"LIMA";"NO";"SOC_CLND061";"Cítricos"
"916";"KALE";"NO";"SOC_CLND044";"Hortalizas frescas (incluidos melones) y fresas - Horticultura comercial"
"918";"ARGÁN";"NO";"SOC_CLND057";"Frutas de hueso"
"919";"PITAYA";"NO";"SOC_CLND058";"Frutas de zonas de clima subtropical y tropical"
"920";"LONGAN";"NO";"SOC_CLND058";"Frutas de zonas de clima subtropical y tropical"
"921";"MANGOSTÁN";"NO";"SOC_CLND058";"Frutas de zonas de clima subtropical y tropical"
"922";"RAMBUTÁN";"NO";"SOC_CLND058";"Frutas de zonas de clima subtropical y tropical"
"923";"GUAYABO";"NO";"SOC_CLND058";"Frutas de zonas de clima subtropical y tropical"
"924";"ZAPOTE";"NO";"SOC_CLND058";"Frutas de zonas de clima subtropical y tropical"
"925";"ALFICOZ";"NO";"SOC_CLND044";"Hortalizas frescas (incluidos melones) y fresas - Horticultura comercial"
"926";"BATATA";"NO";"SOC_CLND044";"Hortalizas frescas (incluidos melones) y fresas - Horticultura comercial"
"927";"OKRA";"NO";"SOC_CLND044";"Hortalizas frescas (incluidos melones) y fresas - Horticultura comercial"
"928";"PHYSALIS";"NO";"SOC_CLND044";"Hortalizas frescas (incluidos melones) y fresas - Horticultura comercial"
"929";"RÚCULA";"NO";"SOC_CLND044";"Hortalizas frescas (incluidos melones) y fresas - Horticultura comercial"
"930";"SALICORNIA";"NO";"SOC_CLND048_083";"Otros cultivos de tierras arables n.c.o.p., inclusive en invernadero o bajo cubierta alta accesible"
"932";"PLANTAS ORNAMENTALES";"NO";"SOC_CLND046";"Flores y plantas ornamentales (excepto viveros) - Producidas al aire libre"
"933";"ÑAME";"NO";"SOC_CLND044";"Hortalizas frescas (incluidos melones) y fresas - Horticultura comercial"
"936";"TAGASASTE";"NO";"SOC_CLND071";"Otros cultivos permanentes"
"937";"CUERNECILLO";"NO";"SOC_CLND038";"Pastos y prados temporales"
"938";"FRESÓN";"NO";"SOC_CLND044";"Hortalizas frescas (incluidos melones) y fresas - Horticultura comercial"
"939";"ALMENDRO-OLIVAR";"SI";"SOC_CLND060";"Frutos de cáscara"
"939";"ALMENDRO-OLIVAR";"SI";"SOC_CLND069";"Aceitunas"
"940";"NARANJO-CAQUI";"SI";"SOC_CLND058";"Frutas de zonas de clima subtropical y tropical"
"940";"NARANJO-CAQUI";"SI";"SOC_CLND061";"Cítricos"
"941";"NARANJO-MANDARINO";"SI";"SOC_CLND061";"Cítricos"
"942";"NÍSPERO-CAQUI";"SI";"SOC_CLND058";"Frutas de zonas de clima subtropical y tropical"
"943";"PALMERA DATILERA";"NO";"SOC_CLND058";"Frutas de zonas de clima subtropical y tropical"
"944";"MARACUYÁ o FRUTO DE LA PASIÓN";"NO";"SOC_CLND058";"Frutas de zonas de clima subtropical y tropical"
"945";"MEZCLA AVENA-HABA";"NO";"SOC_CLND038";"Pastos y prados temporales"
"946";"MEZCLA AVENA-CEBADA-VEZA";"NO";"SOC_CLND038";"Pastos y prados temporales"
"947";"JOJOBA";"NO";"SOC_CLND071";"Otros cultivos permanentes"
"948";"CLEMENTINA-CAQUI";"SI";"SOC_CLND058";"Frutas de zonas de clima subtropical y tropical"
"948";"CLEMENTINA-CAQUI";"SI";"SOC_CLND061";"Cítricos"
"949";"SATSUMA-CAQUI";"SI";"SOC_CLND058";"Frutas de zonas de clima subtropical y tropical"
"949";"SATSUMA-CAQUI";"SI";"SOC_CLND061";"Cítricos"
"950";"CÚRCUMA";"NO";"SOC_CLND034";"Plantas aromáticas, medicinales y culinarias"
"951";"JENGIBRE";"NO";"SOC_CLND034";"Plantas aromáticas, medicinales y culinarias"
"952";"COL PICUDA";"NO";"SOC_CLND044";"Hortalizas frescas (incluidos melones) y fresas - Horticultura comercial"
"953";"MEZCLA PRATENSES CON PREDOMINANCIA CULTIVOS FIJADORES NITROGENO";"NO";"SOC_CLND041_042";"Otros cultivos y cereales (excepto maíz) cosechados en verde n.c.o.p."
"954";"MEZCLA VEZA-GUISANTE-TRÉBOL";"NO";"SOC_CLND041_042";"Otros cultivos y cereales (excepto maíz) cosechados en verde n.c.o.p."
"955";"YUZU";"NO";"SOC_CLND061";"Cítricos"
"956";"MEZCLA TRITICALE-GUISANTE";"NO";"SOC_CLND014";"Leguminosas y proteaginosas secas para la producción de grano (incluidas las semillas y las mezclas de cereales con leguminosas)"
"957";"JUDÍA MUNGO";"NO";"SOC_CLND014";"Leguminosas y proteaginosas secas para la producción de grano (incluidas las semillas y las mezclas de cereales con leguminosas)"
"958";"MEZCLA TRITICALE-CEBADA";"NO";"SOC_CLND008";"Avena y mezclas de cereales de primavera (mezcla de cereales distintos del tranquillón)"
"959";"MEZCLA RAYGRASS";"NO";"SOC_CLND041_042";"Otros cultivos y cereales (excepto maíz) cosechados en verde n.c.o.p."
"960";"JAZMÍN DEL CABO";"NO";"SOC_CLND046";"Flores y plantas ornamentales (excepto viveros) - Producidas al aire libre"
"961";"AJO PUERRO";"NO";"SOC_CLND044";"Hortalizas frescas (incluidos melones) y fresas - Horticultura comercial"
"962";"HERNIARIA";"NO";"SOC_CLND034";"Plantas aromáticas, medicinales y culinarias"
"963";"CALABAZA SERPIENTE";"NO";"SOC_CLND044";"Hortalizas frescas (incluidos melones) y fresas - Horticultura comercial"
"964";"GUAYULE";"NO";"SOC_CLND046";"Flores y plantas ornamentales (excepto viveros) - Producidas al aire libre"
"965";"CEREZO JAPONÉS";"NO";"SOC_CLND046";"Flores y plantas ornamentales (excepto viveros) - Producidas al aire libre"
"966";"CIRUELO MIROBÁLANO";"NO";"SOC_CLND046";"Flores y plantas ornamentales (excepto viveros) - Producidas al aire libre"
"967";"ALMENDRO DE FLOR";"NO";"SOC_CLND046";"Flores y plantas ornamentales (excepto viveros) - Producidas al aire libre"
"968";"CEREZO RASTRERO";"NO";"SOC_CLND046";"Flores y plantas ornamentales (excepto viveros) - Producidas al aire libre"
"969";"CEREZO ALISO";"NO";"SOC_CLND046";"Flores y plantas ornamentales (excepto viveros) - Producidas al aire libre"
"970";"LAUREL CEREZO";"NO";"SOC_CLND046";"Flores y plantas ornamentales (excepto viveros) - Producidas al aire libre"
"971";"LAUREL DE PORTUGAL";"NO";"SOC_CLND046";"Flores y plantas ornamentales (excepto viveros) - Producidas al aire libre"
"972";"MANZANO SILVESTRE JAPONÉS";"NO";"SOC_CLND046";"Flores y plantas ornamentales (excepto viveros) - Producidas al aire libre"
"973";"MANZANO ROJO";"NO";"SOC_CLND046";"Flores y plantas ornamentales (excepto viveros) - Producidas al aire libre"
"974";"MANZANO SILVESTRE AMERICANO";"NO";"SOC_CLND046";"Flores y plantas ornamentales (excepto viveros) - Producidas al aire libre"
"975";"MANZANO SILVESTRE CHINO";"NO";"SOC_CLND046";"Flores y plantas ornamentales (excepto viveros) - Producidas al aire libre"
"976";"MANZANO DE ADORNO";"NO";"SOC_CLND046";"Flores y plantas ornamentales (excepto viveros) - Producidas al aire libre"
"977";"MANZANO SILVESTRE";"NO";"SOC_CLND046";"Flores y plantas ornamentales (excepto viveros) - Producidas al aire libre"
"978";"PERAL SILVESTRE";"NO";"SOC_CLND046";"Flores y plantas ornamentales (excepto viveros) - Producidas al aire libre"
"979";"PIRUÉTANO";"NO";"SOC_CLND046";"Flores y plantas ornamentales (excepto viveros) - Producidas al aire libre"
"980";"PERAL DE CALLERY";"NO";"SOC_CLND046";"Flores y plantas ornamentales (excepto viveros) - Producidas al aire libre"
"981";"PERAL DE HOJAS DE SAUCE";"NO";"SOC_CLND046";"Flores y plantas ornamentales (excepto viveros) - Producidas al aire libre"
"982";"PERAL DE REGEL";"NO";"SOC_CLND046";"Flores y plantas ornamentales (excepto viveros) - Producidas al aire libre"
"985";"HIERBA SALADA";"NO";"SOC_CLND046";"Flores y plantas ornamentales (excepto viveros) - Producidas al aire libre"
"986";"VARA DE ORO EUROPEA";"NO";"SOC_CLND046";"Flores y plantas ornamentales (excepto viveros) - Producidas al aire libre"
"987";"ESPONJA VEGETAL";"NO";"SOC_CLND031";"Otros cultivos fibrosos n.c.o.p."
"988";"MEZCLA BRACHIPODIUM-TRÉBOL";"NO";"SOC_CLND041_042";"Otros cultivos y cereales (excepto maíz) cosechados en verde n.c.o.p."
"989";"MEZCLA LINO-BRACHYPODIUM";"NO";"SOC_CLND038";"Pastos y prados temporales"
"990";"MEZCLA CEREAL-VEZA";"NO";"SOC_CLND041_042";"Otros cultivos y cereales (excepto maíz) cosechados en verde n.c.o.p."
"991";"ÍNDIGO";"NO";"SOC_CLND035_036";"Cultivos energéticos y otros cultivos industriales n.c.o.p."
"992";"HÍBRIDOS DE ACTINIDIA CHINENSIS Y DELICIOSA";"NO";"SOC_CLND058";"Frutas de zonas de clima subtropical y tropical"
"993";"HÍBRIDOS DE ACTINIDIA CHINENSIS Y ERIANTHA";"NO";"SOC_CLND058";"Frutas de zonas de clima subtropical y tropical"
"994";"PUMMELO";"NO";"SOC_CLND061";"Cítricos"
"995";"HÍBRIDOS DE CITRUS MÁXIMA Y RETICULATA";"NO";"SOC_CLND061";"Cítricos"
"996";"MEZCLA DE VEZA - YEROS";"NO";"SOC_CLND039";"Leguminosas cosechadas en verde"
"997";"MEZCLA DE VEZA - TITARROS";"NO";"SOC_CLND039";"Leguminosas cosechadas en verde"
"998";"MEZCLA VEZA-GUISANTE-AVENA";"NO";"SOC_CLND038";"Pastos y prados temporales"
"999";"MEZCLA VEZA-MOSTAZA";"NO";"SOC_CLND038";"Pastos y prados temporales"
"1000";"MEZCLA AVENA-TREBOL";"NO";"SOC_CLND038";"Pastos y prados temporales"
"1001";"MANDARINO-AGUACATE";"SI";"SOC_CLND058";"Frutas de zonas de clima subtropical y tropical"
"1001";"MANDARINO-AGUACATE";"SI";"SOC_CLND061";"Cítricos"
"1002";"ALGARROBO-OLIVAR";"SI";"SOC_CLND060";"Frutos de cáscara"
"1002";"ALGARROBO-OLIVAR";"SI";"SOC_CLND069";"Aceitunas"
"1003";"MEZCLA ALBERJÓN-AVENA";"NO";"SOC_CLND038";"Pastos y prados temporales"
"1004";"MEZCLA ALHOLVA-AVENA";"NO";"SOC_CLND038";"Pastos y prados temporales"
