"Código SIEX";"Aprovechamiento";"Uso SIGPAC";"Descripción";Fecha de alta;Fecha de modificación;Fecha de baja
"1";"Subproductos Pastables";"CF";"Asociación Cítricos-Frutales";20/05/2026;20/05/2026;
"1";"Subproductos Pastables";"CI";"CITRICOS";20/05/2026;20/05/2026;
"1";"Subproductos Pastables";"CS";"Asociación Cítricos-Frutales de cáscara";20/05/2026;20/05/2026;
"1";"Subproductos Pastables";"CV";"Asociación Cítricos-Viñedo";20/05/2026;20/05/2026;
"1";"Subproductos Pastables";"EP";"ELEMENTO DEL PAISAJE";20/05/2026;20/05/2026;
"1";"Subproductos Pastables";"FF";"Asociación Frutales-Frutales de cáscara";20/05/2026;20/05/2026;
"1";"Subproductos Pastables";"FL";"FRUTOS SECOS Y OLIVAR";20/05/2026;20/05/2026;
"1";"Subproductos Pastables";"FS";"FRUTOS SECOS";20/05/2026;20/05/2026;
"1";"Subproductos Pastables";"FV";"FRUTOS SECOS Y VIÑEDO";20/05/2026;20/05/2026;
"1";"Subproductos Pastables";"FY";"FRUTALES";20/05/2026;20/05/2026;
"1";"Subproductos Pastables";"IV";"INVERNADEROS Y CULTIVOS BAJO PLASTICO";20/05/2026;20/05/2026;
"1";"Subproductos Pastables";"OC";"Asociación Olivar-Cítricos";20/05/2026;20/05/2026;
"1";"Subproductos Pastables";"OF";"OLIVAR -  FRUTAL";20/05/2026;20/05/2026;
"1";"Subproductos Pastables";"OV";"OLIVAR";20/05/2026;20/05/2026;
"1";"Subproductos Pastables";"TA";"TIERRAS ARABLES";20/05/2026;20/05/2026;
"1";"Subproductos Pastables";"TH";"HUERTA";20/05/2026;20/05/2026;
"1";"Subproductos Pastables";"VF";"VIÑEDO - FRUTAL";20/05/2026;20/05/2026;
"1";"Subproductos Pastables";"VI";"VIÑEDO";20/05/2026;20/05/2026;
"1";"Subproductos Pastables";"VO";"VIÑEDO - OLIVAR";20/05/2026;20/05/2026;
"1";"Subproductos Pastables";"ZC";"ZONA CONCENTRADA NO INCLUIDA EN LA ORTOF";20/05/2026;20/05/2026;
"2";"Forestal de la dehesa (vuelo)";"PA";"PASTO CON ARBOLADO";20/05/2026;20/05/2026;
"2";"Forestal de la dehesa (vuelo)";"PR";"PASTO ARBUSTIVO";20/05/2026;20/05/2026;
"2";"Forestal de la dehesa (vuelo)";"PS";"PASTIZAL";20/05/2026;20/05/2026;
"2";"Forestal de la dehesa (vuelo)";"TA";"TIERRAS ARABLES";20/05/2026;20/05/2026;
"4";"Cinegético ";"CF";"Asociación Cítricos-Frutales";20/05/2026;20/05/2026;
"4";"Cinegético ";"CI";"CITRICOS";20/05/2026;20/05/2026;
"4";"Cinegético ";"CS";"Asociación Cítricos-Frutales de cáscara";20/05/2026;20/05/2026;
"4";"Cinegético ";"CV";"Asociación Cítricos-Viñedo";20/05/2026;20/05/2026;
"4";"Cinegético ";"EP";"ELEMENTO DEL PAISAJE";20/05/2026;20/05/2026;
"4";"Cinegético ";"FF";"Asociación Frutales-Frutales de cáscara";20/05/2026;20/05/2026;
"4";"Cinegético ";"FL";"FRUTOS SECOS Y OLIVAR";20/05/2026;20/05/2026;
"4";"Cinegético ";"FO";"FORESTAL";20/05/2026;20/05/2026;
"4";"Cinegético ";"FS";"FRUTOS SECOS";20/05/2026;20/05/2026;
"4";"Cinegético ";"FV";"FRUTOS SECOS Y VIÑEDO";20/05/2026;20/05/2026;
"4";"Cinegético ";"FY";"FRUTALES";20/05/2026;20/05/2026;
"4";"Cinegético ";"OC";"Asociación Olivar-Cítricos";20/05/2026;20/05/2026;
"4";"Cinegético ";"OF";"OLIVAR -  FRUTAL";20/05/2026;20/05/2026;
"4";"Cinegético ";"OP";"Otros cultivos Permanentes";20/05/2026;20/05/2026;
"4";"Cinegético ";"OV";"OLIVAR";20/05/2026;20/05/2026;
"4";"Cinegético ";"PA";"PASTO CON ARBOLADO";20/05/2026;20/05/2026;
"4";"Cinegético ";"PR";"PASTO ARBUSTIVO";20/05/2026;20/05/2026;
"4";"Cinegético ";"PS";"PASTIZAL";20/05/2026;20/05/2026;
"4";"Cinegético ";"TA";"TIERRAS ARABLES";20/05/2026;20/05/2026;
"4";"Cinegético ";"TH";"HUERTA";20/05/2026;20/05/2026;
"4";"Cinegético ";"VF";"VIÑEDO - FRUTAL";20/05/2026;20/05/2026;
"4";"Cinegético ";"VI";"VIÑEDO";20/05/2026;20/05/2026;
"4";"Cinegético ";"VO";"VIÑEDO - OLIVAR";20/05/2026;20/05/2026;
"5";"Ni agrario ni forestal";"AG";"CORRIENTES Y SUPERFICIES DE AGUA";20/05/2026;20/05/2026;
"5";"Ni agrario ni forestal";"CA";"VIALES";20/05/2026;20/05/2026;
"5";"Ni agrario ni forestal";"CF";"Asociación Cítricos-Frutales";20/05/2026;20/05/2026;
"5";"Ni agrario ni forestal";"CI";"CITRICOS";20/05/2026;20/05/2026;
"5";"Ni agrario ni forestal";"CS";"Asociación Cítricos-Frutales de cáscara";20/05/2026;20/05/2026;
"5";"Ni agrario ni forestal";"CV";"Asociación Cítricos-Viñedo";20/05/2026;20/05/2026;
"5";"Ni agrario ni forestal";"ED";"EDIFICACIONES";20/05/2026;20/05/2026;
"5";"Ni agrario ni forestal";"EP";"ELEMENTO DEL PAISAJE";20/05/2026;20/05/2026;
"5";"Ni agrario ni forestal";"FF";"Asociación Frutales-Frutales de cáscara";20/05/2026;20/05/2026;
"5";"Ni agrario ni forestal";"FL";"FRUTOS SECOS Y OLIVAR";20/05/2026;20/05/2026;
"5";"Ni agrario ni forestal";"FO";"FORESTAL";20/05/2026;20/05/2026;
"5";"Ni agrario ni forestal";"FS";"FRUTOS SECOS";20/05/2026;20/05/2026;
"5";"Ni agrario ni forestal";"FV";"FRUTOS SECOS Y VIÑEDO";20/05/2026;20/05/2026;
"5";"Ni agrario ni forestal";"FY";"FRUTALES";20/05/2026;20/05/2026;
"5";"Ni agrario ni forestal";"IM";"IMPRODUCTIVOS";20/05/2026;20/05/2026;
"5";"Ni agrario ni forestal";"IV";"INVERNADEROS Y CULTIVOS BAJO PLASTICO";20/05/2026;20/05/2026;
"5";"Ni agrario ni forestal";"MT";"MATORRAL";20/05/2026;20/05/2026;
"5";"Ni agrario ni forestal";"OC";"Asociación Olivar-Cítricos";20/05/2026;20/05/2026;
"5";"Ni agrario ni forestal";"OF";"OLIVAR -  FRUTAL";20/05/2026;20/05/2026;
"5";"Ni agrario ni forestal";"OP";"Otros cultivos Permanentes";20/05/2026;20/05/2026;
"5";"Ni agrario ni forestal";"OV";"OLIVAR";20/05/2026;20/05/2026;
"5";"Ni agrario ni forestal";"PA";"PASTO CON ARBOLADO";20/05/2026;20/05/2026;
"5";"Ni agrario ni forestal";"PR";"PASTO ARBUSTIVO";20/05/2026;20/05/2026;
"5";"Ni agrario ni forestal";"PS";"PASTIZAL";20/05/2026;20/05/2026;
"5";"Ni agrario ni forestal";"TA";"TIERRAS ARABLES";20/05/2026;20/05/2026;
"5";"Ni agrario ni forestal";"TH";"HUERTA";20/05/2026;20/05/2026;
"5";"Ni agrario ni forestal";"VF";"VIÑEDO - FRUTAL";20/05/2026;20/05/2026;
"5";"Ni agrario ni forestal";"VI";"VIÑEDO";20/05/2026;20/05/2026;
"5";"Ni agrario ni forestal";"VO";"VIÑEDO - OLIVAR";20/05/2026;20/05/2026;
"5";"Ni agrario ni forestal";"ZC";"ZONA CONCENTRADA NO INCLUIDA EN LA ORTOF";20/05/2026;20/05/2026;
"5";"Ni agrario ni forestal";"ZU";"ZONA URBANA";20/05/2026;20/05/2026;
"5";"Ni agrario ni forestal";"ZV";"ZONA CENSURADA";20/05/2026;20/05/2026;
"6";"Frutales en prados de siega";"PS";"PASTIZAL";20/05/2026;20/05/2026;
"7";"Actividad agraria realizada por un tercero";"AG";"CORRIENTES Y SUPERFICIES DE AGUA";20/05/2026;20/05/2026;
"7";"Actividad agraria realizada por un tercero";"CA";"VIALES";20/05/2026;20/05/2026;
"7";"Actividad agraria realizada por un tercero";"CF";"Asociación Cítricos-Frutales";20/05/2026;20/05/2026;
"7";"Actividad agraria realizada por un tercero";"CI";"CITRICOS";20/05/2026;20/05/2026;
"7";"Actividad agraria realizada por un tercero";"CS";"Asociación Cítricos-Frutales de cáscara";20/05/2026;20/05/2026;
"7";"Actividad agraria realizada por un tercero";"CV";"Asociación Cítricos-Viñedo";20/05/2026;20/05/2026;
"7";"Actividad agraria realizada por un tercero";"ED";"EDIFICACIONES";20/05/2026;20/05/2026;
"7";"Actividad agraria realizada por un tercero";"EP";"ELEMENTO DEL PAISAJE";20/05/2026;20/05/2026;
"7";"Actividad agraria realizada por un tercero";"FF";"Asociación Frutales-Frutales de cáscara";20/05/2026;20/05/2026;
"7";"Actividad agraria realizada por un tercero";"FL";"FRUTOS SECOS Y OLIVAR";20/05/2026;20/05/2026;
"7";"Actividad agraria realizada por un tercero";"FO";"FORESTAL";20/05/2026;20/05/2026;
"7";"Actividad agraria realizada por un tercero";"FS";"FRUTOS SECOS";20/05/2026;20/05/2026;
"7";"Actividad agraria realizada por un tercero";"FV";"FRUTOS SECOS Y VIÑEDO";20/05/2026;20/05/2026;
"7";"Actividad agraria realizada por un tercero";"FY";"FRUTALES";20/05/2026;20/05/2026;
"7";"Actividad agraria realizada por un tercero";"IM";"IMPRODUCTIVOS";20/05/2026;20/05/2026;
"7";"Actividad agraria realizada por un tercero";"IV";"INVERNADEROS Y CULTIVOS BAJO PLASTICO";20/05/2026;20/05/2026;
"7";"Actividad agraria realizada por un tercero";"MT";"MATORRAL";20/05/2026;20/05/2026;
"7";"Actividad agraria realizada por un tercero";"OC";"Asociación Olivar-Cítricos";20/05/2026;20/05/2026;
"7";"Actividad agraria realizada por un tercero";"OF";"OLIVAR -  FRUTAL";20/05/2026;20/05/2026;
"7";"Actividad agraria realizada por un tercero";"OP";"Otros cultivos Permanentes";20/05/2026;20/05/2026;
"7";"Actividad agraria realizada por un tercero";"OV";"OLIVAR";20/05/2026;20/05/2026;
"7";"Actividad agraria realizada por un tercero";"PA";"PASTO CON ARBOLADO";20/05/2026;20/05/2026;
"7";"Actividad agraria realizada por un tercero";"PR";"PASTO ARBUSTIVO";20/05/2026;20/05/2026;
"7";"Actividad agraria realizada por un tercero";"PS";"PASTIZAL";20/05/2026;20/05/2026;
"7";"Actividad agraria realizada por un tercero";"TA";"TIERRAS ARABLES";20/05/2026;20/05/2026;
"7";"Actividad agraria realizada por un tercero";"TH";"HUERTA";20/05/2026;20/05/2026;
"7";"Actividad agraria realizada por un tercero";"VF";"VIÑEDO - FRUTAL";20/05/2026;20/05/2026;
"7";"Actividad agraria realizada por un tercero";"VI";"VIÑEDO";20/05/2026;20/05/2026;
"7";"Actividad agraria realizada por un tercero";"VO";"VIÑEDO - OLIVAR";20/05/2026;20/05/2026;
"7";"Actividad agraria realizada por un tercero";"ZC";"ZONA CONCENTRADA NO INCLUIDA EN LA ORTOF";20/05/2026;20/05/2026;
"7";"Actividad agraria realizada por un tercero";"ZU";"ZONA URBANA";20/05/2026;20/05/2026;
"7";"Actividad agraria realizada por un tercero";"ZV";"ZONA CENSURADA";20/05/2026;20/05/2026;
