"Código SIEX";"Forma jurídica";"Descripción";Fecha de alta;Fecha de modificación;Fecha de baja
"1";"SAT";"Entidad asociativa de naturaleza civil constituida por titulares de explotaciones o trabajadores del sector agrario para desarrollar en común actividades de producción, transformación, mejora o comercialización de productos agrarios, así como la prestación de servicios vinculados a la explotación. Normativa: Ley 20/1990, de 19 de diciembre; Real Decreto 1776/1981, de 3 de agosto.";01/02/2023;27/05/2026;
"2";"Cooperativa agroalimentaria";"Entidad integrada por productores del sector agrario que se organizan de forma conjunta para realizar actividades económicas relacionadas con la obtención, transformación, almacenamiento o comercialización de productos agrarios, así como la prestación de servicios comunes, bajo principios de gestión democrática y participación económica de sus miembros. Normativa: Ley 27/1999, de 16 de julio, de Cooperativas, y legislación autonómica aplicable.";01/02/2023;27/05/2026;
"3";"Sociedad civil sin objeto mercantil";"Acuerdo privado entre dos o más personas que aportan bienes o trabajo para el ejercicio en común de una actividad agraria sin finalidad mercantil, manteniendo una gestión compartida y respondiendo personalmente de las obligaciones contraídas. Normativa: Artículos 1665 a 1708 del Código Civil.";01/02/2023;27/05/2026;
"4";"Comunidad de bienes";"Situación jurídica en la que varias personas comparten la propiedad de una explotación agraria o de los bienes que la integran, ejerciendo conjuntamente los derechos y obligaciones derivados de su gestión, sin que exista personalidad jurídica propia. Normativa: Artículos 392 a 406 del Código Civil.";01/02/2023;27/05/2026;
"5";"Otras personas jurídicas";"Entidades con personalidad jurídica distinta de las formas agrarias específicas, que pueden ser titulares de explotaciones agrarias conforme a su objeto y fines, tales como fundaciones, consorcios u otras entidades legalmente constituidas. Normativa: Normativa específica de cada tipo de entidad (por ejemplo, Ley 50/2002, de Fundaciones).";01/02/2023;27/05/2026;
"6";"Herencia yacente";"Conjunto patrimonial integrado por los bienes, derechos y obligaciones de una persona fallecida, que puede continuar la explotación agraria hasta que se produzca la aceptación y adjudicación de la herencia a los herederos. Normativa: Artículos 659, 661 y concordantes del Código Civil.";01/02/2023;27/05/2026;
"7";"Persona física";"Titular individual que ejerce directamente la actividad agraria, asumiendo la gestión, los riesgos económicos y las obligaciones derivadas de la explotación. Normativa: Código Civil; Ley 19/1995, de 4 de julio, de Modernización de las Explotaciones Agrarias.";01/02/2023;27/05/2026;
"8";"Cooperativa Uso en común de la tierra";"Entidad formada por personas que aportan tierras, derechos de uso u otros medios de producción para su explotación conjunta, gestionando de forma colectiva la actividad agraria y distribuyendo los resultados conforme a las normas internas. Normativa: Ley 27/1999, de 16 de julio, de Cooperativas.";01/02/2023;27/05/2026;
"9";"Cooperativa trabajo asociado";"Entidad en la que las personas socias aportan principalmente su trabajo personal para el desarrollo de la actividad agraria, participando de forma directa en la gestión y en los resultados económicos de la explotación. Normativa: Ley 27/1999, de 16 de julio, de Cooperativas.";01/02/2023;27/05/2026;
"10";"Cooperativa de otro tipo";"Entidad de base asociativa vinculada al sector agrario que, por su objeto o funcionamiento, no encaja en las categorías específicas anteriores, desarrollando actividades económicas o de servicios relacionadas con la explotación agraria. Normativa: Ley 27/1999, de 16 de julio, de Cooperativas.";01/02/2023;27/05/2026;
"11";"Sociedad civil con objeto mercantil";"Entidad constituida mediante contrato privado que desarrolla una actividad económica agraria con carácter mercantil, actuando de forma conjunta y siendo considerada sujeto pasivo del Impuesto sobre Sociedades. Normativa: Código Civil; Ley 27/2014, de 27 de noviembre, del Impuesto sobre Sociedades.";01/02/2023;27/05/2026;
"12";"Sociedad mercantil";"Entidad con personalidad jurídica propia y ánimo de lucro que realiza una actividad agraria organizada empresarialmente, asumiendo derechos y obligaciones de forma independiente a sus socios. Normativa: Código de Comercio; Real Decreto Legislativo 1/2010, de 2 de julio, Ley de Sociedades de Capital.";01/02/2023;27/05/2026;
"13";"Titularidad compartida";"Régimen jurídico que permite a dos personas gestionar conjuntamente una explotación agraria, compartiendo derechos, responsabilidades, rendimientos y ayudas públicas, con reconocimiento individual de su actividad profesional. Normativa: Ley 35/2011, de 4 de octubre, sobre titularidad compartida de las explotaciones agrarias.";01/02/2023;27/05/2026;
"14";"Otra agrupación de personas fisicas";"Forma de gestión conjunta de una explotación agraria por varias personas sin encajar en figuras jurídicas específicas, basada en acuerdos privados y con responsabilidad directa de sus integrantes. Normativa: Código Civil y normativa agraria aplicable.";01/02/2023;27/05/2026;
"15";"Sociedad limitada";"Entidad con personalidad jurídica propia en la que la responsabilidad de los socios se limita al capital aportado, utilizada para el ejercicio de actividades agrarias con estructura empresarial. Normativa: Real Decreto Legislativo 1/2010, de 2 de julio, Ley de Sociedades de Capital.";01/02/2023;27/05/2026;
"16";"Sociedad anónima";"Entidad mercantil cuyo capital está dividido en acciones y en la que los socios no responden personalmente de las deudas sociales, aplicable también a explotaciones agrarias de mayor dimensión económica. Normativa: Real Decreto Legislativo 1/2010, de 2 de julio, Ley de Sociedades de Capital.";01/02/2023;27/05/2026;
"17";"Administración";"Entidad perteneciente al sector público que puede ser titular de explotaciones agrarias con fines de gestión patrimonial, investigación, formación o interés público. Normativa: Ley 40/2015, de 1 de octubre, de Régimen Jurídico del Sector Público.";01/02/2023;27/05/2026;
"18";"Asociación ";"Entidad sin ánimo de lucro constituida por varias personas para la consecución de fines comunes, que puede ser titular de explotaciones agrarias siempre que la actividad esté alineada con sus fines estatutarios. Normativa: Ley Orgánica 1/2002, de 22 de marzo, reguladora del Derecho de Asociación.";01/02/2023;27/05/2026;
"19";"Sociedad Rural Menorquina (SMR) con objeto mercantil";"Forma societaria propia del derecho civil balear destinada al ejercicio de actividades agrarias con finalidad mercantil, regulada como una organización estable para la explotación económica de fincas rústicas. Normativa: Decreto Legislativo 79/1990, Compilación del Derecho Civil de las Illes Balears.";20/12/2024;27/05/2026;
"20";"Sociedad Rural Menorquina (SMR) sin objeto mercantil";"Entidad tradicional del ámbito rural menorquín orientada a la gestión y aprovechamiento de explotaciones agrarias sin finalidad mercantil, basada en la colaboración entre sus miembros. Normativa: Decreto Legislativo 79/1990, Compilación del Derecho Civil de las Illes Balears.";20/12/2024;27/05/2026;
